seed,time,offload_decision_count,return_route_count,rb_task_count,rb_total,rb_mean_per_task,cpu_task_count,cpu_total_alloc,cpu_mean_alloc,uav_command_count,uav_speed_mean,uav_angle_sin_mean,uav_angle_cos_mean,uav_phi_mean
0,0.1,0.0,0.0,0.0,0.0,0.0,0.0,0.0,0.0,2,21.80671044857253,-0.6589461609608387,-0.7520365271690177,0.0
0,0.2,0.0,0.0,0.0,0.0,0.0,0.0,0.0,0.0,2,24.953011832609636,-0.05595924462970642,-0.1719265987326495,0.0
0,0.3,0.0,0.0,0.0,0.0,0.0,0.0,0.0,0.0,2,24.339211225187448,-0.16289395098277612,0.09038043289769138,0.0
0,0.4,1.0,0.0,1.0,50.0,50.0,1.0,10.0,10.0,2,20.84437507394704,-0.2867504937132796,0.9544950969287326,0.0
0,0.5,0.0,0.0,0.0,0.0,0.0,0.0,0.0,0.0,2,14.575612273954434,0.36084999604870466,0.07037069223604903,0.0
0,0.6,0.0,0.0,0.0,0.0,0.0,0.0,0.0,0.0,2,20.05335937262482,-0.38064259687469515,0.22020345465688462,0.0
0,0.7,0.0,0.0,0.0,0.0,0.0,0.0,0.0,0.0,2,20.14272155384962,0.13134242638399418,0.9432978103377945,0.0
0,0.8,1.0,0.0,1.0,50.0,50.0,1.0,10.0,10.0,2,28.21255561178056,-0.07071130108652668,0.2858606881115667,0.0
0,0.9,0.0,0.0,0.0,0.0,0.0,0.0,0.0,0.0,2,19.318959751826792,-0.12525096125950128,0.9567836885434451,-0.0386660985920256
0,1.0,0.0,0.0,0.0,0.0,0.0,0.0,0.0,0.0,2,19.809175211665334,0.06430473528032182,0.032489386500330175,-0.0386660985920256
0,1.1,0.0,0.0,0.0,0.0,0.0,0.0,0.0,0.0,2,21.165915423806396,-0.15477032403045715,-0.03719732172725149,-0.0386660985920256
0,1.2,0.0,0.0,0.0,0.0,0.0,0.0,0.0,0.0,2,20.881131977333713,-0.036121821856352515,0.9361974503475432,-0.0386660985920256
0,1.3,0.0,0.0,0.0,0.0,0.0,0.0,0.0,0.0,2,18.48623513999366,-0.10924075403472469,0.9543380493317366,-0.03866609859202555
0,1.4,0.0,0.0,0.0,0.0,0.0,0.0,0.0,0.0,2,20.150435085784046,-0.6036613125162645,0.7462129788119152,-0.03866609859202555
0,1.5,0.0,0.0,0.0,0.0,0.0,0.0,0.0,0.0,2,13.129643443326525,-0.1387551572954276,-0.035718272056989464,-0.03866609859202555
0,1.6,0.0,0.0,0.0,0.0,0.0,0.0,0.0,0.0,2,19.497816038665352,0.29427488348510283,0.5745791698142692,-0.03866609859202555
0,1.7,0.0,0.0,0.0,0.0,0.0,0.0,0.0,0.0,2,20.113231002408273,-0.34643647214147366,-0.014431500491299154,-0.03866609859202555
0,1.8,1.0,0.0,1.0,50.0,50.0,1.0,10.0,10.0,2,18.677549911516397,-0.4931507331818047,0.86104893235384,-0.03866609859202555
0,1.9,0.0,0.0,0.0,0.0,0.0,0.0,0.0,0.0,2,15.306118689262199,0.12557758808871938,0.07577457515576852,-0.03866609859202555
0,2.0,0.0,0.0,0.0,0.0,0.0,0.0,0.0,0.0,2,15.430152122945797,0.29558420710793515,0.35392648702891594,-0.0386660985920256
0,2.1,0.0,0.0,0.0,0.0,0.0,0.0,0.0,0.0,2,27.568086271887477,-0.09382939787835194,-0.0287604572692558,-0.07135834319298046
0,2.2,0.0,0.0,0.0,0.0,0.0,0.0,0.0,0.0,2,18.4206516967052,-0.09382939787835194,-0.0287604572692558,-0.07135834319298046
0,2.3,0.0,0.0,0.0,0.0,0.0,0.0,0.0,0.0,2,20.24599846869682,0.3033651836310936,0.523664579805861,-0.1455487749331415
0,2.4,0.0,0.0,0.0,0.0,0.0,0.0,0.0,0.0,2,16.79157104499739,0.30336518363109355,0.5236645798058612,-0.1455487749331415
0,2.5,0.0,0.0,0.0,0.0,0.0,0.0,0.0,0.0,2,22.439937390786028,0.30336518363109355,0.5236645798058612,-0.1455487749331415
0,2.6,0.0,0.0,0.0,0.0,0.0,0.0,0.0,0.0,2,25.773886521551823,0.30336518363109355,0.5236645798058613,-0.1455487749331415
0,2.7,0.0,0.0,0.0,0.0,0.0,0.0,0.0,0.0,2,16.753000333445797,0.30336518363109355,0.5236645798058615,-0.1455487749331415
0,2.8,0.0,0.0,0.0,0.0,0.0,0.0,0.0,0.0,2,18.586624679998877,0.30336518363109355,0.5236645798058616,-0.1455487749331415
0,2.9,0.0,0.0,0.0,0.0,0.0,0.0,0.0,0.0,2,16.71233147502299,0.30336518363109355,0.5236645798058617,-0.1455487749331415
0,3.0,0.0,0.0,0.0,0.0,0.0,0.0,0.0,0.0,2,20.804224422662834,0.30336518363109355,0.5236645798058616,-0.1455487749331415
0,3.1,0.0,0.0,0.0,0.0,0.0,0.0,0.0,0.0,2,14.921318756756284,0.30336518363109355,0.5236645798058615,-0.14554877493314144
0,3.2,0.0,0.0,0.0,0.0,0.0,0.0,0.0,0.0,2,14.169134955695336,0.30336518363109355,0.5236645798058613,-0.1455487749331415
0,3.3,0.0,0.0,0.0,0.0,0.0,0.0,0.0,0.0,2,20.148387312366467,0.30336518363109355,0.5236645798058613,-0.14554877493314156
0,3.4,0.0,0.0,0.0,0.0,0.0,0.0,0.0,0.0,2,18.725769198243484,0.3033651836310936,0.5236645798058612,-0.14554877493314144
0,3.5,0.0,0.0,0.0,0.0,0.0,0.0,0.0,0.0,2,23.8931429386449,0.3033651836310936,0.5236645798058612,-0.14554877493314144
0,3.6,0.0,0.0,0.0,0.0,0.0,0.0,0.0,0.0,2,25.115998359956528,0.30336518363109355,0.5236645798058613,-0.1455487749331415
0,3.7,0.0,0.0,0.0,0.0,0.0,0.0,0.0,0.0,2,28.160201445894046,0.3033651836310936,0.5236645798058612,-0.14554877493314144
0,3.8,0.0,0.0,0.0,0.0,0.0,0.0,0.0,0.0,2,25.22919248796496,0.30336518363109355,0.5236645798058612,-0.14554877493314156
0,3.9,1.0,0.0,1.0,50.0,50.0,1.0,10.0,10.0,2,22.584979301002708,0.3033651836310936,0.5236645798058612,-0.14554877493314144
0,4.0,0.0,0.0,0.0,0.0,0.0,0.0,0.0,0.0,2,19.541187986610474,0.30336518363109366,0.523664579805861,-0.1455487749331414
0,4.1,0.0,0.0,0.0,0.0,0.0,0.0,0.0,0.0,2,24.708402095112856,0.30336518363109366,0.523664579805861,-0.1455487749331414
0,4.2,0.0,0.0,0.0,0.0,0.0,0.0,0.0,0.0,2,17.600500152924422,0.30336518363109366,0.523664579805861,-0.14554877493314144
0,4.3,0.0,0.0,0.0,0.0,0.0,0.0,0.0,0.0,2,12.44537351812956,0.30336518363109366,0.523664579805861,-0.14554877493314144
0,4.4,1.0,0.0,1.0,50.0,50.0,1.0,3.0,3.0,2,16.694814041857263,0.30336518363109366,0.5236645798058612,-0.14554877493314144
0,4.5,0.0,0.0,0.0,0.0,0.0,1.0,3.0,3.0,2,18.182528414938822,0.30336518363109366,0.5236645798058615,-0.1455487749331415
0,4.6,0.0,0.0,0.0,0.0,0.0,0.0,0.0,0.0,2,26.102030226579384,0.3033651836310936,0.5236645798058613,-0.14554877493314156
0,4.7,1.0,0.0,1.0,50.0,50.0,1.0,10.0,10.0,2,12.403328655561939,0.30336518363109366,0.5236645798058613,-0.14554877493314144
0,4.8,0.0,0.0,0.0,0.0,0.0,0.0,0.0,0.0,2,18.946943443306104,0.3033651836310936,0.5236645798058616,-0.14554877493314156
0,4.9,1.0,0.0,1.0,50.0,50.0,1.0,10.0,10.0,2,22.192444968922107,0.30336518363109366,0.5236645798058616,-0.14554877493314156
0,5.0,0.0,0.0,0.0,0.0,0.0,0.0,0.0,0.0,2,17.518090993785943,0.30336518363109355,0.5236645798058617,-0.1455487749331416
0,5.1,0.0,0.0,0.0,0.0,0.0,0.0,0.0,0.0,2,13.069574119327838,0.30336518363109355,0.5236645798058619,-0.14554877493314156
0,5.2,0.0,0.0,0.0,0.0,0.0,0.0,0.0,0.0,2,15.168638881561693,0.9045435489005575,0.35070831964819466,-0.16748105805457406
0,5.3,0.0,0.0,0.0,0.0,0.0,0.0,0.0,0.0,2,12.493334013077451,0.9045435489005574,0.35070831964819477,-0.16748105805457408
0,5.4,0.0,0.0,0.0,0.0,0.0,0.0,0.0,0.0,2,21.63855719721677,0.9045435489005574,0.35070831964819477,-0.16748105805457408
0,5.5,0.0,0.0,0.0,0.0,0.0,0.0,0.0,0.0,2,17.152983941345422,0.9045435489005574,0.35070831964819466,-0.16748105805457408
0,5.6,0.0,0.0,0.0,0.0,0.0,0.0,0.0,0.0,2,20.652983242059232,0.9045435489005574,0.35070831964819466,-0.16748105805457408
0,5.7,0.0,0.0,0.0,0.0,0.0,0.0,0.0,0.0,2,18.469322710024947,0.9045435489005574,0.35070831964819443,-0.16748105805457414
0,5.8,1.0,0.0,1.0,50.0,50.0,1.0,10.0,10.0,2,24.770699742514527,0.9045435489005574,0.35070831964819466,-0.16748105805457408
0,5.9,1.0,0.0,1.0,50.0,50.0,1.0,2.0,2.0,2,15.349104734158628,0.9045435489005575,0.35070831964819454,-0.16748105805457408
0,6.0,1.0,0.0,1.0,50.0,50.0,2.0,2.0,1.0,2,20.007555523901214,0.9045435489005575,0.3507083196481943,-0.16748105805457406
0,6.1,0.0,0.0,0.0,0.0,0.0,2.0,2.0,1.0,2,20.593470175507655,0.9045435489005575,0.3507083196481945,-0.16748105805457414
0,6.2,1.0,0.0,1.0,50.0,50.0,3.0,4.0,1.3333333333333333,2,18.847920483625032,0.9045435489005575,0.3507083196481946,-0.16748105805457408
0,6.3,0.0,0.0,0.0,0.0,0.0,3.0,4.0,1.3333333333333333,2,21.18140643450461,0.9045435489005575,0.3507083196481945,-0.16748105805457408
0,6.4,1.0,0.0,1.0,50.0,50.0,4.0,4.0,1.0,2,15.027247864957609,0.9045435489005575,0.3507083196481946,-0.16748105805457406
0,6.5,0.0,0.0,0.0,0.0,0.0,3.0,2.0,0.6666666666666666,2,20.4428240464271,0.9045435489005575,0.3507083196481945,-0.16748105805457406
0,6.6,0.0,0.0,0.0,0.0,0.0,2.0,2.0,1.0,2,16.57225248411301,0.9045435489005575,0.3507083196481946,-0.16748105805457406
0,6.7,0.0,0.0,0.0,0.0,0.0,1.0,2.0,2.0,2,16.88826709037339,0.9045435489005575,0.3507083196481945,-0.167481058054574
0,6.8,0.0,0.0,0.0,0.0,0.0,0.0,0.0,0.0,2,17.032436214336734,0.9045435489005575,0.35070831964819427,-0.16748105805457397
0,6.9,0.0,0.0,0.0,0.0,0.0,0.0,0.0,0.0,2,14.144091529280121,0.9045435489005577,0.35070831964819416,-0.16748105805457394
0,7.0,0.0,0.0,0.0,0.0,0.0,0.0,0.0,0.0,2,18.854677325180674,0.9045435489005575,0.3507083196481945,-0.16748105805457392
0,7.1,0.0,0.0,0.0,0.0,0.0,0.0,0.0,0.0,2,14.537998782264836,0.9045435489005575,0.3507083196481946,-0.16748105805457386
0,7.2,0.0,0.0,0.0,0.0,0.0,0.0,0.0,0.0,2,15.603628420674958,0.9045435489005575,0.3507083196481945,-0.16748105805457392
0,7.3,0.0,0.0,0.0,0.0,0.0,0.0,0.0,0.0,2,23.490719489441197,0.9045435489005575,0.3507083196481945,-0.16748105805457386
0,7.4,0.0,0.0,0.0,0.0,0.0,0.0,0.0,0.0,2,19.78390590547278,0.9045435489005577,0.35070831964819416,-0.1674810580545738
0,7.5,0.0,0.0,0.0,0.0,0.0,0.0,0.0,0.0,2,26.199576020751405,0.9045435489005575,0.35070831964819427,-0.16748105805457386
0,7.6,0.0,0.0,0.0,0.0,0.0,0.0,0.0,0.0,2,20.100032792285376,0.9045435489005577,0.35070831964819416,-0.16748105805457394
0,7.7,1.0,0.0,1.0,50.0,50.0,1.0,3.0,3.0,2,28.076006325996847,0.9045435489005577,0.35070831964819404,-0.16748105805457386
0,7.8,0.0,0.0,0.0,0.0,0.0,1.0,3.0,3.0,2,16.814492249207838,0.9045435489005578,0.3507083196481936,-0.1674810580545738
0,7.9,2.0,0.0,2.0,50.0,25.0,3.0,6.0,2.0,2,27.033309679742242,0.9045435489005578,0.3507083196481935,-0.16748105805457386
0,8.0,1.0,0.0,1.0,50.0,50.0,3.0,6.0,2.0,2,15.470313746111762,0.9045435489005578,0.35070831964819327,-0.1674810580545738
0,8.1,1.0,0.0,1.0,50.0,50.0,3.0,20.0,6.666666666666667,2,25.885109463332626,0.9045435489005578,0.35070831964819327,-0.16748105805457386
0,8.2,7.0,0.0,7.0,49.0,7.0,7.0,70.0,10.0,2,27.081662827142612,0.9045435489005578,0.3507083196481936,-0.16748105805457392
0,8.3,0.0,0.0,0.0,0.0,0.0,0.0,0.0,0.0,2,24.6402384619974,0.9045435489005577,0.35070831964819354,-0.16748105805457386
0,8.4,1.0,0.0,1.0,50.0,50.0,1.0,10.0,10.0,2,12.99382738253042,0.9045435489005578,0.35070831964819305,-0.16748105805457386
0,8.5,1.0,0.0,1.0,50.0,50.0,1.0,2.0,2.0,2,23.03621127945925,0.9045435489005578,0.3507083196481933,-0.1674810580545738
0,8.6,0.0,0.0,0.0,0.0,0.0,1.0,2.0,2.0,2,28.95274739202967,0.9045435489005575,0.3507083196481933,-0.1674810580545738
0,8.7,1.0,0.0,1.0,50.0,50.0,1.0,2.0,2.0,2,18.19961256682899,0.9045435489005578,0.350708319648193,-0.1674810580545738
0,8.8,0.0,0.0,0.0,0.0,0.0,1.0,2.0,2.0,2,27.500686894957234,0.9045435489005577,0.35070831964819277,-0.16748105805457386
0,8.9,0.0,0.0,0.0,0.0,0.0,0.0,0.0,0.0,2,15.587301086261096,0.9045435489005578,0.35070831964819255,-0.16748105805457386
0,9.0,0.0,0.0,0.0,0.0,0.0,0.0,0.0,0.0,2,18.83162293713338,0.9045435489005578,0.3507083196481921,-0.16748105805457386
0,9.1,1.0,0.0,1.0,50.0,50.0,1.0,2.0,2.0,2,20.59154783581139,0.9045435489005578,0.3507083196481923,-0.16748105805457394
0,9.2,0.0,0.0,0.0,0.0,0.0,1.0,2.0,2.0,2,21.45405984395883,0.9045435489005579,0.3507083196481919,-0.16748105805457403
0,9.3,0.0,0.0,0.0,0.0,0.0,1.0,2.0,2.0,2,17.17704603421553,0.904543548900558,0.3507083196481915,-0.1674810580545739
0,9.4,0.0,0.0,0.0,0.0,0.0,0.0,0.0,0.0,2,18.564769271151835,0.904543548900558,0.35070831964819105,-0.1674810580545739
0,9.5,1.0,0.0,1.0,50.0,50.0,1.0,2.0,2.0,2,18.63736548123301,0.904543548900558,0.35070831964819105,-0.1674810580545739
0,9.6,0.0,0.0,0.0,0.0,0.0,1.0,2.0,2.0,2,19.868843711893177,0.9045435489005581,0.3507083196481905,-0.16748105805457403
0,9.7,1.0,0.0,1.0,50.0,50.0,2.0,4.0,2.0,2,18.41534470669388,0.9045435489005582,0.35070831964819005,-0.16748105805457392
0,9.8,0.0,0.0,0.0,0.0,0.0,1.0,2.0,2.0,2,21.249020896914217,0.9045435489005582,0.3507083196481896,-0.167481058054574
0,9.9,0.0,0.0,0.0,0.0,0.0,1.0,2.0,2.0,2,19.110992224999677,0.9045435489005582,0.3507083196481895,-0.167481058054574
0,10.0,0.0,0.0,0.0,0.0,0.0,1.0,2.0,2.0,2,24.38268582959456,0.9045435489005582,0.3507083196481896,-0.16748105805457414
0,10.1,2.0,0.0,2.0,50.0,25.0,2.0,20.0,10.0,2,19.94357734538957,0.9045435489005582,0.3507083196481895,-0.167481058054574
0,10.2,1.0,0.0,1.0,50.0,50.0,1.0,10.0,10.0,2,13.546398140517843,0.9045435489005582,0.3507083196481896,-0.167481058054574
0,10.3,1.0,0.0,1.0,50.0,50.0,1.0,2.0,2.0,2,20.3861935841922,0.9045435489005582,0.3507083196481897,-0.16748105805457414
0,10.4,1.0,0.0,1.0,50.0,50.0,2.0,4.0,2.0,2,20.938159052839914,0.9045435489005582,0.3507083196481895,-0.16748105805457406
0,10.5,0.0,0.0,0.0,0.0,0.0,2.0,4.0,2.0,2,21.585154929428153,0.9045435489005582,0.35070831964819005,-0.1674810580545739
0,10.6,0.0,0.0,0.0,0.0,0.0,1.0,2.0,2.0,2,20.453985147120655,0.9045435489005582,0.3507083196481896,-0.16748105805457375
0,10.7,1.0,0.0,1.0,50.0,50.0,1.0,2.0,2.0,2,21.819631356408657,0.9045435489005582,0.35070831964818994,-0.16748105805457375
0,10.8,0.0,0.0,0.0,0.0,0.0,1.0,2.0,2.0,2,20.80431593365812,0.9045435489005582,0.35070831964818927,-0.16748105805457386
0,10.9,0.0,0.0,0.0,0.0,0.0,0.0,0.0,0.0,2,20.00615229502661,0.9045435489005582,0.35070831964818994,-0.16748105805457375
0,11.0,0.0,0.0,0.0,0.0,0.0,0.0,0.0,0.0,2,24.511423089524847,0.9045435489005582,0.35070831964819016,-0.1674810580545738
0,11.1,0.0,0.0,0.0,0.0,0.0,0.0,0.0,0.0,2,15.867931846186133,0.9045435489005582,0.35070831964819016,-0.16748105805457356
0,11.2,1.0,0.0,1.0,50.0,50.0,1.0,10.0,10.0,2,28.251314356422785,0.9045435489005582,0.3507083196481895,-0.1674810580545737
0,11.3,1.0,0.0,1.0,50.0,50.0,1.0,2.0,2.0,2,17.682685297236315,0.9045435489005582,0.3507083196481895,-0.16748105805457358
0,11.4,2.0,0.0,2.0,50.0,25.0,3.0,6.0,2.0,2,28.739283115488398,0.9045435489005582,0.35070831964819027,-0.1674810580545735
0,11.5,1.0,0.0,1.0,50.0,50.0,3.0,6.0,2.0,2,17.563937756985524,0.9045435489005582,0.35070831964818994,-0.1674810580545733
0,11.6,0.0,0.0,0.0,0.0,0.0,2.0,4.0,2.0,2,17.135301235283766,0.9045435489005582,0.35070831964818994,-0.16748105805457286
0,11.7,0.0,0.0,0.0,0.0,0.0,0.0,0.0,0.0,2,23.324712502620443,0.9045435489005582,0.3507083196481895,-0.1674810580545729
0,11.8,0.0,0.0,0.0,0.0,0.0,0.0,0.0,0.0,2,21.561196526939625,0.9045435489005583,0.3507083196481888,-0.16748105805457314
0,11.9,0.0,0.0,0.0,0.0,0.0,0.0,0.0,0.0,2,19.192487314073922,0.9045435489005584,0.35070831964818755,-0.16748105805457308
0,12.0,1.0,0.0,1.0,50.0,50.0,1.0,10.0,10.0,2,13.186863251342263,0.9045435489005582,0.35070831964818927,-0.16748105805457325
0,12.1,0.0,0.0,0.0,0.0,0.0,0.0,0.0,0.0,2,26.20335637007226,0.9045435489005583,0.3507083196481894,-0.16748105805457345
0,12.2,10.0,0.0,10.0,50.0,5.0,10.0,20.0,2.0,2,26.543822827229537,0.904543548900558,0.35070831964819227,-0.167481058054574
0,12.3,1.0,0.0,1.0,50.0,50.0,11.0,20.0,1.8181818181818181,2,20.605095103321826,0.9045435489005587,0.35070831964818666,-0.16748105805457336
0,12.4,1.0,0.0,1.0,50.0,50.0,8.0,12.0,1.5,2,14.978262967506966,0.904543548900559,0.3507083196481839,-0.16748105805457486
0,12.5,2.0,0.0,2.0,50.0,25.0,8.0,12.0,1.5,2,20.464535353788204,0.9045435489005599,0.3507083196481767,-0.16748105805457636
0,12.6,1.0,0.0,1.0,50.0,50.0,7.0,18.0,2.5714285714285716,2,18.31785772645741,0.9045435489005553,0.350708319648213,-0.16748105805458569
0,12.7,0.0,1.0,0.0,0.0,0.0,4.0,6.0,1.5,2,14.780399797923096,-0.08766212378079258,0.2260973125141965,0.04628429462766984
0,12.8,1.0,0.0,1.0,50.0,50.0,1.0,2.0,2.0,2,16.57179413463483,0.9045435489005493,0.35070831964826,-0.16748105805458155
0,12.9,0.0,0.0,0.0,0.0,0.0,1.0,2.0,2.0,2,25.35816387058705,-0.08766212378078814,0.22609731251416074,0.04628429462766905
0,13.0,1.0,0.0,1.0,50.0,50.0,2.0,4.0,2.0,2,19.46111957567677,0.9045435489005469,0.35070831964828,-0.16748105805458596
0,13.1,1.0,0.0,1.0,50.0,50.0,2.0,4.0,2.0,2,18.288045963806393,0.9045435489005491,0.3507083196482619,-0.16748105805459226
0,13.2,1.0,0.0,1.0,50.0,50.0,3.0,4.0,1.3333333333333333,2,26.414383208150863,-0.08766212378079269,0.2260973125141956,0.046284294627672994
0,13.3,1.0,0.0,1.0,50.0,50.0,3.0,4.0,1.3333333333333333,2,13.72305633074038,0.9045435489005487,0.3507083196482648,-0.16748105805458896
0,13.4,0.0,0.0,0.0,0.0,0.0,2.0,4.0,2.0,2,17.00506291256211,0.9045435489005458,0.3507083196482874,-0.16748105805458255
0,13.5,1.0,0.0,1.0,50.0,50.0,2.0,4.0,2.0,2,25.562460453201716,-0.08766212378078886,0.22609731251416623,0.0462842946276702
0,13.6,2.0,0.0,2.0,50.0,25.0,3.0,6.0,2.0,2,22.651967759174166,0.9045435489005504,0.3507083196482497,-0.1674810580545848
0,13.7,1.0,0.0,1.0,50.0,50.0,3.0,6.0,2.0,2,19.4601852720562,-0.08766212378079263,0.22609731251419482,0.046284294627665604
0,13.8,0.0,0.0,0.0,0.0,0.0,1.0,2.0,2.0,2,16.42031232717405,0.9045435489005459,0.3507083196482863,-0.1674810580545612
0,13.9,0.0,0.0,0.0,0.0,0.0,1.0,2.0,2.0,2,20.853247479663565,-0.08766212378078642,0.22609731251414536,0.04628429462764235
0,14.0,1.0,0.0,1.0,50.0,50.0,1.0,2.0,2.0,2,22.673294412546532,0.9045435489005356,0.350708319648368,-0.16748105805455238
0,14.1,1.0,0.0,1.0,50.0,50.0,2.0,4.0,2.0,2,17.18559692156409,-0.08766212378077642,0.2260973125140649,0.046284294627638146
0,14.2,2.0,0.0,2.0,50.0,25.0,4.0,6.0,1.5,2,15.074872792293505,0.9045435489005373,0.35070831964835414,-0.16748105805455377
0,14.3,0.0,0.0,0.0,0.0,0.0,3.0,4.0,1.3333333333333333,2,11.793087248598063,-0.08766212378078442,0.22609731251412907,0.04628429462764445
0,14.4,0.0,0.0,0.0,0.0,0.0,2.0,2.0,1.0,2,12.53908256223342,0.9045435489005424,0.3507083196483111,-0.1674810580545666
0,14.5,1.0,0.0,1.0,50.0,50.0,2.0,4.0,2.0,2,15.349706706481243,-0.0876621237807817,0.22609731251410747,0.04628429462765966
0,14.6,0.0,0.0,0.0,0.0,0.0,1.0,2.0,2.0,2,23.156090044479633,0.9045435489005385,0.35070831964834576,-0.1674810580545782
0,14.7,3.0,0.0,3.0,48.0,16.0,3.0,6.0,2.0,2,21.29977288978278,-0.08766212378077615,0.22609731251406248,0.04628429462766095
0,14.8,1.0,0.0,1.0,50.0,50.0,4.0,8.0,2.0,2,12.687695764193128,0.9045435489005353,0.35070831964836874,-0.1674810580545767
0,14.9,0.0,0.0,0.0,0.0,0.0,2.0,4.0,2.0,2,19.753109785850246,0.9045435489005346,0.35070831964837457,-0.1674810580545511
0,15.0,1.0,0.0,1.0,50.0,50.0,1.0,2.0,2.0,2,18.544427929840914,-0.08766212378077548,0.22609731251405651,0.04628429462763344
0,15.1,0.0,0.0,0.0,0.0,0.0,1.0,2.0,2.0,2,15.919545715281572,-0.08766212378077942,0.22609731251408727,0.046284294627621646
0,15.2,2.0,0.0,2.0,50.0,25.0,3.0,4.0,1.3333333333333333,2,24.509901088263483,0.9045435489005367,0.35070831964835786,-0.1674810580545409
0,15.3,0.0,0.0,0.0,0.0,0.0,2.0,4.0,2.0,2,27.502399203682053,-0.08766212378077837,0.226097312514079,0.04628429462762495
0,15.4,1.0,0.0,1.0,50.0,50.0,1.0,2.0,2.0,2,18.32945886896441,0.9045435489005358,0.3507083196483636,-0.16748105805454083
0,15.5,0.0,0.0,0.0,0.0,0.0,1.0,2.0,2.0,2,17.606422697658086,-0.08766212378078375,0.22609731251412096,0.046284294627623554
0,15.6,1.0,0.0,1.0,50.0,50.0,1.0,2.0,2.0,2,17.149989302032704,0.9045435489005405,0.35070831964832566,-0.1674810580545489
0,15.7,0.0,0.0,0.0,0.0,0.0,1.0,2.0,2.0,2,20.78053375082438,-0.08766212378078814,0.2260973125141561,0.0462842946276359
0,15.8,1.0,0.0,1.0,50.0,50.0,2.0,4.0,2.0,2,18.254512372328904,0.9045435489005471,0.3507083196482743,-0.16748105805454824
0,15.9,0.0,0.0,0.0,0.0,0.0,2.0,4.0,2.0,2,18.346639170361613,-0.08766212378062826,0.22609731251288379,0.04628429462742909
0,16.0,2.0,0.0,2.0,50.0,25.0,3.0,6.0,2.0,2,19.583755518628024,0.9045435489003868,0.3507083196495506,-0.16748105805434635
0,16.1,0.0,0.0,0.0,0.0,0.0,2.0,4.0,2.0,2,25.97005344334509,0.9045435489003817,0.3507083196495909,-0.1674810580543508
0,16.2,13.0,0.0,13.0,39.0,3.0,15.0,18.0,1.2,2,19.349365359727948,-0.08766212378062466,0.2260973125128535,0.04628429462743344
0,16.3,2.0,0.0,2.0,50.0,25.0,16.0,20.0,1.25,2,26.216153826790006,0.9045435489003737,0.3507083196496538,-0.1674810580543497
0,16.4,0.0,0.0,0.0,0.0,0.0,13.0,16.0,1.2307692307692308,2,22.587231476199797,-0.08766212378061733,0.22609731251279525,0.04628429462743055
0,16.5,2.0,1.0,2.0,50.0,25.0,13.0,18.0,1.3846153846153846,2,22.279089819967723,-0.08766212378060578,0.226097312512704,0.04628429462742985
0,16.6,3.0,0.0,3.0,48.0,16.0,10.0,12.0,1.2,2,21.409487039866928,0.904543548900365,0.35070831964972377,-0.16748105805434554
0,16.7,1.0,0.0,1.0,50.0,50.0,8.0,8.0,1.0,2,19.58553096344486,0.9045435489003479,0.35070831964985966,-0.16748105805438135
0,16.8,0.0,0.0,0.0,0.0,0.0,6.0,4.0,0.6666666666666666,2,25.1181609862099,-0.08766212378059024,0.22609731251258086,0.04628429462746646
0,16.9,1.0,0.0,1.0,50.0,50.0,6.0,4.0,0.6666666666666666,2,21.22490217006022,0.9045435489003459,0.35070831964987353,-0.16748105805437818
0,17.0,0.0,0.0,0.0,0.0,0.0,6.0,4.0,0.6666666666666666,2,23.831682926708844,-0.08766212378058857,0.2260973125125648,0.04628429462746075
0,17.1,0.0,0.0,0.0,0.0,0.0,5.0,4.0,0.8,2,11.207635983790247,0.9045435489003493,0.3507083196498485,-0.1674810580543744
0,17.2,1.0,0.0,1.0,50.0,50.0,6.0,6.0,1.0,2,23.70175594608549,-0.08766212378059651,0.2260973125126274,0.046284294627464806
0,17.3,0.0,0.0,0.0,0.0,0.0,4.0,6.0,1.5,2,24.05238043544667,0.9045435489003546,0.35070831964980304,-0.16748105805437996
0,17.4,2.0,0.0,2.0,50.0,25.0,4.0,8.0,2.0,2,19.233717244615093,-0.08766212378059679,0.2260973125126296,0.046284294627465895
0,17.5,1.0,0.0,1.0,50.0,50.0,4.0,6.0,1.5,2,18.427650633350268,0.9045435489003484,0.3507083196498503,-0.16748105805438596
0,17.6,0.0,0.0,0.0,0.0,0.0,2.0,4.0,2.0,2,14.303946658616258,-0.08766212378059213,0.22609731251259024,0.0462842946274667
0,17.7,2.0,0.0,2.0,50.0,25.0,3.0,6.0,2.0,2,23.886840541022465,0.9045435489003544,0.3507083196498004,-0.16748105805438346
0,17.8,0.0,0.0,0.0,0.0,0.0,2.0,20.0,10.0,2,17.85634487653171,-0.08766212378059923,0.22609731251264245,0.04628429462746635
0,17.9,1.0,0.0,1.0,50.0,50.0,1.0,2.0,2.0,2,27.958732231733173,-0.08766212378062366,0.22609731251284187,0.04628429462745434
0,18.0,2.0,0.0,2.0,50.0,25.0,3.0,6.0,2.0,2,23.781010908331425,0.9045435489003776,0.35070831964961374,-0.16748105805437175
0,18.1,2.0,0.0,2.0,50.0,25.0,4.0,8.0,2.0,2,19.305817083503747,-0.08766212378064203,0.22609731251297827,0.04628429462743825
0,18.2,2.0,0.0,2.0,50.0,25.0,4.0,8.0,2.0,2,16.891884183536867,0.9045435489003943,0.3507083196494717,-0.16748105805435895
0,18.3,1.0,0.0,1.0,50.0,50.0,3.0,4.0,1.3333333333333333,2,22.120498759708706,0.9045435489003915,0.3507083196494919,-0.16748105805436234
0,18.4,0.0,0.0,0.0,0.0,0.0,2.0,4.0,2.0,2,21.396307030323385,-0.08766212378064081,0.2260973125129633,0.04628429462744606
0,18.5,0.0,0.0,0.0,0.0,0.0,1.0,2.0,2.0,2,19.063971268564885,0.9045435489003983,0.3507083196494402,-0.1674810580543598
0,18.6,2.0,0.0,2.0,50.0,25.0,3.0,6.0,2.0,2,11.395810869636911,-0.08766212378064675,0.22609731251301876,0.04628429462744944
0,18.7,0.0,0.0,0.0,0.0,0.0,2.0,4.0,2.0,2,22.850904592415155,0.9045435489003567,0.35070831964976734,-0.16748105805440183
0,18.8,2.0,0.0,2.0,50.0,25.0,3.0,6.0,2.0,2,24.996460467827873,-0.08766212378060861,0.22609731251269108,0.0462842946274769
0,18.9,0.0,0.0,0.0,0.0,0.0,3.0,6.0,2.0,2,19.45367403919111,0.08766212378060384,-0.2260973125126628,-0.0462842946274688
0,19.0,1.0,0.0,1.0,50.0,50.0,2.0,4.0,2.0,2,24.78900372703449,-0.087662123780605,0.22609731251264897,0.046284294627465396
0,19.1,0.0,0.0,0.0,0.0,0.0,1.0,2.0,2.0,2,21.930761772785946,0.08766212378060384,-0.2260973125126537,-0.04628429462746255
0,19.2,0.0,0.0,0.0,0.0,0.0,1.0,2.0,2.0,2,23.0272991371149,-0.08766212378060267,0.22609731251262855,0.04628429462745995
0,19.3,0.0,0.0,0.0,0.0,0.0,0.0,0.0,0.0,2,14.741499949062153,0.08766212378060806,-0.22609731251263332,-0.0462842946274575
0,19.4,2.0,0.0,2.0,50.0,25.0,2.0,4.0,2.0,2,19.37546846664239,0.9045435489003233,0.3507083196498836,-0.1674810580543828
0,19.5,1.0,0.0,1.0,50.0,50.0,3.0,6.0,2.0,2,27.09183596973796,-0.9045435489003197,-0.3507083196498936,0.16748105805437824
0,19.6,1.0,0.0,1.0,50.0,50.0,2.0,4.0,2.0,2,15.335469564952334,0.9045435489003226,0.3507083196498876,-0.16748105805437496
0,19.7,1.0,0.0,1.0,50.0,50.0,2.0,4.0,2.0,2,16.951639865080644,-0.08766212378064192,0.22609731251270843,0.04628429462745765
0,19.8,0.0,0.0,0.0,0.0,0.0,2.0,4.0,2.0,2,20.9548376454637,0.08766212378064475,-0.2260973125127203,-0.046284294627456694
0,19.9,1.0,0.0,1.0,50.0,50.0,1.0,2.0,2.0,2,18.827014462872643,0.9045435489003044,0.3507083196498837,-0.16748105805435884
0,20.0,1.0,0.0,1.0,50.0,50.0,2.0,4.0,2.0,2,19.642408523827275,-0.08766212378061922,0.2260973125126699,0.046284294627434705
1,0.1,0.0,0.0,0.0,0.0,0.0,0.0,0.0,0.0,2,15.668583337869574,0.20971489748005434,0.28447388739806145,0.0
1,0.2,0.0,0.0,0.0,0.0,0.0,0.0,0.0,0.0,2,17.493850803282193,0.11141799306213684,-0.5133388353927019,0.0
1,0.3,0.0,0.0,0.0,0.0,0.0,0.0,0.0,0.0,2,19.808364886010963,-0.030170979025075095,0.22959691183262643,0.0
1,0.4,0.0,0.0,0.0,0.0,0.0,0.0,0.0,0.0,2,20.541795929433974,0.03984399465453778,0.9517741806103925,0.0
1,0.5,0.0,0.0,0.0,0.0,0.0,0.0,0.0,0.0,2,24.728134626796574,-0.22869946218916926,0.03657842795756788,0.0
1,0.6,0.0,0.0,0.0,0.0,0.0,0.0,0.0,0.0,2,23.342671028843974,0.4371961338693486,0.8126049956267571,0.0
1,0.7,0.0,0.0,0.0,0.0,0.0,0.0,0.0,0.0,2,23.335149234329595,-0.5889776530005781,0.4950612508985274,-0.04067652098464405
1,0.8,0.0,0.0,0.0,0.0,0.0,0.0,0.0,0.0,2,21.480187491455542,0.31253488503355975,0.7899777460470894,-0.04067652098464405
1,0.9,0.0,0.0,0.0,0.0,0.0,0.0,0.0,0.0,2,20.318673530355554,-0.09692143484111919,0.991954649543268,-0.04067652098464405
1,1.0,0.0,0.0,0.0,0.0,0.0,0.0,0.0,0.0,2,26.58569674026419,0.23150149305805745,0.8757977282807923,-0.04067652098464405
1,1.1,0.0,0.0,0.0,0.0,0.0,0.0,0.0,0.0,2,25.30262196069473,-0.2526764836103038,0.01957107794532076,-0.04067652098464405
1,1.2,0.0,0.0,0.0,0.0,0.0,0.0,0.0,0.0,2,17.284112093520896,0.30500520894934796,0.1841699126429765,-0.04067652098464405
1,1.3,0.0,0.0,0.0,0.0,0.0,0.0,0.0,0.0,2,25.051125909264755,0.34241720148777244,0.15183234321867234,-0.1631150946470006
1,1.4,0.0,0.0,0.0,0.0,0.0,0.0,0.0,0.0,2,17.89364362065783,0.4688531033424586,0.3804453544780354,-0.1631150946470006
1,1.5,0.0,0.0,0.0,0.0,0.0,0.0,0.0,0.0,2,18.417150767726895,0.1777190994228088,0.039072641412560616,-0.1631150946470006
1,1.6,0.0,0.0,0.0,0.0,0.0,0.0,0.0,0.0,2,18.84556714755999,0.3351617954086797,0.1444955259069171,-0.16311509464700055
1,1.7,1.0,0.0,1.0,50.0,50.0,1.0,3.0,3.0,2,22.35941917580231,0.12852653593213376,0.9781616285862571,-0.1631150946470006
1,1.8,0.0,0.0,0.0,0.0,0.0,0.0,0.0,0.0,2,14.861217841835668,0.09395254094085254,0.012121029527580651,-0.16311509464700055
1,1.9,0.0,0.0,0.0,0.0,0.0,0.0,0.0,0.0,2,14.068162902156066,0.24952467546063573,0.07649720932459886,-0.16311509464700055
1,2.0,0.0,0.0,0.0,0.0,0.0,0.0,0.0,0.0,2,24.454697316317663,0.05520966359903471,0.004920387133284465,-0.16311509464700055
1,2.1,0.0,0.0,0.0,0.0,0.0,0.0,0.0,0.0,2,16.8700592374186,-0.2405428178551421,0.9468221166294779,-0.1631150946470006
1,2.2,0.0,0.0,0.0,0.0,0.0,0.0,0.0,0.0,2,14.410593830411083,-0.06442192101240704,0.9974391855061384,-0.16311509464700055
1,2.3,0.0,0.0,0.0,0.0,0.0,0.0,0.0,0.0,2,18.07475783970546,0.43919892147420037,0.29442745351980815,-0.1631150946470006
1,2.4,0.0,0.0,0.0,0.0,0.0,0.0,0.0,0.0,2,26.07747992675046,0.3827634351091479,0.8004188664010217,-0.16311509464700055
1,2.5,0.0,0.0,0.0,0.0,0.0,0.0,0.0,0.0,2,24.632094051852352,-0.026194922791637452,0.999630698015471,-0.1631150946470005
1,2.6,0.0,0.0,0.0,0.0,0.0,0.0,0.0,0.0,2,21.637506288095643,-0.41033383671054535,0.8080415692728894,-0.21190470166699765
1,2.7,0.0,0.0,0.0,0.0,0.0,0.0,0.0,0.0,2,13.378150153416211,-0.2997735201188415,0.911880965855925,-0.2188266873317518
1,2.8,0.0,0.0,0.0,0.0,0.0,0.0,0.0,0.0,2,16.953318511012075,-0.29977352011884134,0.911880965855925,-0.2188266873317518
1,2.9,0.0,0.0,0.0,0.0,0.0,0.0,0.0,0.0,2,24.112439819919647,-0.29977352011884145,0.911880965855925,-0.2188266873317518
1,3.0,0.0,0.0,0.0,0.0,0.0,0.0,0.0,0.0,2,22.12896888407962,-0.2997735201188413,0.911880965855925,-0.21882668733175176
1,3.1,0.0,0.0,0.0,0.0,0.0,0.0,0.0,0.0,2,17.70381751120198,-0.29977352011884123,0.911880965855925,-0.2188266873317518
1,3.2,0.0,0.0,0.0,0.0,0.0,0.0,0.0,0.0,2,15.285937165370271,-0.2997735201188411,0.911880965855925,-0.21882668733175187
1,3.3,1.0,0.0,1.0,50.0,50.0,1.0,2.0,2.0,2,27.697500936574016,-0.29977352011884106,0.911880965855925,-0.21882668733175198
1,3.4,0.0,0.0,0.0,0.0,0.0,1.0,2.0,2.0,2,15.521254442317476,-0.29977352011884106,0.911880965855925,-0.21882668733175198
1,3.5,0.0,0.0,0.0,0.0,0.0,0.0,0.0,0.0,2,25.121561398777274,-0.2997735201188409,0.911880965855925,-0.21882668733175187
1,3.6,0.0,0.0,0.0,0.0,0.0,0.0,0.0,0.0,2,22.76037286684447,-0.29977352011884095,0.911880965855925,-0.2188266873317518
1,3.7,0.0,0.0,0.0,0.0,0.0,0.0,0.0,0.0,2,25.69503384620121,-0.29977352011884095,0.911880965855925,-0.21882668733175176
1,3.8,0.0,0.0,0.0,0.0,0.0,0.0,0.0,0.0,2,17.0476128998366,-0.29977352011884095,0.911880965855925,-0.21882668733175176
1,3.9,0.0,0.0,0.0,0.0,0.0,0.0,0.0,0.0,2,11.434127966115241,-0.29977352011884084,0.911880965855925,-0.2188266873317517
1,4.0,1.0,0.0,1.0,50.0,50.0,1.0,10.0,10.0,2,19.393617761989205,-0.29977352011884095,0.911880965855925,-0.21882668733175167
1,4.1,0.0,0.0,0.0,0.0,0.0,0.0,0.0,0.0,2,16.60444412046782,-0.29977352011884084,0.911880965855925,-0.21882668733175176
1,4.2,0.0,0.0,0.0,0.0,0.0,0.0,0.0,0.0,2,16.48610289266977,-0.2997735201188407,0.9118809658559252,-0.2188266873317518
1,4.3,0.0,0.0,0.0,0.0,0.0,0.0,0.0,0.0,2,23.723050088373725,-0.29977352011884073,0.911880965855925,-0.2188266873317518
1,4.4,1.0,0.0,1.0,50.0,50.0,1.0,2.0,2.0,2,16.12928452215654,-0.30979303764421073,0.9048174958002575,-0.23288250994690654
1,4.5,0.0,0.0,0.0,0.0,0.0,1.0,2.0,2.0,2,22.03246313099259,-0.3097930376442106,0.9048174958002574,-0.2328825099469066
1,4.6,0.0,0.0,0.0,0.0,0.0,1.0,2.0,2.0,2,17.304202320133946,-0.30979303764421073,0.9048174958002574,-0.23288250994690654
1,4.7,1.0,0.0,1.0,50.0,50.0,1.0,10.0,10.0,2,20.467350039364035,-0.3097930376442106,0.9048174958002575,-0.2328825099469066
1,4.8,0.0,0.0,0.0,0.0,0.0,0.0,0.0,0.0,2,17.898242129105746,-0.3097930376442107,0.9048174958002574,-0.23288250994690654
1,4.9,0.0,0.0,0.0,0.0,0.0,0.0,0.0,0.0,2,13.91059650845255,-0.3097930376442106,0.9048174958002574,-0.2328825099469066
1,5.0,0.0,0.0,0.0,0.0,0.0,0.0,0.0,0.0,2,15.596794808488333,-0.30979303764421046,0.9048174958002574,-0.2328825099469066
1,5.1,0.0,0.0,0.0,0.0,0.0,0.0,0.0,0.0,2,19.093918596518296,-0.30979303764421057,0.9048174958002574,-0.23288250994690665
1,5.2,0.0,0.0,0.0,0.0,0.0,0.0,0.0,0.0,2,23.717384393560515,-0.3097930376442105,0.9048174958002575,-0.23288250994690665
1,5.3,1.0,0.0,1.0,50.0,50.0,1.0,10.0,10.0,2,21.671995940591597,-0.3097930376442105,0.9048174958002575,-0.2328825099469066
1,5.4,0.0,0.0,0.0,0.0,0.0,0.0,0.0,0.0,2,17.12339372360787,-0.3097930376442106,0.9048174958002575,-0.23288250994690654
1,5.5,0.0,0.0,0.0,0.0,0.0,0.0,0.0,0.0,2,18.996116209109168,-0.3097930376442106,0.9048174958002575,-0.2328825099469066
1,5.6,1.0,0.0,1.0,50.0,50.0,1.0,2.0,2.0,2,20.284187887916964,-0.30979303764421073,0.9048174958002575,-0.23288250994690654
1,5.7,0.0,0.0,0.0,0.0,0.0,1.0,2.0,2.0,2,16.698374720180947,-0.30979303764421096,0.9048174958002574,-0.2328825099469066
1,5.8,1.0,0.0,1.0,50.0,50.0,2.0,2.0,1.0,2,23.559100205298474,-0.3097930376442109,0.9048174958002574,-0.2328825099469066
1,5.9,0.0,0.0,0.0,0.0,0.0,1.0,2.0,2.0,2,16.55609182109537,-0.3097930376442106,0.9048174958002574,-0.23288250994690665
1,6.0,0.0,0.0,0.0,0.0,0.0,1.0,2.0,2.0,2,21.4133414753652,-0.30979303764421035,0.9048174958002574,-0.2328825099469066
1,6.1,0.0,0.0,0.0,0.0,0.0,0.0,0.0,0.0,2,16.21235985636809,-0.30979303764421073,0.9048174958002574,-0.23288250994690649
1,6.2,0.0,0.0,0.0,0.0,0.0,0.0,0.0,0.0,2,22.128464335813558,-0.3097930376442112,0.9048174958002573,-0.23288250994690649
1,6.3,0.0,0.0,0.0,0.0,0.0,0.0,0.0,0.0,2,20.35439444722485,-0.3097930376442111,0.9048174958002573,-0.2328825099469066
1,6.4,0.0,0.0,0.0,0.0,0.0,0.0,0.0,0.0,2,19.422416202900706,-0.30979303764421146,0.9048174958002573,-0.23288250994690654
1,6.5,0.0,0.0,0.0,0.0,0.0,0.0,0.0,0.0,2,22.19156961474995,-0.3097930376442116,0.9048174958002573,-0.2328825099469066
1,6.6,0.0,0.0,0.0,0.0,0.0,0.0,0.0,0.0,2,27.11010047980769,-0.30979303764421134,0.9048174958002573,-0.23288250994690635
1,6.7,0.0,0.0,0.0,0.0,0.0,0.0,0.0,0.0,2,25.8690340765126,-0.30979303764421096,0.9048174958002573,-0.23288250994690635
1,6.8,0.0,0.0,0.0,0.0,0.0,0.0,0.0,0.0,2,20.250734188929243,-0.309793037644211,0.9048174958002573,-0.2328825099469063
1,6.9,0.0,0.0,0.0,0.0,0.0,0.0,0.0,0.0,2,21.28770819095064,-0.309793037644211,0.9048174958002573,-0.23288250994690604
1,7.0,0.0,0.0,0.0,0.0,0.0,0.0,0.0,0.0,2,16.80391230364498,-0.3097930376442111,0.9048174958002573,-0.23288250994690612
1,7.1,0.0,0.0,0.0,0.0,0.0,0.0,0.0,0.0,2,12.614214483348622,-0.30979303764421096,0.9048174958002573,-0.2328825099469063
1,7.2,0.0,0.0,0.0,0.0,0.0,1.0,3.0,3.0,2,16.63574811340711,-0.30979303764421146,0.9048174958002573,-0.2328825099469064
1,7.3,0.0,1.0,0.0,0.0,0.0,0.0,0.0,0.0,2,22.102769698928235,-0.30979303764421184,0.9048174958002573,-0.23288250994690649
1,7.4,1.0,0.0,1.0,50.0,50.0,1.0,2.0,2.0,2,24.673469389938376,-0.30979303764421223,0.9048174958002573,-0.23288250994690635
1,7.5,0.0,0.0,0.0,0.0,0.0,1.0,2.0,2.0,2,23.891157881466935,-0.3097930376442122,0.9048174958002573,-0.23288250994690665
1,7.6,0.0,0.0,0.0,0.0,0.0,0.0,0.0,0.0,2,20.72896993655374,-0.30979303764421323,0.9048174958002572,-0.2328825099469069
1,7.7,0.0,0.0,0.0,0.0,0.0,0.0,0.0,0.0,2,23.3099592141622,-0.30979303764421323,0.9048174958002572,-0.23288250994690674
1,7.8,0.0,0.0,0.0,0.0,0.0,0.0,0.0,0.0,2,27.528815100293535,-0.3097930376442143,0.9048174958002572,-0.23288250994690599
1,7.9,0.0,0.0,0.0,0.0,0.0,0.0,0.0,0.0,2,25.313115111824047,-0.3097930376442137,0.9048174958002572,-0.23288250994690665
1,8.0,0.0,0.0,0.0,0.0,0.0,0.0,0.0,0.0,2,14.268713040838547,-0.30979303764421473,0.904817495800257,-0.2328825099469058
1,8.1,0.0,0.0,0.0,0.0,0.0,0.0,0.0,0.0,2,17.871360381043775,-0.3097930376442172,0.904817495800257,-0.23288250994690665
1,8.2,3.0,0.0,3.0,48.0,16.0,3.0,6.0,2.0,2,25.385339466527462,-0.3097930376442443,0.9048174958002562,-0.23288250994691984
1,8.3,1.0,0.0,1.0,50.0,50.0,4.0,6.0,1.5,2,14.598077432058082,-0.27636916467600064,-0.0946237704659526,0.09334767934710719
1,8.4,0.0,0.0,0.0,0.0,0.0,3.0,20.0,6.666666666666667,2,20.68555316601845,-0.2763691646759951,-0.09462377046595238,0.09334767934710955
1,8.5,0.0,0.0,0.0,0.0,0.0,1.0,2.0,2.0,2,22.787514513330002,-0.3097930376442395,0.9048174958002563,-0.23288250994691465
1,8.6,0.0,0.0,0.0,0.0,0.0,0.0,0.0,0.0,2,27.163303329219723,-0.2763691646760226,-0.09462377046595333,0.0933476793471059
1,8.7,0.0,0.0,0.0,0.0,0.0,0.0,0.0,0.0,2,15.249349924637844,-0.309793037644221,0.9048174958002568,-0.2328825099469154
1,8.8,1.0,0.0,1.0,50.0,50.0,1.0,2.0,2.0,2,19.281684452714074,-0.27636916467641426,-0.09462377046596637,0.09334767934706131
1,8.9,0.0,0.0,0.0,0.0,0.0,1.0,2.0,2.0,2,14.431590500613185,-0.3097930376438225,0.9048174958002703,-0.23288250994687434
1,9.0,0.0,0.0,0.0,0.0,0.0,1.0,2.0,2.0,2,17.543513319604703,-0.2763691646764418,-0.09462377046596726,0.09334767934706466
1,9.1,1.0,0.0,1.0,50.0,50.0,2.0,2.0,1.0,2,19.3927421575628,-0.3097930376437958,0.9048174958002713,-0.23288250994688525
1,9.2,0.0,0.0,0.0,0.0,0.0,1.0,2.0,2.0,2,26.30363798706125,-0.2763691646764518,-0.0946237704659676,0.09334767934707384
1,9.3,0.0,0.0,0.0,0.0,0.0,1.0,2.0,2.0,2,24.608530082634402,-0.3097930376437876,0.9048174958002715,-0.23288250994688786
1,9.4,0.0,0.0,0.0,0.0,0.0,1.0,2.0,2.0,2,19.272598139791064,-0.2763691646764643,-0.0946237704659681,0.09334767934707355
1,9.5,0.0,0.0,0.0,0.0,0.0,0.0,0.0,0.0,2,21.509898891016952,-0.2763691646764079,-0.0946237704659662,0.0933476793470631
1,9.6,2.0,0.0,2.0,50.0,25.0,2.0,20.0,10.0,2,13.629412740822053,-0.3097930376438393,0.9048174958002697,-0.2328825099468747
1,9.7,1.0,0.0,1.0,50.0,50.0,1.0,10.0,10.0,2,22.146357542954448,-0.3097930376438473,0.9048174958002695,-0.23288250994687354
1,9.8,0.0,0.0,0.0,0.0,0.0,0.0,0.0,0.0,2,13.116623240461523,-0.27636916467640227,-0.09462377046596598,0.093347679347062
1,9.9,0.0,0.0,0.0,0.0,0.0,0.0,0.0,0.0,2,19.549124831168946,-0.27636916467639366,-0.0946237704659657,0.09334767934706019
1,10.0,0.0,0.0,0.0,0.0,0.0,0.0,0.0,0.0,2,19.516457071896518,-0.3097930376438404,0.9048174958002697,-0.23288250994686754
1,10.1,0.0,0.0,0.0,0.0,0.0,0.0,0.0,0.0,2,15.556689826358152,-0.2763691646764163,-0.09462377046596648,0.09334767934705361
1,10.2,0.0,0.0,0.0,0.0,0.0,0.0,0.0,0.0,2,21.67345476600457,-0.309793037643845,0.9048174958002695,-0.232882509946869
1,10.3,0.0,0.0,0.0,0.0,0.0,0.0,0.0,0.0,2,20.120208524874037,-0.27636916467639994,-0.09462377046596598,0.0933476793470605
1,10.4,0.0,0.0,0.0,0.0,0.0,0.0,0.0,0.0,2,18.138833107985263,-0.3097930376438554,0.904817495800269,-0.23288250994687149
1,10.5,0.0,0.0,0.0,0.0,0.0,0.0,0.0,0.0,2,20.93733620428882,-0.2763691646764281,-0.09462377046596687,0.09334767934708806
1,10.6,1.0,0.0,1.0,50.0,50.0,1.0,2.0,2.0,2,19.05279296238859,-0.3097930376438188,0.9048174958002704,-0.2328825099469009
1,10.7,0.0,0.0,0.0,0.0,0.0,1.0,2.0,2.0,2,17.922747711346123,-0.30979303764380894,0.9048174958002706,-0.23288250994690002
1,10.8,1.0,0.0,1.0,50.0,50.0,2.0,20.0,10.0,2,17.431458432710578,-0.27636916467642103,-0.0946237704659667,0.0933476793470938
1,10.9,1.0,0.0,1.0,50.0,50.0,1.0,2.0,2.0,2,23.26453876137451,-0.3097930376438199,0.9048174958002703,-0.23288250994690463
1,11.0,0.0,0.0,0.0,0.0,0.0,1.0,2.0,2.0,2,21.38679358737168,-0.2763691646764331,-0.09462377046596715,0.09334767934708955
1,11.1,2.0,0.0,2.0,50.0,25.0,3.0,30.0,10.0,2,23.56721561509118,-0.30979303764380783,0.9048174958002706,-0.23288250994690451
1,11.2,0.0,0.0,0.0,0.0,0.0,0.0,0.0,0.0,2,23.345077491824018,-0.27636916467643435,-0.09462377046596715,0.0933476793470923
1,11.3,0.0,0.0,0.0,0.0,0.0,0.0,0.0,0.0,2,15.16592956771342,-0.30979303764382116,0.9048174958002703,-0.23288250994690357
1,11.4,0.0,0.0,0.0,0.0,0.0,0.0,0.0,0.0,2,18.87587852954662,-0.276369164676445,-0.09462377046596748,0.09334767934710504
1,11.5,0.0,0.0,0.0,0.0,0.0,0.0,0.0,0.0,2,27.79032145523575,-0.3097930376438,0.9048174958002709,-0.23288250994691417
1,11.6,0.0,0.0,0.0,0.0,0.0,0.0,0.0,0.0,2,17.918397623396693,-0.27636916467643236,-0.0946237704659671,0.09334767934709985
1,11.7,0.0,0.0,0.0,0.0,0.0,0.0,0.0,0.0,2,10.206392456220872,-0.3097930376438333,0.9048174958002698,-0.2328825099469154
1,11.8,0.0,0.0,0.0,0.0,0.0,0.0,0.0,0.0,2,23.692282490635073,-0.2763691646764182,-0.09462377046596665,0.09334767934711065
1,11.9,0.0,0.0,0.0,0.0,0.0,0.0,0.0,0.0,2,23.028696176078572,-0.30979303764383637,0.9048174958002697,-0.23288250994692355
1,12.0,1.0,0.0,1.0,50.0,50.0,1.0,2.0,2.0,2,22.133035973345816,-0.2763691646764073,-0.09462377046596632,0.09334767934711445
1,12.1,1.0,0.0,1.0,50.0,50.0,2.0,4.0,2.0,2,16.897729833806746,-0.3097930376438431,0.9048174958002695,-0.2328825099469301
1,12.2,6.0,0.0,6.0,48.0,8.0,8.0,12.0,1.5,2,19.40110240904617,-0.27636916467640943,-0.09462377046596626,0.09334767934712158
1,12.3,0.0,0.0,0.0,0.0,0.0,7.0,12.0,1.7142857142857142,2,16.148861536383478,-0.30979303764384386,0.9048174958002695,-0.232882509946933
1,12.4,0.0,0.0,0.0,0.0,0.0,7.0,12.0,1.7142857142857142,2,26.014916039803566,-0.2763691646761125,-0.09462377046595633,0.09334767934715309
1,12.5,0.0,0.0,0.0,0.0,0.0,4.0,6.0,1.5,2,21.59604272036629,-0.30979303764414123,0.9048174958002595,-0.23288250994696374
1,12.6,0.0,0.0,0.0,0.0,0.0,0.0,0.0,0.0,2,27.39917578449959,-0.30979303764413263,0.9048174958002599,-0.23288250994695794
1,12.7,1.0,0.0,1.0,50.0,50.0,1.0,2.0,2.0,2,19.431527743293625,-0.27636916467611405,-0.09462377046595638,0.09334767934714511
1,12.8,0.0,0.0,0.0,0.0,0.0,1.0,2.0,2.0,2,17.13458915192319,-0.2763691646761392,-0.09462377046595727,0.09334767934715806
1,12.9,0.0,0.0,0.0,0.0,0.0,1.0,2.0,2.0,2,15.35869657399393,-0.30979303764410715,0.9048174958002606,-0.23288250994697202
1,13.0,0.0,0.0,0.0,0.0,0.0,0.0,0.0,0.0,2,16.779048369929633,-0.2763691646760895,-0.09462377046595566,0.09334767934715059
1,13.1,0.0,0.0,0.0,0.0,0.0,0.0,0.0,0.0,2,16.531373810605455,-0.30979303764416427,0.9048174958002587,-0.23288250994696053
1,13.2,0.0,0.0,0.0,0.0,0.0,0.0,0.0,0.0,2,20.48257721449629,-0.27636916467600176,-0.09462377046595277,0.09334767934719289
1,13.3,0.0,0.0,0.0,0.0,0.0,0.0,0.0,0.0,2,23.925825790934827,-0.30979303764424576,0.9048174958002559,-0.23288250994700666
1,13.4,1.0,0.0,1.0,50.0,50.0,1.0,10.0,10.0,2,28.973693856758253,-0.2763691646757174,-0.09462377046594322,0.09334767934688616
1,13.5,1.0,0.0,1.0,50.0,50.0,1.0,2.0,2.0,2,27.410725129228254,-0.30979303764452953,0.9048174958002465,-0.23288250994669835
1,13.6,1.0,0.0,1.0,50.0,50.0,2.0,6.0,3.0,2,22.500177275727665,-0.30979303764448207,0.9048174958002481,-0.23288250994670712
1,13.7,0.0,0.0,0.0,0.0,0.0,2.0,6.0,3.0,2,23.959746984591096,-0.2763691646757732,-0.09462377046594511,0.0933476793468949
1,13.8,0.0,0.0,0.0,0.0,0.0,0.0,0.0,0.0,2,18.166062187384057,-0.3097930376444583,0.9048174958002488,-0.23288250994670404
1,13.9,1.0,0.0,1.0,50.0,50.0,1.0,2.0,2.0,2,18.836834506872965,-0.2763691646757763,-0.09462377046594522,0.09334767934689356
1,14.0,0.0,0.0,0.0,0.0,0.0,1.0,2.0,2.0,2,23.924751412740846,-0.30979303764432914,0.9048174958002531,-0.23288250994672618
1,14.1,0.0,0.0,0.0,0.0,0.0,1.0,2.0,2.0,2,19.13495136888268,-0.27636916467591566,-0.09462377046594994,0.093347679346914
1,14.2,0.0,0.0,0.0,0.0,0.0,0.0,0.0,0.0,2,26.7892880803607,-0.2763691646757818,-0.09462377046594544,0.09334767934693966
1,14.3,2.0,0.0,2.0,50.0,25.0,2.0,20.0,10.0,2,16.247166825638963,-0.3097930376444616,0.9048174958002487,-0.23288250994675283
1,14.4,0.0,0.0,0.0,0.0,0.0,0.0,0.0,0.0,2,23.09595271902405,-0.30979303764446997,0.9048174958002484,-0.23288250994675314
1,14.5,0.0,0.0,0.0,0.0,0.0,0.0,0.0,0.0,2,23.51062792246104,-0.2763691646757925,-0.09462377046594578,0.09334767934694106
1,14.6,0.0,0.0,0.0,0.0,0.0,0.0,0.0,0.0,2,24.446541097884584,-0.30979303764445454,0.9048174958002488,-0.23288250994675302
1,14.7,0.0,0.0,0.0,0.0,0.0,0.0,0.0,0.0,2,21.838288302550065,-0.3097930376444855,0.9048174958002478,-0.2328825099467538
1,14.8,1.0,0.0,1.0,50.0,50.0,1.0,3.0,3.0,2,12.623495879113332,-0.27636916467577144,-0.09462377046594511,0.09334767934694045
1,14.9,0.0,0.0,0.0,0.0,0.0,1.0,3.0,3.0,2,20.85726337895123,-0.2763691646757535,-0.09462377046594456,0.0933476793469497
1,15.0,0.0,0.0,0.0,0.0,0.0,1.0,3.0,3.0,2,21.57094052379501,-0.30979303764449134,0.9048174958002477,-0.23288250994676302
1,15.1,0.0,0.0,0.0,0.0,0.0,0.0,0.0,0.0,2,22.872541730925903,-0.2763691646757798,-0.09462377046594539,0.0933476793469389
1,15.2,0.0,0.0,0.0,0.0,0.0,0.0,0.0,0.0,2,12.929555582505316,-0.30979303764447336,0.9048174958002483,-0.23288250994675136
1,15.3,0.0,0.0,0.0,0.0,0.0,0.0,0.0,0.0,2,18.075571767208263,-0.3097930376444464,0.9048174958002493,-0.23288250994674908
1,15.4,0.0,0.0,0.0,0.0,0.0,0.0,0.0,0.0,2,20.05688693712505,-0.27636916467582334,-0.09462377046594683,0.09334767934693076
1,15.5,0.0,0.0,0.0,0.0,0.0,0.0,0.0,0.0,2,16.40156402298724,-0.30979303764440275,0.9048174958002506,-0.23288250994674392
1,15.6,0.0,0.0,0.0,0.0,0.0,0.0,0.0,0.0,2,16.986246251739903,-0.2763691646758525,-0.09462377046594783,0.09334767934693096
1,15.7,0.0,0.0,0.0,0.0,0.0,0.0,0.0,0.0,2,17.58466318131702,-0.30979303764439775,0.9048174958002508,-0.23288250994674004
1,15.8,0.0,0.0,0.0,0.0,0.0,0.0,0.0,0.0,2,26.51130346595036,-0.2763691646758604,-0.09462377046594811,0.09334767934693429
1,15.9,0.0,0.0,0.0,0.0,0.0,0.0,0.0,0.0,2,21.79920743501907,-0.3097930376443833,0.9048174958002513,-0.2328825099467438
1,16.0,0.0,0.0,0.0,0.0,0.0,0.0,0.0,0.0,2,27.017518652549924,-0.2763691646758309,-0.09462377046594711,0.09334767934694256
1,16.1,1.0,0.0,1.0,50.0,50.0,1.0,2.0,2.0,2,15.41844587062694,-0.30979303764441435,0.9048174958002503,-0.2328825099467537
1,16.2,7.0,0.0,7.0,49.0,7.0,8.0,12.0,1.5,2,17.56159901900171,-0.3097930376444242,0.90481749580025,-0.2328825099467517
1,16.3,2.0,0.0,2.0,50.0,25.0,9.0,14.0,1.5555555555555556,2,19.110147556617694,-0.2763691646758138,-0.0946237704659465,0.09334767934693707
1,16.4,0.0,0.0,0.0,0.0,0.0,9.0,14.0,1.5555555555555556,2,17.669791963914133,-0.3097930376444283,0.9048174958002498,-0.23288250994676624
1,16.5,0.0,0.0,0.0,0.0,0.0,7.0,10.0,1.4285714285714286,2,23.06550142433525,-0.27636916467582734,-0.094623770465947,0.09334767934695444
1,16.6,2.0,0.0,2.0,50.0,25.0,5.0,4.0,0.8,2,17.85163521183321,-0.27636916467556305,-0.09462377046593817,0.09334767934718313
1,16.7,2.0,0.0,2.0,50.0,25.0,6.0,6.0,1.0,2,13.367844357257425,-0.3097930376446745,0.9048174958002415,-0.23288250994699677
1,16.8,0.0,0.0,0.0,0.0,0.0,6.0,6.0,1.0,2,28.47143503058691,-0.3097930376445845,0.9048174958002446,-0.2328825099470086
1,16.9,0.0,0.0,0.0,0.0,0.0,6.0,6.0,1.0,2,23.52618492614721,-0.2763691646756587,-0.09462377046594128,0.09334767934719805
1,17.0,0.0,0.0,0.0,0.0,0.0,2.0,10.0,5.0,2,15.20487737141913,-0.3097930376444684,0.9048174958002485,-0.2328825099469824
1,17.1,0.0,0.0,0.0,0.0,0.0,0.0,0.0,0.0,2,14.357953712572314,-0.2763691646757769,-0.09462377046594522,0.09334767934717214
1,17.2,0.0,0.0,0.0,0.0,0.0,0.0,0.0,0.0,2,17.0995989206191,-0.2763691646756745,-0.09462377046594178,0.09334767934713353
1,17.3,1.0,0.0,1.0,50.0,50.0,1.0,2.0,2.0,2,22.065785229457944,-0.30979303764456295,0.9048174958002454,-0.2328825099469446
1,17.4,2.0,0.0,2.0,50.0,25.0,3.0,6.0,2.0,2,18.34946017764814,-0.27636916467569284,-0.09462377046594245,0.09334767934713085
1,17.5,1.0,0.0,1.0,50.0,50.0,4.0,8.0,2.0,2,18.139905484609226,-0.309793037644557,0.9048174958002455,-0.2328825099469411
1,17.6,0.0,0.0,0.0,0.0,0.0,1.0,3.0,3.0,2,22.240570832597783,-0.30979303764456884,0.9048174958002451,-0.23288250994693316
1,17.7,1.0,0.0,1.0,50.0,50.0,1.0,2.0,2.0,2,20.088773068094277,-0.27636916467568484,-0.09462377046594217,0.09334767934712104
1,17.8,0.0,0.0,0.0,0.0,0.0,1.0,2.0,2.0,2,18.214521500376634,-0.30979303764455435,0.9048174958002456,-0.2328825099469352
1,17.9,0.0,0.0,0.0,0.0,0.0,1.0,2.0,2.0,2,25.62616489438742,-0.27636916467569794,-0.09462377046594261,0.09334767934712519
1,18.0,0.0,0.0,0.0,0.0,0.0,1.0,2.0,2.0,2,24.191564563714003,-0.3097930376445412,0.9048174958002461,-0.2328825099469397
1,18.1,0.0,0.0,0.0,0.0,0.0,0.0,0.0,0.0,2,20.53459499398822,-0.2763691646757228,-0.0946237704659435,0.0933476793471304
1,18.2,0.0,0.0,0.0,0.0,0.0,0.0,0.0,0.0,2,18.021681834571726,-0.30979303764451877,0.9048174958002467,-0.23288250994694226
1,18.3,0.0,0.0,0.0,0.0,0.0,0.0,0.0,0.0,2,15.163762047022583,-0.2763691646757095,-0.09462377046594306,0.0933476793471246
1,18.4,1.0,0.0,1.0,50.0,50.0,1.0,10.0,10.0,2,26.931961010741652,-0.309793037644552,0.9048174958002457,-0.2328825099469388
1,18.5,0.0,0.0,0.0,0.0,0.0,0.0,0.0,0.0,2,16.702350535441276,-0.27636916467570327,-0.09462377046594278,0.09334767934712435
1,18.6,0.0,0.0,0.0,0.0,0.0,0.0,0.0,0.0,2,22.571557472603605,-0.276369164675687,-0.09462377046594223,0.09334767934712705
1,18.7,0.0,0.0,0.0,0.0,0.0,0.0,0.0,0.0,2,20.635825176244772,-0.30979303764455307,0.9048174958002457,-0.23288250994694004
1,18.8,1.0,0.0,1.0,50.0,50.0,1.0,3.0,3.0,2,21.301837676787507,-0.3097930376445037,0.9048174958002473,-0.23288250994693477
1,18.9,0.0,0.0,0.0,0.0,0.0,1.0,3.0,3.0,2,20.514112999957597,-0.27636916467574696,-0.09462377046594422,0.09334767934712361
1,19.0,2.0,0.0,2.0,50.0,25.0,3.0,4.0,1.3333333333333333,2,19.96863648765064,-0.3097930376445014,0.9048174958002475,-0.23288250994693788
1,19.1,0.0,0.0,0.0,0.0,0.0,2.0,4.0,2.0,2,22.805443990291405,-0.27636916467572215,-0.09462377046594345,0.09334767934711856
1,19.2,1.0,0.0,1.0,50.0,50.0,2.0,4.0,2.0,2,20.085597436900347,-0.30979303764453436,0.9048174958002464,-0.23288250994693055
1,19.3,2.0,0.0,2.0,50.0,25.0,3.0,30.0,10.0,2,18.162880798888082,-0.2763691646756366,-0.0946237704659405,0.0933476793472555
1,19.4,1.0,0.0,1.0,50.0,50.0,1.0,2.0,2.0,2,22.657804363564125,-0.30979303764461713,0.9048174958002435,-0.23288250994706997
1,19.5,1.0,0.0,1.0,50.0,50.0,2.0,4.0,2.0,2,19.170179096516982,-0.27636916467563355,-0.0946237704659404,0.09334767934725645
1,19.6,1.0,0.0,1.0,50.0,50.0,3.0,6.0,2.0,2,19.6556914388403,-0.30979303764423394,0.9048174958002564,-0.23288250994708898
1,19.7,2.0,0.0,2.0,50.0,25.0,4.0,8.0,2.0,2,17.384606451851866,-0.2763691646760041,-0.09462377046595283,0.09334767934727646
1,19.8,2.0,0.0,2.0,50.0,25.0,5.0,10.0,2.0,2,20.942151017170808,-0.30979303764420907,0.9048174958002573,-0.2328825099471209
1,19.9,2.0,0.0,2.0,50.0,25.0,6.0,10.0,1.6666666666666667,2,15.366317090463648,-0.2763691646760359,-0.09462377046595388,0.09334767934730893
1,20.0,1.0,0.0,1.0,50.0,50.0,5.0,8.0,1.6,2,12.384361769299467,-0.27636916467597933,-0.09462377046595205,0.09334767934730286
2,0.1,0.0,0.0,0.0,0.0,0.0,0.0,0.0,0.0,2,22.958609818172377,0.5777011224762686,-0.3405028898852188,0.0
2,0.2,0.0,0.0,0.0,0.0,0.0,0.0,0.0,0.0,2,13.503087346392896,-0.5635746526640759,-0.3579749065003994,0.0
2,0.3,0.0,0.0,0.0,0.0,0.0,0.0,0.0,0.0,2,19.553719411400227,0.053169918014387446,-0.002179977051396942,0.0
2,0.4,0.0,0.0,0.0,0.0,0.0,0.0,0.0,0.0,2,23.32365552422467,-0.6539451555791322,0.35934147502238023,0.0
2,0.5,0.0,0.0,0.0,0.0,0.0,0.0,0.0,0.0,2,22.36775123449969,-0.25758016409005124,0.10216176202262683,0.0
2,0.6,0.0,0.0,0.0,0.0,0.0,0.0,0.0,0.0,2,23.607127536382635,0.30146332308319124,0.4154362227083145,0.0
2,0.7,0.0,0.0,0.0,0.0,0.0,0.0,0.0,0.0,2,24.88035509612173,-0.7891390831342466,-0.21763324974152723,0.0
2,0.8,1.0,0.0,1.0,50.0,50.0,1.0,10.0,10.0,2,21.795153487678633,0.6894365937457804,0.26015942804039843,0.0
2,0.9,0.0,0.0,0.0,0.0,0.0,0.0,0.0,0.0,2,22.669248365056188,-0.5229251603924657,0.30426380395572794,0.0
2,1.0,0.0,0.0,0.0,0.0,0.0,0.0,0.0,0.0,2,22.104546233509218,-0.7281674819372327,-0.5404467333307953,0.0
2,1.1,1.0,0.0,1.0,50.0,50.0,1.0,10.0,10.0,2,21.691621551153425,-0.9029004987054203,0.41469201700304636,0.0
2,1.2,0.0,0.0,0.0,0.0,0.0,0.0,0.0,0.0,2,18.446464335392744,-0.7411928318658323,-0.18113020343302233,0.0
2,1.3,0.0,0.0,0.0,0.0,0.0,0.0,0.0,0.0,2,20.374653427503233,-0.853653589028363,-0.4745343348103827,0.0
2,1.4,2.0,0.0,2.0,50.0,25.0,2.0,10.0,5.0,2,17.54768222268705,0.35076033204811147,-0.14557585182227922,0.0
2,1.5,0.0,0.0,0.0,0.0,0.0,1.0,10.0,10.0,2,23.836161645737477,-0.9062297595238511,-0.0762411900177471,0.0
2,1.6,0.0,0.0,0.0,0.0,0.0,0.0,0.0,0.0,2,22.186442553079804,0.6875127244880183,-0.323899076616463,0.0
2,1.7,0.0,0.0,0.0,0.0,0.0,0.0,0.0,0.0,2,19.426601228076255,0.963054714660875,0.07935318998288841,0.0
2,1.8,0.0,0.0,0.0,0.0,0.0,0.0,0.0,0.0,2,23.225849027671185,0.09102400952081705,0.03784045704741168,0.0
2,1.9,0.0,0.0,0.0,0.0,0.0,0.0,0.0,0.0,2,17.124921627293954,-0.050164480833747194,0.8804107756551661,0.0
2,2.0,0.0,0.0,0.0,0.0,0.0,0.0,0.0,0.0,2,15.759833429640064,-0.4052368521992072,0.43941532027216723,-0.00686293293090335
2,2.1,0.0,0.0,0.0,0.0,0.0,0.0,0.0,0.0,2,11.539768788368859,-0.6739103482205386,0.4157253277915619,-0.00686293293090335
2,2.2,0.0,0.0,0.0,0.0,0.0,0.0,0.0,0.0,2,15.31014724834213,-0.7814167077641034,-0.4634619257633894,-0.00686293293090335
2,2.3,0.0,0.0,0.0,0.0,0.0,0.0,0.0,0.0,2,14.442258294298387,-0.3131035764193383,-0.5707071526009183,-0.00706167323790395
2,2.4,0.0,0.0,0.0,0.0,0.0,0.0,0.0,0.0,2,18.542084996751644,-0.5598861655404556,-0.5977841867208967,-0.00706167323790395
2,2.5,0.0,0.0,0.0,0.0,0.0,0.0,0.0,0.0,2,28.696793315609202,-0.474954872513857,-0.2518380810085582,-0.01477189827620185
2,2.6,0.0,0.0,0.0,0.0,0.0,0.0,0.0,0.0,2,21.626649143671894,-0.25583201756280427,-0.9494046978827372,-0.01477189827620185
2,2.7,0.0,0.0,0.0,0.0,0.0,0.0,0.0,0.0,2,20.925776482572072,0.23968866423041765,-0.08392598942612783,-0.01477189827620185
2,2.8,0.0,0.0,0.0,0.0,0.0,0.0,0.0,0.0,2,21.68839175248784,0.4449178015425444,-0.37642001585023116,-0.01477189827620185
2,2.9,0.0,0.0,0.0,0.0,0.0,0.0,0.0,0.0,2,13.034078713248228,0.3542699517405869,-0.8059232990164844,-0.01477189827620185
2,3.0,0.0,0.0,0.0,0.0,0.0,0.0,0.0,0.0,2,17.96991955512006,-0.37405367320713706,-0.8704094304318934,-0.0147718982762018
2,3.1,0.0,0.0,0.0,0.0,0.0,0.0,0.0,0.0,2,21.41853952731934,-0.5349964244238188,-0.5687825378174078,-0.01477189827620185
2,3.2,0.0,0.0,0.0,0.0,0.0,0.0,0.0,0.0,2,17.39500000555676,-0.11103793583614097,-0.003475143149393345,-0.0969889770687422
2,3.3,1.0,0.0,1.0,50.0,50.0,1.0,10.0,10.0,2,25.007302146329284,-0.11103793583614102,-0.003475143149393345,-0.09698897706874215
2,3.4,0.0,0.0,0.0,0.0,0.0,0.0,0.0,0.0,2,18.555341381605892,-0.2535208269829722,-0.046295273241351576,-0.102042299877598
2,3.5,0.0,0.0,0.0,0.0,0.0,0.0,0.0,0.0,2,22.557577976314647,0.4074329166373099,-0.2751816881810439,-0.28692879926733106
2,3.6,0.0,0.0,0.0,0.0,0.0,0.0,0.0,0.0,2,17.952462386339526,0.4074329166373099,-0.2751816881810439,-0.28692879926733095
2,3.7,1.0,0.0,1.0,50.0,50.0,1.0,10.0,10.0,2,17.481948148095366,0.4074329166373101,-0.27518168818104394,-0.286928799267331
2,3.8,0.0,0.0,0.0,0.0,0.0,0.0,0.0,0.0,2,21.067940473170772,0.4074329166373101,-0.27518168818104394,-0.286928799267331
2,3.9,0.0,0.0,0.0,0.0,0.0,0.0,0.0,0.0,2,25.04480807573436,0.40743291663731035,-0.27518168818104394,-0.286928799267331
2,4.0,0.0,0.0,0.0,0.0,0.0,0.0,0.0,0.0,2,16.529635127090245,0.4074329166373101,-0.27518168818104394,-0.28692879926733095
2,4.1,0.0,0.0,0.0,0.0,0.0,0.0,0.0,0.0,2,27.057160242838314,0.40743291663730985,-0.2751816881810438,-0.286928799267331
2,4.2,0.0,0.0,0.0,0.0,0.0,0.0,0.0,0.0,2,16.126558227646694,0.40743291663731007,-0.2751816881810438,-0.2869287992673311
2,4.3,0.0,0.0,0.0,0.0,0.0,0.0,0.0,0.0,2,20.69695764771446,0.4074329166373103,-0.2751816881810438,-0.2869287992673311
2,4.4,2.0,0.0,2.0,50.0,25.0,2.0,10.0,5.0,2,26.120649113946165,0.40743291663731024,-0.2751816881810437,-0.28692879926733117
2,4.5,0.0,0.0,0.0,0.0,0.0,1.0,10.0,10.0,2,14.761546018459441,0.40743291663731007,-0.2751816881810438,-0.28692879926733106
2,4.6,1.0,0.0,1.0,50.0,50.0,1.0,10.0,10.0,2,25.947974203006986,0.4074329166373103,-0.2751816881810438,-0.28692879926733106
2,4.7,0.0,0.0,0.0,0.0,0.0,0.0,0.0,0.0,2,16.01284860000035,0.4074329166373103,-0.2751816881810438,-0.28692879926733095
2,4.8,0.0,0.0,0.0,0.0,0.0,0.0,0.0,0.0,2,23.62572997183193,0.40743291663731057,-0.27518168818104394,-0.2869287992673309
2,4.9,1.0,0.0,1.0,50.0,50.0,1.0,10.0,10.0,2,23.593152535448876,0.40743291663731057,-0.27518168818104394,-0.28692879926733095
2,5.0,0.0,0.0,0.0,0.0,0.0,0.0,0.0,0.0,2,21.957969392126287,0.4074329166373103,-0.2751816881810438,-0.28692879926733106
2,5.1,0.0,0.0,0.0,0.0,0.0,0.0,0.0,0.0,2,20.700263306176943,0.40743291663731046,-0.2751816881810437,-0.28692879926733117
2,5.2,1.0,0.0,1.0,50.0,50.0,1.0,10.0,10.0,2,24.95593560744321,0.4074329166373103,-0.2751816881810438,-0.28692879926733106
2,5.3,0.0,0.0,0.0,0.0,0.0,0.0,0.0,0.0,2,22.396700420714634,0.40743291663731024,-0.2751816881810437,-0.2869287992673311
2,5.4,1.0,0.0,1.0,50.0,50.0,1.0,10.0,10.0,2,20.096929921325685,0.40743291663731007,-0.2751816881810438,-0.28692879926733106
2,5.5,1.0,0.0,1.0,50.0,50.0,1.0,10.0,10.0,2,17.69845972492118,0.40743291663731,-0.2751816881810437,-0.2869287992673311
2,5.6,0.0,0.0,0.0,0.0,0.0,0.0,0.0,0.0,2,11.073364064139923,0.4074329166373098,-0.2751816881810437,-0.28692879926733106
2,5.7,0.0,0.0,0.0,0.0,0.0,0.0,0.0,0.0,2,18.463201125560197,0.40743291663731007,-0.2751816881810438,-0.286928799267331
2,5.8,0.0,0.0,0.0,0.0,0.0,0.0,0.0,0.0,2,24.143401520336393,0.40743291663730985,-0.2751816881810438,-0.28692879926733106
2,5.9,0.0,0.0,0.0,0.0,0.0,0.0,0.0,0.0,2,19.504775798477887,0.4074329166373098,-0.2751816881810437,-0.28692879926733106
2,6.0,0.0,0.0,0.0,0.0,0.0,0.0,0.0,0.0,2,25.108843497160656,0.40743291663730985,-0.2751816881810438,-0.28692879926733106
2,6.1,1.0,0.0,1.0,50.0,50.0,1.0,10.0,10.0,2,15.83902167046377,0.4074329166373099,-0.2751816881810439,-0.286928799267331
2,6.2,0.0,0.0,0.0,0.0,0.0,0.0,0.0,0.0,2,17.87290445943046,0.4074329166373099,-0.2751816881810439,-0.286928799267331
2,6.3,0.0,0.0,0.0,0.0,0.0,0.0,0.0,0.0,2,26.43985694228243,0.40743291663730985,-0.2751816881810438,-0.28692879926733095
2,6.4,0.0,0.0,0.0,0.0,0.0,0.0,0.0,0.0,2,23.304672180604964,0.4074329166373099,-0.2751816881810439,-0.28692879926733084
2,6.5,1.0,0.0,1.0,50.0,50.0,1.0,10.0,10.0,2,18.523450520913222,0.40743291663730985,-0.2751816881810438,-0.286928799267331
2,6.6,0.0,0.0,0.0,0.0,0.0,0.0,0.0,0.0,2,22.066308302377347,0.4074329166373098,-0.2751816881810437,-0.2869287992673311
2,6.7,0.0,0.0,0.0,0.0,0.0,0.0,0.0,0.0,2,14.320190655125753,0.4074329166373102,-0.2751816881810436,-0.2869287992673312
2,6.8,0.0,0.0,0.0,0.0,0.0,0.0,0.0,0.0,2,23.56607499922723,0.40743291663730996,-0.2751816881810436,-0.2869287992673312
2,6.9,0.0,0.0,0.0,0.0,0.0,0.0,0.0,0.0,2,18.192353952038516,0.4074329166373101,-0.27518168818104355,-0.2869287992673313
2,7.0,0.0,0.0,0.0,0.0,0.0,0.0,0.0,0.0,2,21.86499560056472,0.40743291663731,-0.2751816881810434,-0.2869287992673314
2,7.1,0.0,0.0,0.0,0.0,0.0,0.0,0.0,0.0,2,16.93893328962663,0.4074329166373099,-0.27518168818104316,-0.2869287992673315
2,7.2,0.0,0.0,0.0,0.0,0.0,0.0,0.0,0.0,2,20.722593097300045,0.4074329166373098,-0.2751816881810434,-0.2869287992673312
2,7.3,1.0,0.0,1.0,50.0,50.0,1.0,10.0,10.0,2,20.702994422593406,0.40743291663730963,-0.2751816881810434,-0.28692879926733095
2,7.4,0.0,0.0,0.0,0.0,0.0,0.0,0.0,0.0,2,16.74564436152914,0.4074329166373098,-0.2751816881810434,-0.28692879926733106
2,7.5,0.0,0.0,0.0,0.0,0.0,0.0,0.0,0.0,2,17.883846034148455,0.40743291663731,-0.2751816881810434,-0.28692879926733117
2,7.6,0.0,0.0,0.0,0.0,0.0,0.0,0.0,0.0,2,16.705737817999236,0.4074329166373101,-0.27518168818104355,-0.2869287992673311
2,7.7,1.0,0.0,1.0,50.0,50.0,1.0,10.0,10.0,2,15.891712970648157,0.40743291663731046,-0.2751816881810437,-0.2869287992673311
2,7.8,0.0,0.0,0.0,0.0,0.0,0.0,0.0,0.0,2,22.564161501324108,0.4074329166373102,-0.2751816881810436,-0.28692879926733117
2,7.9,0.0,0.0,0.0,0.0,0.0,0.0,0.0,0.0,2,24.160022225564553,0.4074329166373099,-0.27518168818104355,-0.2869287992673312
2,8.0,1.0,0.0,1.0,50.0,50.0,1.0,10.0,10.0,2,17.120780809636166,0.4074329166373101,-0.27518168818104355,-0.28692879926733117
2,8.1,0.0,0.0,0.0,0.0,0.0,0.0,0.0,0.0,2,15.709241504333722,0.40743291663730996,-0.2751816881810436,-0.2869287992673311
2,8.2,6.0,0.0,6.0,48.0,8.0,6.0,30.0,5.0,2,21.03511981984009,0.40743291663730996,-0.2751816881810436,-0.28692879926733106
2,8.3,2.0,0.0,2.0,50.0,25.0,6.0,30.0,5.0,2,16.407924535714614,0.40743291663730985,-0.27518168818104344,-0.2869287992673314
2,8.4,0.0,0.0,0.0,0.0,0.0,1.0,3.0,3.0,2,12.599158629365242,0.40743291663731007,-0.27518168818104344,-0.28692879926733145
2,8.5,1.0,1.0,1.0,50.0,50.0,1.0,10.0,10.0,2,27.406221242283678,0.40743291663730946,-0.2751816881810431,-0.2869287992673317
2,8.6,0.0,0.0,0.0,0.0,0.0,0.0,0.0,0.0,2,22.04730628923044,0.40743291663730974,-0.2751816881810427,-0.28692879926733195
2,8.7,0.0,0.0,0.0,0.0,0.0,0.0,0.0,0.0,2,13.20021333279561,0.4074329166373093,-0.2751816881810427,-0.28692879926733195
2,8.8,1.0,0.0,1.0,50.0,50.0,1.0,10.0,10.0,2,12.683735731423836,0.407432916637309,-0.275181688181043,-0.2869287992673317
2,8.9,0.0,0.0,0.0,0.0,0.0,0.0,0.0,0.0,2,20.018195657755964,0.407432916637309,-0.275181688181043,-0.28692879926733184
2,9.0,0.0,0.0,0.0,0.0,0.0,0.0,0.0,0.0,2,27.627905482709757,0.40743291663730874,-0.2751816881810428,-0.2869287992673318
2,9.1,0.0,0.0,0.0,0.0,0.0,0.0,0.0,0.0,2,18.374463105994845,0.40743291663730835,-0.27518168818104255,-0.2869287992673321
2,9.2,1.0,0.0,1.0,50.0,50.0,1.0,2.0,2.0,2,16.746939833650778,0.4074329166373088,-0.27518168818104294,-0.28692879926733195
2,9.3,0.0,0.0,0.0,0.0,0.0,1.0,2.0,2.0,2,17.997537929550838,0.4074329166373085,-0.2751816881810428,-0.2869287992673323
2,9.4,1.0,0.0,1.0,50.0,50.0,2.0,4.0,2.0,2,17.687818573116466,0.4074329166373085,-0.2751816881810428,-0.28692879926733217
2,9.5,0.0,0.0,0.0,0.0,0.0,2.0,4.0,2.0,2,19.6410531845955,0.407432916637309,-0.2751816881810426,-0.28692879926733267
2,9.6,0.0,0.0,0.0,0.0,0.0,0.0,0.0,0.0,2,22.614985147337766,0.40743291663730874,-0.2751816881810421,-0.2869287992673332
2,9.7,1.0,0.0,1.0,50.0,50.0,1.0,10.0,10.0,2,25.97771581972423,0.40743291663730863,-0.2751816881810426,-0.28692879926733267
2,9.8,0.0,0.0,0.0,0.0,0.0,0.0,0.0,0.0,2,13.689981880305218,0.4074329166373085,-0.2751816881810421,-0.28692879926733295
2,9.9,0.0,0.0,0.0,0.0,0.0,0.0,0.0,0.0,2,20.015691238198727,0.40743291663730835,-0.2751816881810417,-0.28692879926733356
2,10.0,0.0,0.0,0.0,0.0,0.0,0.0,0.0,0.0,2,21.375604327334624,0.4074329166373078,-0.27518168818104183,-0.2869287992673336
2,10.1,0.0,0.0,0.0,0.0,0.0,0.0,0.0,0.0,2,19.782773902252572,0.40743291663730796,-0.275181688181043,-0.2869287992673322
2,10.2,0.0,0.0,0.0,0.0,0.0,0.0,0.0,0.0,2,24.985410259988097,0.4074329166373074,-0.2751816881810427,-0.28692879926733256
2,10.3,1.0,0.0,1.0,50.0,50.0,2.0,6.0,3.0,2,14.085224828115585,0.4074329166373065,-0.2751816881810406,-0.28692879926733417
2,10.4,0.0,1.0,0.0,0.0,0.0,1.0,10.0,10.0,2,19.957528148982757,0.4074329166373069,-0.27518168818104005,-0.2869287992673352
2,10.5,1.0,0.0,1.0,50.0,50.0,1.0,2.0,2.0,2,22.39883525952255,0.40743291663730835,-0.27518168818104305,-0.286928799267332
2,10.6,0.0,0.0,0.0,0.0,0.0,1.0,2.0,2.0,2,15.919242171558517,0.4074329166372983,-0.27518168818102545,-0.2869287992673473
2,10.7,0.0,0.0,0.0,0.0,0.0,0.0,0.0,0.0,2,17.57402345042406,-0.48738289914223765,-0.7216171883720437,0.2573850027149453
2,10.8,0.0,0.0,0.0,0.0,0.0,0.0,0.0,0.0,2,22.67265638088176,0.40743291663730397,-0.27518168818103617,-0.28692879926734055
2,10.9,0.0,0.0,0.0,0.0,0.0,0.0,0.0,0.0,2,17.986626085539488,-0.48738289914224453,-0.7216171883720294,0.2573850027149336
2,11.0,0.0,0.0,0.0,0.0,0.0,0.0,0.0,0.0,2,22.052555551748977,-0.48738289914229305,-0.7216171883719351,0.257385002714844
2,11.1,2.0,0.0,2.0,50.0,25.0,2.0,20.0,10.0,2,18.665727403466644,0.40743291663734826,-0.2751816881811267,-0.2869287992672535
2,11.2,0.0,0.0,0.0,0.0,0.0,0.0,0.0,0.0,2,17.28345359793491,0.40743291663739595,-0.2751816881812231,-0.28692879926716747
2,11.3,0.0,0.0,0.0,0.0,0.0,0.0,0.0,0.0,2,21.08582605883646,-0.48738289914234006,-0.721617188371841,0.25738500271476
2,11.4,1.0,0.0,1.0,50.0,50.0,1.0,10.0,10.0,2,16.15658377388337,0.40743291663739367,-0.275181688181214,-0.28692879926717435
2,11.5,0.0,0.0,0.0,0.0,0.0,0.0,0.0,0.0,2,21.534393444168586,-0.48738289914232835,-0.7216171883718525,0.25738500271477494
2,11.6,0.0,0.0,0.0,0.0,0.0,0.0,0.0,0.0,2,25.89010753164716,0.40743291663738895,-0.27518168818121,-0.2869287992671857
2,11.7,0.0,0.0,0.0,0.0,0.0,0.0,0.0,0.0,2,16.600401117083482,-0.4873828991423482,-0.7216171883718565,0.25738500271478837
2,11.8,0.0,0.0,0.0,0.0,0.0,0.0,0.0,0.0,2,17.56621530761644,0.4074329166374293,-0.27518168818122113,-0.28692879926718584
2,11.9,0.0,0.0,0.0,0.0,0.0,0.0,0.0,0.0,2,16.952447552240898,-0.40743291663743336,0.27518168818121835,0.2869287992671879
2,12.0,0.0,0.0,0.0,0.0,0.0,0.0,0.0,0.0,2,25.285544503992885,0.40743291663745407,-0.2751816881812148,-0.28692879926718107
2,12.1,0.0,0.0,0.0,0.0,0.0,0.0,0.0,0.0,2,18.912492093234373,-0.4074329166374643,0.27518168818122085,0.2869287992671761
2,12.2,7.0,0.0,7.0,49.0,7.0,7.0,10.0,1.4285714285714286,2,23.108955602015754,0.4873828991422873,0.7216171883718516,-0.25738500271477255
2,12.3,0.0,0.0,0.0,0.0,0.0,7.0,10.0,1.4285714285714286,2,25.45548887110135,-0.48738289914230853,-0.7216171883718523,0.25738500271477377
2,12.4,0.0,0.0,0.0,0.0,0.0,5.0,6.0,1.2,2,19.56389946967891,0.4873828991421153,0.7216171883722433,-0.2573850027151078
2,12.5,1.0,0.0,1.0,50.0,50.0,4.0,4.0,1.0,2,23.88465392742826,-0.48738289914214145,-0.7216171883722402,0.25738500271510967
2,12.6,3.0,0.0,3.0,48.0,16.0,5.0,6.0,1.2,2,17.282100948577877,0.4873828991421295,0.7216171883722386,-0.2573850027151094
2,12.7,0.0,0.0,0.0,0.0,0.0,5.0,6.0,1.2,2,24.42801246273573,-0.40743291663721487,0.27518168818082606,0.2869287992675007
2,12.8,0.0,0.0,0.0,0.0,0.0,4.0,20.0,5.0,2,17.36902609163923,0.4074329166372166,-0.2751816881808148,-0.2869287992675133
2,12.9,0.0,0.0,0.0,0.0,0.0,2.0,10.0,5.0,2,19.789865405268994,-0.4873828991420878,-0.7216171883722661,0.257385002715136
2,13.0,0.0,0.0,0.0,0.0,0.0,0.0,0.0,0.0,2,25.26069738903048,0.4873828991420977,0.7216171883722795,-0.2573850027151482
2,13.1,0.0,0.0,0.0,0.0,0.0,0.0,0.0,0.0,2,20.938386029808697,-0.48738289914209526,-0.7216171883722861,0.25738500271515186
2,13.2,1.0,0.0,1.0,50.0,50.0,1.0,10.0,10.0,2,14.476232559463117,0.4873828991420643,0.7216171883722989,-0.2573850027151705
2,13.3,0.0,0.0,0.0,0.0,0.0,0.0,0.0,0.0,2,22.97543601502647,-0.4873828991420964,-0.7216171883723073,0.2573850027151698
2,13.4,1.0,0.0,1.0,50.0,50.0,1.0,2.0,2.0,2,17.94284302020244,0.487382899142095,0.72161718837231,-0.2573850027151761
2,13.5,0.0,0.0,0.0,0.0,0.0,1.0,2.0,2.0,2,22.158802330500528,-0.40743291663717696,0.27518168818075456,0.28692879926757725
2,13.6,2.0,0.0,2.0,50.0,25.0,3.0,6.0,2.0,2,20.469513615668426,0.40743291663715425,-0.27518168818075794,-0.28692879926757214
2,13.7,1.0,0.0,1.0,50.0,50.0,3.0,6.0,2.0,2,23.94032473728177,-0.4074329166371664,0.27518168818076816,0.2869287992675802
2,13.8,0.0,0.0,0.0,0.0,0.0,2.0,4.0,2.0,2,24.504777122948866,0.4074329166378197,-0.2751816881808247,-0.2869287992676987
2,13.9,1.0,0.0,1.0,50.0,50.0,3.0,6.0,2.0,2,24.702930237875446,0.4873828991414866,0.7216171883723193,-0.2573850027150412
2,14.0,2.0,0.0,2.0,50.0,25.0,3.0,6.0,2.0,2,17.983777410909614,-0.4873828991415479,-0.7216171883723107,0.2573850027150348
2,14.1,1.0,0.0,1.0,50.0,50.0,3.0,6.0,2.0,2,11.120283458872382,-0.4074329166377817,0.2751816881808778,0.2869287992676535
2,14.2,0.0,0.0,0.0,0.0,0.0,2.0,4.0,2.0,2,23.097641220705214,0.4873828991415226,0.7216171883723008,-0.25738500271504017
2,14.3,1.0,0.0,1.0,50.0,50.0,2.0,4.0,2.0,2,21.00226419578898,-0.487382899141538,-0.7216171883722939,0.2573850027150344
2,14.4,0.0,0.0,0.0,0.0,0.0,1.0,10.0,10.0,2,28.4568716948587,0.40743291663768244,-0.2751816881808542,-0.2869287992676298
2,14.5,1.0,0.0,1.0,50.0,50.0,1.0,2.0,2.0,2,21.72299008058911,-0.40743291663768016,0.2751816881808531,0.28692879926763115
2,14.6,1.0,0.0,1.0,50.0,50.0,2.0,4.0,2.0,2,17.334609540296945,-0.4074329166377154,0.2751816881808644,0.2869287992676264
2,14.7,0.0,0.0,0.0,0.0,0.0,1.0,10.0,10.0,2,21.00973916528527,0.40743291663771314,-0.2751816881808704,-0.2869287992676177
2,14.8,1.0,0.0,1.0,50.0,50.0,1.0,2.0,2.0,2,20.982611780367115,-0.40743291663762954,0.27518168818085603,0.2869287992676401
2,14.9,0.0,0.0,0.0,0.0,0.0,1.0,2.0,2.0,2,15.673693997314588,0.4074329166376256,-0.2751816881808442,-0.2869287992676521
2,15.0,1.0,0.0,1.0,50.0,50.0,1.0,2.0,2.0,2,13.435756632011097,-0.4873828991417194,-0.721617188372303,0.2573850027151211
2,15.1,0.0,0.0,0.0,0.0,0.0,1.0,2.0,2.0,2,22.32268941690009,0.48738289914175886,0.7216171883723113,-0.25738500271512127
2,15.2,1.0,0.0,1.0,50.0,50.0,2.0,4.0,2.0,2,18.878803586618112,-0.48738289914174765,-0.7216171883723146,0.2573850027151235
2,15.3,0.0,0.0,0.0,0.0,0.0,2.0,4.0,2.0,2,19.807879479431048,0.4074329166374897,-0.2751816881807941,-0.2869287992676748
2,15.4,0.0,0.0,0.0,0.0,0.0,0.0,0.0,0.0,2,23.328790417365518,-0.40743291663746395,0.27518168818078914,0.28692879926768156
2,15.5,1.0,0.0,1.0,50.0,50.0,1.0,2.0,2.0,2,20.23065044788102,-0.48738289914177624,-0.7216171883723786,0.25738500271520076
2,15.6,0.0,0.0,0.0,0.0,0.0,1.0,2.0,2.0,2,21.072501547539385,0.487382899141755,0.7216171883723803,-0.25738500271520487
2,15.7,1.0,0.0,1.0,50.0,50.0,1.0,2.0,2.0,2,19.890462796588004,-0.4873828991417538,-0.7216171883723785,0.2573850027152101
2,15.8,1.0,0.0,1.0,50.0,50.0,2.0,4.0,2.0,2,14.94496800383826,0.48738289914174165,0.7216171883723856,-0.2573850027152255
2,15.9,1.0,0.0,1.0,50.0,50.0,2.0,4.0,2.0,2,27.82313959577723,-0.4873828991420675,-0.7216171883717211,0.2573850027145391
2,16.0,1.0,0.0,1.0,50.0,50.0,3.0,6.0,2.0,2,21.555989244670677,0.48738289914205557,0.7216171883717175,-0.25738500271453596
2,16.1,1.0,0.0,1.0,50.0,50.0,3.0,6.0,2.0,2,12.985161394267914,0.4074329166378163,-0.2751816881814086,-0.2869287992670378
2,16.2,12.0,0.0,12.0,48.0,4.0,14.0,18.0,1.2857142857142858,2,20.363817881856484,-0.407432916637835,0.27518168818141464,0.2869287992670226
2,16.3,0.0,0.0,0.0,0.0,0.0,13.0,18.0,1.3846153846153846,2,26.003751711194013,0.407432916637837,-0.27518168818141253,-0.28692879926702847
2,16.4,0.0,0.0,0.0,0.0,0.0,12.0,16.0,1.3333333333333333,2,25.423726932988217,-0.4074329166378736,0.275181688181409,0.2869287992670381
2,16.5,2.0,0.0,2.0,50.0,25.0,9.0,10.0,1.1111111111111112,2,18.594919224666604,0.4074329166378743,-0.27518168818142985,-0.28692879926699827
2,16.6,3.0,0.0,3.0,48.0,16.0,9.0,12.0,1.3333333333333333,2,20.08282729743038,-0.48738289914202854,-0.7216171883717016,0.25738500271449505
2,16.7,1.0,0.0,1.0,50.0,50.0,8.0,10.0,1.25,2,16.997395231430936,0.48738289914169924,0.7216171883717198,-0.25738500271451525
2,16.8,0.0,0.0,0.0,0.0,0.0,5.0,6.0,1.2,2,20.625624291340493,-0.4873828991416892,-0.7216171883717261,0.2573850027144781
2,16.9,1.0,0.0,1.0,50.0,50.0,4.0,4.0,1.0,2,21.8661491202916,0.4873828991415059,0.721617188371739,-0.2573850027144922
2,17.0,0.0,0.0,0.0,0.0,0.0,4.0,4.0,1.0,2,14.914476070468222,-0.4873828991415079,-0.721617188371724,0.2573850027144748
2,17.1,0.0,0.0,0.0,0.0,0.0,3.0,4.0,1.3333333333333333,2,24.448827268562482,0.40743291663844056,-0.2751816881815079,-0.286928799266877
2,17.2,0.0,0.0,0.0,0.0,0.0,3.0,4.0,1.3333333333333333,2,11.353104808183911,-0.4074329166384312,0.2751816881815061,0.2869287992668772
2,17.3,0.0,0.0,0.0,0.0,0.0,2.0,2.0,1.0,2,12.981205872604857,-0.40743291663845643,0.27518168818150396,0.28692879926688086
2,17.4,0.0,0.0,0.0,0.0,0.0,1.0,2.0,2.0,2,26.6843958945866,0.40743291663844766,-0.2751816881815212,-0.2869287992668616
2,17.5,0.0,0.0,0.0,0.0,0.0,0.0,0.0,0.0,2,21.113597981442076,-0.40743291663843656,0.27518168818151856,0.2869287992668634
2,17.6,1.0,0.0,1.0,50.0,50.0,1.0,10.0,10.0,2,20.238381882513274,-0.4074329166387851,0.27518168818157684,0.2869287992668637
2,17.7,1.0,0.0,1.0,50.0,50.0,1.0,2.0,2.0,2,17.967586074004302,0.40743291663878434,-0.2751816881815692,-0.2869287992668721
2,17.8,1.0,0.0,1.0,50.0,50.0,2.0,4.0,2.0,2,16.9388009359005,-0.48738289914120425,-0.7216171883717059,0.25738500271448034
2,17.9,0.0,0.0,0.0,0.0,0.0,2.0,4.0,2.0,2,14.230111988452547,0.48738289914106026,0.7216171883716731,-0.25738500271444686
2,18.0,0.0,0.0,0.0,0.0,0.0,0.0,0.0,0.0,2,23.62527775212019,-0.4873828991410569,-0.7216171883716624,0.25738500271443865
2,18.1,0.0,0.0,0.0,0.0,0.0,0.0,0.0,0.0,2,16.808851715317658,0.487382899141039,0.7216171883716622,-0.25738500271443715
2,18.2,1.0,0.0,1.0,50.0,50.0,1.0,2.0,2.0,2,20.463214887578427,-0.4873828991410424,-0.721617188371606,0.2573850027143761
2,18.3,0.0,0.0,0.0,0.0,0.0,1.0,2.0,2.0,2,20.648894541653718,0.48738289914103555,0.721617188371612,-0.25738500271438186
2,18.4,0.0,0.0,0.0,0.0,0.0,1.0,2.0,2.0,2,22.440153760921365,0.4074329166390173,-0.27518168818163885,-0.2869287992667369
2,18.5,1.0,0.0,1.0,50.0,50.0,1.0,2.0,2.0,2,21.736714086267664,-0.4074329166389606,0.27518168818163036,0.28692879926674947
2,18.6,1.0,0.0,1.0,50.0,50.0,2.0,2.0,1.0,2,19.888783216816726,-0.48738289914106686,-0.7216171883716554,0.2573850027143842
2,18.7,2.0,0.0,2.0,50.0,25.0,3.0,6.0,2.0,2,14.228403303332467,0.4074329166388874,-0.27518168818163785,-0.28692879926672127
2,18.8,0.0,0.0,0.0,0.0,0.0,3.0,6.0,2.0,2,19.97318046538539,-0.4074329166388885,0.27518168818164945,0.28692879926671255
2,18.9,2.0,0.0,2.0,50.0,25.0,4.0,6.0,1.5,2,15.599722304820311,0.40743291663888953,-0.27518168818164923,-0.28692879926672676
2,19.0,1.0,0.0,1.0,50.0,50.0,4.0,6.0,1.5,2,20.851872997811885,-0.48738289914116456,-0.721617188371626,0.2573850027143832
2,19.1,0.0,0.0,0.0,0.0,0.0,3.0,4.0,1.3333333333333333,2,12.873295232970229,0.48738289914114763,0.7216171883716265,-0.25738500271438314
2,19.2,1.0,0.0,1.0,50.0,50.0,2.0,2.0,1.0,2,16.091238921375385,0.4074329166388683,-0.27518168818166044,-0.2869287992666931
2,19.3,1.0,0.0,1.0,50.0,50.0,3.0,4.0,1.3333333333333333,2,18.161711238533726,-0.4074329166388904,0.27518168818165833,0.28692879926669823
2,19.4,0.0,0.0,0.0,0.0,0.0,2.0,4.0,2.0,2,19.90956552875567,-0.4873828991411959,-0.7216171883716062,0.25738500271436315
2,19.5,1.0,0.0,1.0,50.0,50.0,3.0,6.0,2.0,2,18.308980743319044,0.48738289914118615,0.7216171883716038,-0.2573850027143608
2,19.6,2.0,0.0,2.0,50.0,25.0,3.0,4.0,1.3333333333333333,2,18.93898081987893,-0.48738289914112026,-0.721617188371748,0.257385002714626
2,19.7,2.0,0.0,2.0,50.0,25.0,4.0,6.0,1.5,2,21.04696536323027,0.48738289914112115,0.7216171883717495,-0.2573850027146302
2,19.8,2.0,0.0,2.0,50.0,25.0,6.0,8.0,1.3333333333333333,2,21.005949664673274,0.4074329166388134,-0.27518168818151584,-0.28692879926698917
2,19.9,1.0,0.0,1.0,50.0,50.0,7.0,10.0,1.4285714285714286,2,24.61722308415044,-0.48738289914119687,-0.7216171883717508,0.2573850027146544
2,20.0,1.0,0.0,1.0,50.0,50.0,5.0,8.0,1.6,2,21.69650749194703,0.48738289914119937,0.7216171883717386,-0.25738500271463366
3,0.1,0.0,0.0,0.0,0.0,0.0,0.0,0.0,0.0,2,19.36634621189994,-0.516838707465299,0.2600359013285656,0.0
3,0.2,0.0,0.0,0.0,0.0,0.0,0.0,0.0,0.0,2,20.628101574942335,0.09023668474502766,0.18337227794864464,0.0
3,0.3,0.0,0.0,0.0,0.0,0.0,0.0,0.0,0.0,2,18.082691822545648,0.31604569789774556,0.20862630596590642,0.0
3,0.4,0.0,0.0,0.0,0.0,0.0,0.0,0.0,0.0,2,26.622631870313334,0.019600788268021696,0.49801911586135006,0.0
3,0.5,0.0,0.0,0.0,0.0,0.0,0.0,0.0,0.0,2,26.210479393984393,0.7464376319586027,0.5422771811066909,0.0
3,0.6,0.0,0.0,0.0,0.0,0.0,0.0,0.0,0.0,2,13.915197428198013,-0.7816219172489198,0.6103972471703916,-0.0059918024260272
3,0.7,0.0,0.0,0.0,0.0,0.0,0.0,0.0,0.0,2,19.169570857577447,0.04536542189857895,0.10058362042303653,-0.00599180242602725
3,0.8,0.0,0.0,0.0,0.0,0.0,0.0,0.0,0.0,2,16.59472772027845,-0.391136095788789,-0.24385603622060104,-0.00599180242602725
3,0.9,0.0,0.0,0.0,0.0,0.0,0.0,0.0,0.0,2,20.493946234675242,-0.8810791799576407,0.038234819165406,-0.00599180242602725
3,1.0,0.0,0.0,0.0,0.0,0.0,0.0,0.0,0.0,2,28.61541064090698,0.8958729924729829,0.42898279725694677,-0.0129823486129952
3,1.1,0.0,0.0,0.0,0.0,0.0,0.0,0.0,0.0,2,25.039293190238205,0.7291218648911804,-0.26705524320740603,-0.0129823486129952
3,1.2,0.0,0.0,0.0,0.0,0.0,0.0,0.0,0.0,2,13.866407581817509,0.9300885294371866,0.36479368016495617,-0.0129823486129952
3,1.3,0.0,0.0,0.0,0.0,0.0,0.0,0.0,0.0,2,22.46642738435288,0.833052694798931,0.5091661645070288,-0.0129823486129952
3,1.4,0.0,0.0,0.0,0.0,0.0,0.0,0.0,0.0,2,22.530254813994386,0.5387523168283912,-0.3333301316928301,-0.0129823486129952
3,1.5,0.0,0.0,0.0,0.0,0.0,0.0,0.0,0.0,2,27.758523970482912,-0.006381135017343664,0.3046917291255039,-0.0129823486129952
3,1.6,0.0,0.0,0.0,0.0,0.0,0.0,0.0,0.0,2,16.913929554510922,0.5771051265714542,-0.32670797017411946,-0.0129823486129952
3,1.7,0.0,0.0,0.0,0.0,0.0,0.0,0.0,0.0,2,17.224715627153294,0.18512742585559444,0.5711880362884738,-0.04249936813817575
3,1.8,0.0,0.0,0.0,0.0,0.0,0.0,0.0,0.0,2,17.60216758242844,0.18512742585559444,0.5711880362884738,-0.04249936813817575
3,1.9,0.0,0.0,0.0,0.0,0.0,0.0,0.0,0.0,2,17.36597113133174,0.18512742585559444,0.5711880362884738,-0.04249936813817575
3,2.0,0.0,0.0,0.0,0.0,0.0,0.0,0.0,0.0,2,22.144278585697275,0.18512742585559444,0.5711880362884738,-0.04249936813817575
3,2.1,0.0,0.0,0.0,0.0,0.0,0.0,0.0,0.0,2,19.647754811344903,0.18512742585559444,0.5711880362884738,-0.04249936813817575
3,2.2,0.0,0.0,0.0,0.0,0.0,0.0,0.0,0.0,2,16.775643146945065,0.9555968641545739,0.031845154404609805,-0.0810815000830761
3,2.3,0.0,0.0,0.0,0.0,0.0,0.0,0.0,0.0,2,17.99194617453451,0.9555968641545739,0.03184515440460972,-0.0810815000830761
3,2.4,0.0,0.0,0.0,0.0,0.0,0.0,0.0,0.0,2,23.044311837490916,0.9555968641545739,0.03184515440460972,-0.08108150008307616
3,2.5,0.0,0.0,0.0,0.0,0.0,0.0,0.0,0.0,2,22.939659265462737,0.955596864154574,0.03184515440460961,-0.0810815000830761
3,2.6,0.0,0.0,0.0,0.0,0.0,0.0,0.0,0.0,2,24.49163674663607,0.9555968641545739,0.031845154404609416,-0.08108150008307616
3,2.7,0.0,0.0,0.0,0.0,0.0,0.0,0.0,0.0,2,21.515406460226533,0.9555968641545738,0.03184515440460953,-0.08108150008307616
3,2.8,0.0,0.0,0.0,0.0,0.0,0.0,0.0,0.0,2,14.216320286666601,0.9555968641545738,0.03184515440460953,-0.08108150008307616
3,2.9,0.0,0.0,0.0,0.0,0.0,0.0,0.0,0.0,2,23.301344994366904,0.9555968641545738,0.03184515440460961,-0.0810815000830761
3,3.0,0.0,0.0,0.0,0.0,0.0,0.0,0.0,0.0,2,11.606596535215047,0.9555968641545738,0.03184515440460953,-0.08108150008307616
3,3.1,0.0,0.0,0.0,0.0,0.0,0.0,0.0,0.0,2,15.68535050386453,0.9555968641545739,0.031845154404609416,-0.08108150008307621
3,3.2,0.0,0.0,0.0,0.0,0.0,0.0,0.0,0.0,2,16.567453431259487,0.9555968641545738,0.03184515440460953,-0.08108150008307621
3,3.3,0.0,0.0,0.0,0.0,0.0,0.0,0.0,0.0,2,20.97203056249993,0.9555968641545739,0.031845154404609416,-0.08108150008307621
3,3.4,0.0,0.0,0.0,0.0,0.0,0.0,0.0,0.0,2,15.900979007065644,0.9555968641545738,0.03184515440460953,-0.08108150008307621
3,3.5,0.0,0.0,0.0,0.0,0.0,0.0,0.0,0.0,2,19.17119857847699,0.9555968641545738,0.03184515440460953,-0.08108150008307621
3,3.6,0.0,0.0,0.0,0.0,0.0,0.0,0.0,0.0,2,19.627841730333213,0.9555968641545738,0.03184515440460961,-0.08108150008307621
3,3.7,1.0,0.0,1.0,50.0,50.0,1.0,2.0,2.0,2,19.38714583145402,0.9555968641545738,0.03184515440460961,-0.08108150008307624
3,3.8,0.0,0.0,0.0,0.0,0.0,1.0,2.0,2.0,2,25.512063728770023,0.9555968641545738,0.03184515440460961,-0.08108150008307624
3,3.9,0.0,0.0,0.0,0.0,0.0,1.0,2.0,2.0,2,18.663477435399017,0.9555968641545738,0.03184515440460972,-0.08108150008307621
3,4.0,0.0,0.0,0.0,0.0,0.0,0.0,0.0,0.0,2,11.930429230082499,0.9555968641545738,0.03184515440460972,-0.08108150008307621
3,4.1,0.0,0.0,0.0,0.0,0.0,0.0,0.0,0.0,2,28.291414659152203,0.9555968641545738,0.03184515440460972,-0.08108150008307616
3,4.2,0.0,0.0,0.0,0.0,0.0,0.0,0.0,0.0,2,16.93754255380092,0.9555968641545738,0.03184515440460983,-0.0810815000830762
3,4.3,0.0,0.0,0.0,0.0,0.0,0.0,0.0,0.0,2,15.037794036992597,0.9555968641545738,0.03184515440460983,-0.0810815000830762
3,4.4,0.0,0.0,0.0,0.0,0.0,0.0,0.0,0.0,2,21.91594847760249,0.9555968641545738,0.0318451544046095,-0.0810815000830762
3,4.5,1.0,0.0,1.0,50.0,50.0,1.0,3.0,3.0,2,22.31006531864351,0.9555968641545738,0.0318451544046095,-0.0810815000830762
3,4.6,1.0,0.0,1.0,50.0,50.0,2.0,6.0,3.0,2,14.96469542589622,0.9555968641545738,0.03184515440460939,-0.0810815000830762
3,4.7,0.0,0.0,0.0,0.0,0.0,1.0,3.0,3.0,2,23.05524342942687,0.9555968641545738,0.031845154404609305,-0.08108150008307614
3,4.8,0.0,0.0,0.0,0.0,0.0,0.0,0.0,0.0,2,26.705894505643194,0.9555968641545738,0.03184515440460939,-0.08108150008307614
3,4.9,0.0,0.0,0.0,0.0,0.0,0.0,0.0,0.0,2,23.435921273446976,0.9555968641545738,0.0318451544046095,-0.08108150008307614
3,5.0,0.0,0.0,0.0,0.0,0.0,0.0,0.0,0.0,2,11.405641251614542,0.9555968641545738,0.03184515440460939,-0.08108150008307614
3,5.1,1.0,0.0,1.0,50.0,50.0,1.0,10.0,10.0,2,21.782703383907172,0.9555968641545738,0.031845154404609305,-0.08108150008307614
3,5.2,0.0,0.0,0.0,0.0,0.0,0.0,0.0,0.0,2,15.838769329922174,0.9555968641545738,0.031845154404609305,-0.08108150008307614
3,5.3,0.0,0.0,0.0,0.0,0.0,0.0,0.0,0.0,2,20.85030561713038,0.9555968641545738,0.03184515440460953,-0.0810815000830762
3,5.4,0.0,0.0,0.0,0.0,0.0,0.0,0.0,0.0,2,20.92644208866981,0.9555968641545739,0.031845154404609416,-0.0810815000830762
3,5.5,0.0,0.0,0.0,0.0,0.0,0.0,0.0,0.0,2,12.577599590285523,0.9555968641545739,0.031845154404609416,-0.0810815000830762
3,5.6,0.0,0.0,0.0,0.0,0.0,0.0,0.0,0.0,2,26.44322554988701,0.9555968641545738,0.03184515440460953,-0.08108150008307616
3,5.7,0.0,0.0,0.0,0.0,0.0,0.0,0.0,0.0,2,21.542544541472516,0.9555968641545738,0.03184515440460953,-0.08108150008307616
3,5.8,0.0,0.0,0.0,0.0,0.0,0.0,0.0,0.0,2,21.95519706317792,0.9555968641545738,0.03184515440460953,-0.08108150008307616
3,5.9,0.0,0.0,0.0,0.0,0.0,0.0,0.0,0.0,2,25.38218317530484,0.9555968641545739,0.031845154404609416,-0.08108150008307616
3,6.0,0.0,0.0,0.0,0.0,0.0,0.0,0.0,0.0,2,28.10693971127491,0.955596864154574,0.031845154404609194,-0.08108150008307616
3,6.1,0.0,0.0,0.0,0.0,0.0,0.0,0.0,0.0,2,19.836759526055612,0.955596864154574,0.031845154404609194,-0.0810815000830761
3,6.2,0.0,0.0,0.0,0.0,0.0,0.0,0.0,0.0,2,21.821401896615942,0.955596864154574,0.03184515440460911,-0.08108150008307616
3,6.3,1.0,0.0,1.0,50.0,50.0,1.0,3.0,3.0,2,21.797989788523896,0.955596864154574,0.031845154404609194,-0.08108150008307616
3,6.4,0.0,0.0,0.0,0.0,0.0,1.0,3.0,3.0,2,28.73163249230224,0.9555968641545739,0.031845154404609416,-0.08108150008307616
3,6.5,0.0,0.0,0.0,0.0,0.0,1.0,3.0,3.0,2,20.962467070400557,0.9555968641545738,0.03184515440460953,-0.0810815000830762
3,6.6,0.0,0.0,0.0,0.0,0.0,0.0,0.0,0.0,2,21.348280617294368,0.9555968641545739,0.031845154404609416,-0.08108150008307626
3,6.7,0.0,0.0,0.0,0.0,0.0,0.0,0.0,0.0,2,20.199298356243318,0.9555968641545738,0.03184515440460939,-0.08108150008307621
3,6.8,0.0,0.0,0.0,0.0,0.0,0.0,0.0,0.0,2,26.64966126485522,0.9555968641545738,0.03184515440460972,-0.0810815000830762
3,6.9,0.0,0.0,0.0,0.0,0.0,0.0,0.0,0.0,2,19.567391924336306,0.9555968641545738,0.03184515440460983,-0.08108150008307616
3,7.0,0.0,0.0,0.0,0.0,0.0,0.0,0.0,0.0,2,26.65973212184356,0.9555968641545737,0.031845154404610054,-0.08108150008307616
3,7.1,0.0,0.0,0.0,0.0,0.0,0.0,0.0,0.0,2,17.59387849956155,0.9555968641545738,0.03184515440460972,-0.08108150008307605
3,7.2,0.0,0.0,0.0,0.0,0.0,0.0,0.0,0.0,2,17.119025644537476,0.9555968641545738,0.03184515440461025,-0.08108150008307605
3,7.3,0.0,0.0,0.0,0.0,0.0,0.0,0.0,0.0,2,20.707359513818552,0.9555968641545738,0.03184515440461003,-0.0810815000830761
3,7.4,0.0,0.0,0.0,0.0,0.0,0.0,0.0,0.0,2,13.608537895308679,0.9555968641545737,0.031845154404610054,-0.0810815000830761
3,7.5,0.0,0.0,0.0,0.0,0.0,0.0,0.0,0.0,2,14.576419718265292,0.9555968641545737,0.031845154404610054,-0.0810815000830761
3,7.6,0.0,0.0,0.0,0.0,0.0,0.0,0.0,0.0,2,19.659030422266646,0.9555968641545737,0.031845154404610054,-0.0810815000830761
3,7.7,1.0,0.0,1.0,50.0,50.0,1.0,3.0,3.0,2,17.786168831452215,0.9555968641545736,0.03184515440461036,-0.0810815000830761
3,7.8,0.0,0.0,0.0,0.0,0.0,1.0,3.0,3.0,2,23.791307519871193,0.9555968641545736,0.03184515440461025,-0.08108150008307605
3,7.9,0.0,0.0,0.0,0.0,0.0,0.0,0.0,0.0,2,22.08992355255245,0.9555968641545736,0.03184515440461058,-0.0810815000830761
3,8.0,0.0,0.0,0.0,0.0,0.0,0.0,0.0,0.0,2,16.071767745581663,0.9555968641545735,0.031845154404610665,-0.08108150008307616
3,8.1,0.0,0.0,0.0,0.0,0.0,0.0,0.0,0.0,2,20.702510800506676,0.9555968641545736,0.03184515440461058,-0.0810815000830761
3,8.2,3.0,0.0,3.0,48.0,16.0,3.0,30.0,10.0,2,21.523566225223526,0.9555968641545735,0.031845154404610776,-0.08108150008307605
3,8.3,0.0,0.0,0.0,0.0,0.0,0.0,0.0,0.0,2,16.49225751491755,0.9555968641545733,0.031845154404611,-0.08108150008307616
3,8.4,0.0,0.0,0.0,0.0,0.0,0.0,0.0,0.0,2,19.146510110439568,0.9555968641545733,0.03184515440461119,-0.0810815000830761
3,8.5,0.0,0.0,0.0,0.0,0.0,0.0,0.0,0.0,2,17.51908085992292,0.9555968641545733,0.03184515440461119,-0.08108150008307616
3,8.6,0.0,0.0,0.0,0.0,0.0,0.0,0.0,0.0,2,18.916678389482563,0.9555968641545733,0.03184515440461119,-0.0810815000830762
3,8.7,0.0,0.0,0.0,0.0,0.0,0.0,0.0,0.0,2,19.12135256903367,0.9555968641545733,0.03184515440461108,-0.08108150008307616
3,8.8,0.0,0.0,0.0,0.0,0.0,0.0,0.0,0.0,2,16.058248597177933,0.9555968641545733,0.031845154404611,-0.08108150008307624
3,8.9,0.0,0.0,0.0,0.0,0.0,0.0,0.0,0.0,2,17.150512046811684,0.9555968641545733,0.031845154404611,-0.08108150008307616
3,9.0,0.0,0.0,0.0,0.0,0.0,0.0,0.0,0.0,2,20.474574674086817,0.9555968641545733,0.031845154404611,-0.08108150008307616
3,9.1,0.0,0.0,0.0,0.0,0.0,0.0,0.0,0.0,2,16.626171306651116,0.9555968641545733,0.03184515440461119,-0.0810815000830761
3,9.2,0.0,0.0,0.0,0.0,0.0,0.0,0.0,0.0,2,22.87133765923653,0.9555968641545733,0.03184515440461119,-0.08108150008307605
3,9.3,0.0,0.0,0.0,0.0,0.0,0.0,0.0,0.0,2,22.21738743278899,0.9555968641545733,0.031845154404611,-0.0810815000830761
3,9.4,0.0,0.0,0.0,0.0,0.0,0.0,0.0,0.0,2,17.415227128031056,0.9555968641545733,0.03184515440461119,-0.0810815000830761
3,9.5,0.0,0.0,0.0,0.0,0.0,0.0,0.0,0.0,2,15.666101800249017,0.9555968641545732,0.03184515440461172,-0.0810815000830761
3,9.6,0.0,0.0,0.0,0.0,0.0,0.0,0.0,0.0,2,21.46405390447218,0.9555968641545732,0.0318451544046113,-0.08108150008307605
3,9.7,0.0,0.0,0.0,0.0,0.0,0.0,0.0,0.0,2,20.10226789078315,0.9555968641545733,0.03184515440461119,-0.08108150008307614
3,9.8,1.0,0.0,1.0,50.0,50.0,1.0,3.0,3.0,2,28.510722429314256,0.9555968641545732,0.0318451544046113,-0.0810815000830761
3,9.9,0.0,0.0,0.0,0.0,0.0,1.0,3.0,3.0,2,19.27963447242793,0.9555968641545731,0.031845154404611525,-0.08108150008307605
3,10.0,0.0,0.0,0.0,0.0,0.0,0.0,0.0,0.0,2,16.73884883143349,0.9555968641545733,0.03184515440461119,-0.08108150008307605
3,10.1,0.0,0.0,0.0,0.0,0.0,0.0,0.0,0.0,2,16.721506384400314,0.9555968641545735,0.031845154404610776,-0.08108150008307605
3,10.2,0.0,0.0,0.0,0.0,0.0,0.0,0.0,0.0,2,22.029392029227335,0.9555968641545736,0.03184515440461058,-0.08108150008307605
3,10.3,0.0,0.0,0.0,0.0,0.0,0.0,0.0,0.0,2,12.633162535614126,0.9555968641545735,0.031845154404610776,-0.0810815000830761
3,10.4,0.0,0.0,0.0,0.0,0.0,0.0,0.0,0.0,2,19.199217277903198,0.9555968641545736,0.03184515440461047,-0.0810815000830761
3,10.5,0.0,0.0,0.0,0.0,0.0,0.0,0.0,0.0,2,21.026981037245967,0.9555968641545737,0.031845154404610054,-0.08108150008307616
3,10.6,0.0,0.0,0.0,0.0,0.0,0.0,0.0,0.0,2,19.197705459560964,0.9555968641545738,0.03184515440460983,-0.0810815000830762
3,10.7,0.0,0.0,0.0,0.0,0.0,0.0,0.0,0.0,2,16.974075433156802,0.9555968641545738,0.03184515440460961,-0.0810815000830763
3,10.8,0.0,0.0,0.0,0.0,0.0,0.0,0.0,0.0,2,14.809508936219217,0.9555968641545738,0.03184515440461003,-0.08108150008307624
3,10.9,0.0,0.0,0.0,0.0,0.0,0.0,0.0,0.0,2,18.092743465736906,0.9555968641545739,0.03184515440460972,-0.08108150008307635
3,11.0,0.0,0.0,0.0,0.0,0.0,0.0,0.0,0.0,2,13.800513342526237,0.955596864154574,0.031845154404609305,-0.08108150008307635
3,11.1,0.0,0.0,0.0,0.0,0.0,0.0,0.0,0.0,2,15.72023072394508,0.9555968641545742,0.03184515440460897,-0.0810815000830763
3,11.2,0.0,0.0,0.0,0.0,0.0,0.0,0.0,0.0,2,11.375519912536458,0.9555968641545741,0.031845154404609194,-0.0810815000830763
3,11.3,0.0,0.0,0.0,0.0,0.0,0.0,0.0,0.0,2,17.46838493306632,0.9555968641545741,0.031845154404609194,-0.08108150008307624
3,11.4,1.0,0.0,1.0,50.0,50.0,1.0,10.0,10.0,2,16.393451357157716,0.9555968641545742,0.03184515440460908,-0.0810815000830763
3,11.5,1.0,0.0,1.0,50.0,50.0,1.0,10.0,10.0,2,19.68810714996139,0.955596864154574,0.031845154404609416,-0.08108150008307624
3,11.6,0.0,0.0,0.0,0.0,0.0,0.0,0.0,0.0,2,27.509296181311235,0.955596864154574,0.03184515440460961,-0.08108150008307619
3,11.7,0.0,0.0,0.0,0.0,0.0,0.0,0.0,0.0,2,20.496922099276404,0.9555968641545738,0.03184515440461044,-0.08108150008307624
3,11.8,0.0,0.0,0.0,0.0,0.0,0.0,0.0,0.0,2,13.670735168738158,0.9555968641545736,0.03184515440461119,-0.0810815000830763
3,11.9,1.0,0.0,1.0,50.0,50.0,1.0,10.0,10.0,2,23.098436254147813,0.9555968641545733,0.03184515440461194,-0.08108150008307641
3,12.0,1.0,0.0,1.0,50.0,50.0,1.0,10.0,10.0,2,12.069399430221232,0.9555968641545736,0.03184515440461119,-0.08108150008307624
3,12.1,0.0,0.0,0.0,0.0,0.0,0.0,0.0,0.0,2,28.5746546097225,0.9555968641545733,0.03184515440461194,-0.08108150008307635
3,12.2,3.0,0.0,3.0,48.0,16.0,3.0,10.0,3.3333333333333335,2,13.389348248682381,0.9555968641545732,0.031845154404612136,-0.0810815000830763
3,12.3,0.0,0.0,0.0,0.0,0.0,2.0,10.0,5.0,2,18.645866880069725,0.9555968641545732,0.031845154404612136,-0.08108150008307626
3,12.4,0.0,0.0,0.0,0.0,0.0,0.0,0.0,0.0,2,14.898816564291145,0.9555968641545731,0.03184515440461266,-0.08108150008307635
3,12.5,1.0,0.0,1.0,50.0,50.0,1.0,10.0,10.0,2,16.686381530075654,0.9555968641545729,0.0318451544046133,-0.0810815000830763
3,12.6,3.0,0.0,3.0,48.0,16.0,3.0,6.0,2.0,2,14.713898374268446,0.9555968641545727,0.03184515440461372,-0.08108150008307645
3,12.7,0.0,0.0,0.0,0.0,0.0,3.0,6.0,2.0,2,13.996109753636524,0.9555968641545727,0.03184515440461361,-0.08108150008307649
3,12.8,0.0,0.0,0.0,0.0,0.0,2.0,10.0,5.0,2,20.595137237201037,0.9555968641545731,0.03184515440461225,-0.08108150008307655
3,12.9,0.0,0.0,0.0,0.0,0.0,0.0,0.0,0.0,2,20.205082684812673,0.9555968641545725,0.031845154404614245,-0.08108150008307624
3,13.0,0.0,0.0,0.0,0.0,0.0,0.0,0.0,0.0,2,18.476119856390767,0.9555968641545731,0.031845154404612025,-0.08108150008307659
3,13.1,0.0,0.0,0.0,0.0,0.0,0.0,0.0,0.0,2,24.570337756753695,0.955596864154572,0.031845154404615605,-0.08108150008307624
3,13.2,0.0,0.0,0.0,0.0,0.0,0.0,0.0,0.0,2,20.445833511094794,0.95559686415457,0.03184515440462127,-0.0810815000830754
3,13.3,0.0,0.0,0.0,0.0,0.0,0.0,0.0,0.0,2,23.679871873389843,0.009757154763864517,-0.2927888612802817,-0.05511680285708499
3,13.4,1.0,0.0,1.0,50.0,50.0,1.0,10.0,10.0,2,20.63934825723642,0.95559686415457,0.031845154404621046,-0.0810815000830764
3,13.5,0.0,0.0,0.0,0.0,0.0,0.0,0.0,0.0,2,19.842238383247537,0.009757154763863074,-0.2927888612802775,-0.0551168028570897
3,13.6,0.0,0.0,0.0,0.0,0.0,0.0,0.0,0.0,2,23.46290006492001,0.9555968641545813,0.03184515440458874,-0.08108150008307285
3,13.7,0.0,0.0,0.0,0.0,0.0,0.0,0.0,0.0,2,26.572964744692158,0.009757154763859077,-0.2927888612802654,-0.055116802857089794
3,13.8,0.0,0.0,0.0,0.0,0.0,0.0,0.0,0.0,2,28.612961442070056,0.9555968641545771,0.03184515440460112,-0.08108150008306696
3,13.9,0.0,0.0,0.0,0.0,0.0,1.0,3.0,3.0,2,25.43488749674146,0.009757154763862463,-0.29278886128027454,-0.05511680285709421
3,14.0,0.0,1.0,0.0,0.0,0.0,0.0,0.0,0.0,2,19.54456517251886,0.9555968641545775,0.031845154404600284,-0.08108150008307205
3,14.1,1.0,0.0,1.0,50.0,50.0,1.0,10.0,10.0,2,17.083777973754636,0.0097571547638573,-0.29278886128026027,-0.0551168028570911
3,14.2,0.0,0.0,0.0,0.0,0.0,0.0,0.0,0.0,2,20.8687757451035,0.9555968641545898,0.03184515440456384,-0.08108150008307505
3,14.3,0.0,0.0,0.0,0.0,0.0,0.0,0.0,0.0,2,20.340948546302503,0.009757154763847031,-0.2927888612802303,-0.05511680285708579
3,14.4,0.0,0.0,0.0,0.0,0.0,0.0,0.0,0.0,2,16.593502682153442,0.009757154763827991,-0.2927888612801748,-0.055116802857077894
3,14.5,1.0,0.0,1.0,50.0,50.0,1.0,10.0,10.0,2,24.40268361931477,0.9555968641546175,0.03184515440448352,-0.0810815000830817
3,14.6,0.0,0.0,0.0,0.0,0.0,0.0,0.0,0.0,2,23.74110232839626,0.009757154763816667,-0.2927888612801411,-0.05511680285707765
3,14.7,0.0,0.0,0.0,0.0,0.0,0.0,0.0,0.0,2,24.141125678203565,0.9555968641546231,0.03184515440446714,-0.08108150008308254
3,14.8,1.0,0.0,1.0,50.0,50.0,1.0,10.0,10.0,2,21.04536641973148,0.009757154763814002,-0.2927888612801337,-0.05511680285707849
3,14.9,0.0,0.0,0.0,0.0,0.0,0.0,0.0,0.0,2,17.015656230670793,0.9555968641546213,0.031845154404472886,-0.0810815000830795
3,15.0,0.0,0.0,0.0,0.0,0.0,0.0,0.0,0.0,2,12.541990577102485,0.00975715476380784,-0.29278886128011605,-0.0551168028570776
3,15.1,2.0,0.0,2.0,50.0,25.0,2.0,4.0,2.0,2,22.35745043665443,0.955596864154627,0.03184515440445568,-0.0810815000830821
3,15.2,0.0,0.0,0.0,0.0,0.0,2.0,4.0,2.0,2,27.648253986869527,0.009757154763811504,-0.29278886128012604,-0.055116802857077596
3,15.3,0.0,0.0,0.0,0.0,0.0,1.0,10.0,10.0,2,20.14359347841295,0.9555968641546322,0.03184515440444036,-0.0810815000830813
3,15.4,0.0,0.0,0.0,0.0,0.0,0.0,0.0,0.0,2,11.982272901799735,0.9555968641546336,0.03184515440443625,-0.0810815000830913
3,15.5,0.0,0.0,0.0,0.0,0.0,0.0,0.0,0.0,2,17.70626177936586,0.009757154763802345,-0.29278886128010057,-0.05511680285706545
3,15.6,1.0,0.0,1.0,50.0,50.0,1.0,10.0,10.0,2,22.203456328921217,0.9555968641546352,0.031845154404430476,-0.08108150008309391
3,15.7,0.0,0.0,0.0,0.0,0.0,0.0,0.0,0.0,2,13.830388985364687,0.009757154763810172,-0.29278886128012294,-0.05511680285706604
3,15.8,0.0,0.0,0.0,0.0,0.0,0.0,0.0,0.0,2,15.311832551668584,0.9555968641546246,0.03184515440446206,-0.08108150008309631
3,15.9,0.0,0.0,0.0,0.0,0.0,0.0,0.0,0.0,2,26.75901397852241,0.009757154763811615,-0.2927888612801284,-0.05511680285706735
3,16.0,1.0,0.0,1.0,50.0,50.0,1.0,10.0,10.0,2,24.11778478420053,0.9555968641546257,0.031845154404458925,-0.0810815000830927
3,16.1,0.0,0.0,0.0,0.0,0.0,0.0,0.0,0.0,2,14.702116155391407,0.009757154763818499,-0.29278886128014503,-0.055116802857064454
3,16.2,5.0,0.0,5.0,50.0,10.0,5.0,6.0,1.2,2,17.137821766535584,0.9555968641547525,0.03184515440397426,-0.0810815000830469
3,16.3,1.0,0.0,1.0,50.0,50.0,6.0,8.0,1.3333333333333333,2,15.110355469584075,-0.9555968641547471,-0.03184515440398958,0.08108150008304381
3,16.4,0.0,0.0,0.0,0.0,0.0,5.0,6.0,1.2,2,15.206536383218612,-0.9555968641544402,-0.03184515440480917,0.08108150008279866
3,16.5,1.0,0.0,1.0,50.0,50.0,5.0,6.0,1.2,2,25.7912981215026,0.9555968641544448,0.03184515440480615,-0.0810815000827937
3,16.6,0.0,0.0,0.0,0.0,0.0,3.0,20.0,6.666666666666667,2,17.592205711885995,-0.955596864154447,-0.0318451544047941,0.0810815000827915
3,16.7,0.0,0.0,0.0,0.0,0.0,0.0,0.0,0.0,2,22.611982295461466,0.9555968641544461,0.03184515440478039,-0.0810815000827674
3,16.8,1.0,0.0,1.0,50.0,50.0,1.0,10.0,10.0,2,16.744826405549695,-0.9555968641544532,-0.031845154404764264,0.08108150008276481
3,16.9,0.0,0.0,0.0,0.0,0.0,0.0,0.0,0.0,2,13.817385347985482,-0.00975715476393052,0.29278886128065423,0.055116802857283695
3,17.0,0.0,0.0,0.0,0.0,0.0,0.0,0.0,0.0,2,25.81302827268116,0.009757154763927856,-0.2927888612806557,-0.05511680285726535
3,17.1,0.0,0.0,0.0,0.0,0.0,0.0,0.0,0.0,2,24.489257165731704,-0.009757154763923692,0.29278886128064463,0.05511680285726135
3,17.2,1.0,0.0,1.0,50.0,50.0,1.0,2.0,2.0,2,17.341972908607193,0.009757154763919307,-0.29278886128064685,-0.055116802857311895
3,17.3,1.0,0.0,1.0,50.0,50.0,3.0,6.0,2.0,2,16.54629082246,-0.009757154763914533,0.2927888612806231,0.055116802857316294
3,17.4,0.0,1.0,0.0,0.0,0.0,1.0,2.0,2.0,2,18.55409116174308,-0.9555968641544246,-0.031845154404498005,0.0810815000827982
3,17.5,0.0,0.0,0.0,0.0,0.0,1.0,2.0,2.0,2,21.573498969332427,0.9555968641544217,0.03184515440450436,-0.0810815000828021
3,17.6,0.0,0.0,0.0,0.0,0.0,0.0,0.0,0.0,2,19.596385360679882,-0.9555968641544637,-0.031845154404402526,0.081081500082821
3,17.7,0.0,0.0,0.0,0.0,0.0,0.0,0.0,0.0,2,16.150573669178968,0.9555968641544594,0.031845154404418985,-0.08108150008282475
3,17.8,0.0,0.0,0.0,0.0,0.0,0.0,0.0,0.0,2,11.30773733646281,-0.0097571547638175,0.2927888612806664,0.0551168028572903
3,17.9,0.0,0.0,0.0,0.0,0.0,0.0,0.0,0.0,2,14.101260771763338,-0.9555968641544639,-0.031845154404414766,0.08108150008281545
3,18.0,0.0,0.0,0.0,0.0,0.0,0.0,0.0,0.0,2,23.21478480602672,0.9555968641544679,0.031845154404398,-0.0810815000828228
3,18.1,2.0,0.0,2.0,50.0,25.0,2.0,4.0,2.0,2,16.10328505227038,-0.9555968641544621,-0.031845154404399195,0.08108150008282156
3,18.2,0.0,0.0,0.0,0.0,0.0,2.0,4.0,2.0,2,19.988098680115336,0.9555968641544843,0.03184515440438496,-0.08108150008281045
3,18.3,2.0,0.0,2.0,50.0,25.0,3.0,4.0,1.3333333333333333,2,18.433294965357966,-0.9555968641544883,-0.031845154404368636,0.0810815000828139
3,18.4,0.0,0.0,0.0,0.0,0.0,2.0,2.0,1.0,2,28.03492984308337,-0.009757154763802511,0.29278886128060866,0.0551168028572912
3,18.5,1.0,0.0,1.0,50.0,50.0,3.0,4.0,1.3333333333333333,2,14.338098329070792,0.009757154763798737,-0.29278886128060294,-0.05511680285729205
3,18.6,0.0,0.0,0.0,0.0,0.0,3.0,4.0,1.3333333333333333,2,12.8046806651195,0.009757154763829656,-0.2927888612807043,-0.0551168028572907
3,18.7,0.0,0.0,0.0,0.0,0.0,3.0,4.0,1.3333333333333333,2,19.723365729826114,-0.009757154763839315,0.2927888612806408,0.0551168028572791
3,18.8,0.0,0.0,0.0,0.0,0.0,1.0,2.0,2.0,2,20.712159521227257,0.009757154763833265,-0.2927888612806139,-0.055116802857282196
3,18.9,0.0,0.0,0.0,0.0,0.0,0.0,0.0,0.0,2,16.74769638698937,-0.009757154763822384,0.2927888612806149,0.05511680285730435
3,19.0,0.0,0.0,0.0,0.0,0.0,0.0,0.0,0.0,2,22.635121067890005,0.009757154763826381,-0.2927888612806361,-0.055116802857300695
3,19.1,1.0,0.0,1.0,50.0,50.0,1.0,10.0,10.0,2,13.929333819779243,-0.009757154763824827,0.29278886128062526,0.05511680285728825
3,19.2,0.0,0.0,0.0,0.0,0.0,0.0,0.0,0.0,2,22.330221624429647,0.9555968641544708,0.03184515440444369,-0.0810815000828272
3,19.3,0.0,0.0,0.0,0.0,0.0,0.0,0.0,0.0,2,14.947582108326362,-0.9555968641544665,-0.031845154404462866,0.0810815000828179
3,19.4,1.0,0.0,1.0,50.0,50.0,1.0,10.0,10.0,2,26.24888508779937,0.9555968641544799,0.0318451544044287,-0.0810815000828215
3,19.5,0.0,0.0,0.0,0.0,0.0,0.0,0.0,0.0,2,19.138347776090917,-0.9555968641544783,-0.03184515440443328,0.081081500082824
3,19.6,0.0,0.0,0.0,0.0,0.0,0.0,0.0,0.0,2,23.652969322058766,-0.009757154763824716,0.2927888612806231,0.05511680285727655
3,19.7,0.0,0.0,0.0,0.0,0.0,0.0,0.0,0.0,2,15.812659380536248,0.00975715476382144,-0.2927888612806161,-0.055116802857270344
3,19.8,0.0,0.0,0.0,0.0,0.0,0.0,0.0,0.0,2,19.0434469141303,-0.9555968641544748,-0.03184515440444294,0.0810815000828113
3,19.9,0.0,0.0,0.0,0.0,0.0,0.0,0.0,0.0,2,10.643337963938885,0.9555968641544663,0.03184515440446328,-0.08108150008280855
3,20.0,0.0,0.0,0.0,0.0,0.0,0.0,0.0,0.0,2,18.854060562034533,-0.955596864154467,-0.03184515440460381,0.08108150008283095
4,0.1,0.0,0.0,0.0,0.0,0.0,0.0,0.0,0.0,2,23.58870311291848,-0.049422081519897354,-0.7546606941279747,0.0
4,0.2,0.0,0.0,0.0,0.0,0.0,0.0,0.0,0.0,2,24.546840415646816,0.02306315909536727,0.409995876502729,0.0
4,0.3,0.0,0.0,0.0,0.0,0.0,0.0,0.0,0.0,2,20.24693012741294,-0.007522933230813766,-0.46101656539695357,0.0
4,0.4,0.0,0.0,0.0,0.0,0.0,0.0,0.0,0.0,2,18.331443850907988,0.7619055239765024,0.6470569001614499,0.0
4,0.5,0.0,0.0,0.0,0.0,0.0,0.0,0.0,0.0,2,21.629605528905216,-0.057242122979920484,0.9546618847358754,0.0
4,0.6,0.0,0.0,0.0,0.0,0.0,0.0,0.0,0.0,2,13.166003339128938,0.18311208774418095,-0.14289882098757928,-0.02501142737767185
4,0.7,0.0,0.0,0.0,0.0,0.0,0.0,0.0,0.0,2,21.8607900724247,-0.04526098978982468,0.06722169920830465,-0.02501142737767185
4,0.8,0.0,0.0,0.0,0.0,0.0,0.0,0.0,0.0,2,18.488570402819533,0.8875179513196221,0.3687463198627975,-0.0250114273776719
4,0.9,0.0,0.0,0.0,0.0,0.0,0.0,0.0,0.0,2,20.107825255308363,0.6394779768251444,0.7456941094735299,-0.02501142737767185
4,1.0,0.0,0.0,0.0,0.0,0.0,0.0,0.0,0.0,2,21.2376653128765,0.973444368479788,-0.14112199901406428,-0.17730717474205795
4,1.1,0.0,0.0,0.0,0.0,0.0,0.0,0.0,0.0,2,11.758274221018713,0.9827143827338347,0.14767279222620852,-0.1773071747420579
4,1.2,0.0,0.0,0.0,0.0,0.0,0.0,0.0,0.0,2,23.326562557034,0.7941048594273228,0.4227337880746113,-0.17730717474205795
4,1.3,0.0,0.0,0.0,0.0,0.0,0.0,0.0,0.0,2,16.5151484405814,0.9912870097942255,-0.07244843628196987,-0.1773071747420579
4,1.4,0.0,0.0,0.0,0.0,0.0,0.0,0.0,0.0,2,17.110001627958578,0.20738893093558597,-0.3870545277179363,-0.1773071747420579
4,1.5,0.0,0.0,0.0,0.0,0.0,0.0,0.0,0.0,2,20.909377644798635,0.4899862336604995,0.5185389483340962,-0.1773071747420579
4,1.6,0.0,0.0,0.0,0.0,0.0,0.0,0.0,0.0,2,16.43556709063253,0.8202235474594781,0.4023436697937482,-0.17730717474205795
4,1.7,0.0,0.0,0.0,0.0,0.0,0.0,0.0,0.0,2,12.245160586092172,0.8146752547229577,0.4069116766274931,-0.22170492838118117
4,1.8,0.0,0.0,0.0,0.0,0.0,0.0,0.0,0.0,2,17.79064517099072,0.8146752547229575,0.4069116766274931,-0.22170492838118122
4,1.9,0.0,0.0,0.0,0.0,0.0,0.0,0.0,0.0,2,21.894503094343555,0.8146752547229575,0.4069116766274931,-0.22170492838118128
4,2.0,0.0,0.0,0.0,0.0,0.0,0.0,0.0,0.0,2,26.157226752856793,0.8146752547229577,0.4069116766274931,-0.22170492838118117
4,2.1,0.0,0.0,0.0,0.0,0.0,0.0,0.0,0.0,2,25.8825058144021,0.8146752547229575,0.4069116766274931,-0.22170492838118122
4,2.2,0.0,0.0,0.0,0.0,0.0,0.0,0.0,0.0,2,14.2797594954965,0.8146752547229575,0.4069116766274931,-0.22170492838118133
4,2.3,0.0,0.0,0.0,0.0,0.0,0.0,0.0,0.0,2,24.419985802153846,0.8146752547229577,0.4069116766274931,-0.22170492838118128
4,2.4,1.0,0.0,1.0,50.0,50.0,1.0,3.0,3.0,2,23.4285006400367,0.8146752547229575,0.4069116766274931,-0.2217049283811814
4,2.5,0.0,0.0,0.0,0.0,0.0,0.0,0.0,0.0,2,21.38690463698373,0.8146752547229577,0.4069116766274931,-0.22170492838118144
4,2.6,0.0,0.0,0.0,0.0,0.0,0.0,0.0,0.0,2,18.19118572122573,0.8146752547229575,0.4069116766274931,-0.22170492838118144
4,2.7,0.0,0.0,0.0,0.0,0.0,0.0,0.0,0.0,2,22.043957258519498,0.8146752547229575,0.4069116766274931,-0.2217049283811815
4,2.8,0.0,0.0,0.0,0.0,0.0,0.0,0.0,0.0,2,26.739755034012227,0.8146752547229574,0.40691167662749317,-0.22170492838118155
4,2.9,0.0,0.0,0.0,0.0,0.0,0.0,0.0,0.0,2,12.218144909233487,0.8146752547229574,0.40691167662749317,-0.2217049283811816
4,3.0,0.0,0.0,0.0,0.0,0.0,0.0,0.0,0.0,2,19.35472270598646,0.8146752547229575,0.4069116766274931,-0.22170492838118155
4,3.1,0.0,0.0,0.0,0.0,0.0,0.0,0.0,0.0,2,24.267071204065765,0.8146752547229575,0.40691167662749334,-0.22170492838118155
4,3.2,0.0,0.0,0.0,0.0,0.0,0.0,0.0,0.0,2,23.467094171425998,0.8146752547229574,0.4069116766274934,-0.2217049283811816
4,3.3,0.0,0.0,0.0,0.0,0.0,0.0,0.0,0.0,2,23.548771780193007,0.8146752547229575,0.40691167662749345,-0.2217049283811816
4,3.4,0.0,0.0,0.0,0.0,0.0,0.0,0.0,0.0,2,17.74416123544201,0.8146752547229575,0.40691167662749356,-0.22170492838118164
4,3.5,0.0,0.0,0.0,0.0,0.0,0.0,0.0,0.0,2,21.642360195354932,0.8146752547229574,0.4069116766274935,-0.22170492838118164
4,3.6,0.0,0.0,0.0,0.0,0.0,0.0,0.0,0.0,2,25.666866610850946,0.8146752547229574,0.4069116766274935,-0.22170492838118164
4,3.7,2.0,0.0,2.0,50.0,25.0,2.0,3.0,1.5,2,15.96850173330406,0.8146752547229574,0.4069116766274935,-0.22170492838118164
4,3.8,0.0,0.0,0.0,0.0,0.0,2.0,3.0,1.5,2,22.323715869034483,0.8146752547229575,0.40691167662749334,-0.22170492838118164
4,3.9,0.0,0.0,0.0,0.0,0.0,1.0,3.0,3.0,2,23.872166365372845,0.8146752547229574,0.4069116766274934,-0.2217049283811815
4,4.0,0.0,0.0,0.0,0.0,0.0,0.0,0.0,0.0,2,20.470240810597353,0.8146752547229574,0.40691167662749317,-0.22170492838118158
4,4.1,0.0,0.0,0.0,0.0,0.0,0.0,0.0,0.0,2,17.046278655853914,0.8146752547229575,0.4069116766274931,-0.22170492838118155
4,4.2,0.0,0.0,0.0,0.0,0.0,0.0,0.0,0.0,2,14.09622339550217,0.8146752547229575,0.4069116766274931,-0.22170492838118144
4,4.3,0.0,0.0,0.0,0.0,0.0,0.0,0.0,0.0,2,20.79582007414775,0.8146752547229575,0.4069116766274931,-0.22170492838118133
4,4.4,0.0,0.0,0.0,0.0,0.0,0.0,0.0,0.0,2,19.479706361247754,0.8146752547229575,0.40691167662749334,-0.2217049283811814
4,4.5,1.0,0.0,1.0,50.0,50.0,1.0,10.0,10.0,2,19.712708857521765,0.8146752547229575,0.40691167662749356,-0.22170492838118144
4,4.6,0.0,0.0,0.0,0.0,0.0,0.0,0.0,0.0,2,24.87053610706861,0.8146752547229574,0.4069116766274937,-0.22170492838118144
4,4.7,0.0,0.0,0.0,0.0,0.0,0.0,0.0,0.0,2,26.480449964784498,0.8146752547229575,0.40691167662749345,-0.2217049283811815
4,4.8,0.0,0.0,0.0,0.0,0.0,0.0,0.0,0.0,2,20.694152764839195,0.8146752547229574,0.4069116766274934,-0.2217049283811816
4,4.9,0.0,0.0,0.0,0.0,0.0,0.0,0.0,0.0,2,29.12084632257355,0.8146752547229575,0.40691167662749356,-0.22170492838118155
4,5.0,0.0,0.0,0.0,0.0,0.0,0.0,0.0,0.0,2,16.51151741496865,0.8146752547229575,0.40691167662749345,-0.22170492838118144
4,5.1,1.0,0.0,1.0,50.0,50.0,1.0,10.0,10.0,2,26.232458947721472,0.8146752547229575,0.40691167662749334,-0.22170492838118155
4,5.2,0.0,0.0,0.0,0.0,0.0,0.0,0.0,0.0,2,22.992347129369918,0.8146752547229575,0.406911676627493,-0.22170492838118167
4,5.3,1.0,0.0,1.0,50.0,50.0,1.0,10.0,10.0,2,22.181513330537026,0.8146752547229575,0.4069116766274931,-0.22170492838118144
4,5.4,0.0,0.0,0.0,0.0,0.0,0.0,0.0,0.0,2,23.871359972585857,0.8146752547229577,0.4069116766274931,-0.22170492838118133
4,5.5,0.0,0.0,0.0,0.0,0.0,0.0,0.0,0.0,2,17.92842444585974,0.8146752547229575,0.406911676627493,-0.22170492838118128
4,5.6,0.0,0.0,0.0,0.0,0.0,0.0,0.0,0.0,2,15.392297895533511,0.8146752547229575,0.406911676627493,-0.2217049283811814
4,5.7,0.0,0.0,0.0,0.0,0.0,0.0,0.0,0.0,2,24.232562703014082,0.8146752547229575,0.4069116766274931,-0.2217049283811814
4,5.8,0.0,0.0,0.0,0.0,0.0,0.0,0.0,0.0,2,12.542819601058707,0.8146752547229577,0.40691167662749256,-0.2217049283811815
4,5.9,0.0,0.0,0.0,0.0,0.0,0.0,0.0,0.0,2,13.482673990069806,0.8146752547229577,0.40691167662749256,-0.22170492838118128
4,6.0,0.0,0.0,0.0,0.0,0.0,0.0,0.0,0.0,2,11.830279465716014,0.8146752547229577,0.40691167662749267,-0.22170492838118155
4,6.1,0.0,0.0,0.0,0.0,0.0,0.0,0.0,0.0,2,22.816020939728155,0.8146752547229577,0.4069116766274928,-0.22170492838118117
4,6.2,0.0,0.0,0.0,0.0,0.0,0.0,0.0,0.0,2,25.922150150226408,0.8146752547229575,0.4069116766274926,-0.22170492838118133
4,6.3,0.0,0.0,0.0,0.0,0.0,0.0,0.0,0.0,2,20.363233615078258,0.8146752547229577,0.4069116766274921,-0.22170492838118222
4,6.4,0.0,0.0,0.0,0.0,0.0,0.0,0.0,0.0,2,16.269768550883008,0.8146752547229574,0.40691167662749744,-0.22170492838117867
4,6.5,0.0,0.0,0.0,0.0,0.0,0.0,0.0,0.0,2,18.057118695377778,-0.1846301715582715,0.3696468808425831,0.1329094211029248
4,6.6,1.0,0.0,1.0,50.0,50.0,1.0,3.0,3.0,2,18.098918053684812,0.8146752547229578,0.4069116766274865,-0.22170492838116934
4,6.7,0.0,0.0,0.0,0.0,0.0,1.0,3.0,3.0,2,26.71986442988504,-0.18463017155827166,0.369646880842587,0.13290942110292137
4,6.8,1.0,0.0,1.0,50.0,50.0,1.0,2.0,2.0,2,27.028973519895814,0.8146752547229577,0.40691167662748784,-0.2217049283811668
4,6.9,0.0,0.0,0.0,0.0,0.0,1.0,2.0,2.0,2,28.583529619941622,-0.18463017155827177,0.36964688084258945,0.1329094211029186
4,7.0,1.0,0.0,1.0,50.0,50.0,1.0,2.0,2.0,2,22.2696579626802,0.8146752547229577,0.4069116766274891,-0.22170492838116224
4,7.1,0.0,0.0,0.0,0.0,0.0,1.0,2.0,2.0,2,24.20986091481722,-0.18463017155826167,0.36964688084231917,0.1329094211031312
4,7.2,0.0,0.0,0.0,0.0,0.0,1.0,2.0,2.0,2,18.52931782142143,0.8146752547229478,0.4069116766277539,-0.221704928381378
4,7.3,0.0,0.0,0.0,0.0,0.0,0.0,0.0,0.0,2,26.05172473537761,0.8146752547229477,0.4069116766277585,-0.22170492838138023
4,7.4,1.0,0.0,1.0,50.0,50.0,1.0,3.0,3.0,2,14.623542297631278,-0.18463017155826167,0.3696468808423196,0.1329094211031343
4,7.5,0.0,0.0,0.0,0.0,0.0,1.0,3.0,3.0,2,20.833888542973167,0.8146752547229497,0.40691167662770555,-0.2217049283813432
4,7.6,0.0,0.0,0.0,0.0,0.0,0.0,0.0,0.0,2,28.404684490456162,-0.18463017155826345,0.369646880842367,0.13290942110309795
4,7.7,0.0,0.0,0.0,0.0,0.0,0.0,0.0,0.0,2,20.348173874530787,0.8146752547229497,0.40691167662770406,-0.22170492838134687
4,7.8,1.0,0.0,1.0,50.0,50.0,1.0,10.0,10.0,2,16.665594532130942,-0.18463017155826367,0.36964688084237307,0.13290942110310022
4,7.9,0.0,0.0,0.0,0.0,0.0,1.0,3.0,3.0,2,20.252224774082848,-0.1846301715582641,0.36964688084238684,0.13290942110308546
4,8.0,0.0,1.0,0.0,0.0,0.0,0.0,0.0,0.0,2,16.933187239241015,0.8146752547229503,0.40691167662768685,-0.22170492838133232
4,8.1,0.0,0.0,0.0,0.0,0.0,0.0,0.0,0.0,2,24.0895879423453,0.8146752547229507,0.4069116766276804,-0.2217049283813315
4,8.2,5.0,0.0,5.0,50.0,10.0,5.0,12.0,2.4,2,22.398924616194964,-0.18463017155826428,0.36964688084238917,0.13290942110308734
4,8.3,3.0,0.0,3.0,48.0,16.0,7.0,10.0,1.4285714285714286,2,26.55264079764936,0.8146752547229508,0.4069116766276774,-0.22170492838133438
4,8.4,0.0,0.0,0.0,0.0,0.0,6.0,8.0,1.3333333333333333,2,26.460182200782157,-0.18463017155826456,0.36964688084239883,0.13290942110308968
4,8.5,1.0,0.0,1.0,50.0,50.0,5.0,6.0,1.2,2,11.02963245716133,0.8146752547229505,0.4069116766276813,-0.22170492838133793
4,8.6,0.0,0.0,0.0,0.0,0.0,4.0,4.0,1.0,2,21.002706636693404,-0.18463017155826295,0.36964688084235514,0.13290942110310772
4,8.7,1.0,0.0,1.0,50.0,50.0,5.0,9.0,1.8,2,26.020092514235436,0.8146752547229491,0.4069116766277209,-0.2217049283813548
4,8.8,0.0,0.0,0.0,0.0,0.0,4.0,6.0,1.5,2,21.830253852337457,-0.18463017155826306,0.3696468808423576,0.13290942110310994
4,8.9,0.0,0.0,0.0,0.0,0.0,3.0,3.0,1.0,2,18.195978991896894,-0.18463017155826417,0.3696468808423876,0.13290942110311033
4,9.0,0.0,0.0,0.0,0.0,0.0,1.0,3.0,3.0,2,18.358072383860886,0.8146752547229503,0.40691167662769007,-0.22170492838135608
4,9.1,0.0,0.0,0.0,0.0,0.0,1.0,3.0,3.0,2,22.289356348541126,-0.1846301715582676,0.3696468808424795,0.1329094211030828
4,9.2,1.0,0.0,1.0,50.0,50.0,1.0,3.0,3.0,2,21.810267815723712,0.8146752547229539,0.4069116766275943,-0.22170492838132727
4,9.3,0.0,0.0,0.0,0.0,0.0,1.0,3.0,3.0,2,15.556976067987497,-0.18463017155826755,0.3696468808424785,0.1329094211030801
4,9.4,0.0,0.0,0.0,0.0,0.0,1.0,3.0,3.0,2,14.146500603597605,0.8146752547229541,0.40691167662758954,-0.2217049283813321
4,9.5,0.0,0.0,0.0,0.0,0.0,0.0,0.0,0.0,2,20.116079201528493,-0.1846301715582681,0.3696468808424936,0.13290942110308954
4,9.6,0.0,0.0,0.0,0.0,0.0,0.0,0.0,0.0,2,18.023336433159606,0.8146752547229541,0.40691167662758543,-0.22170492838133735
4,9.7,0.0,0.0,0.0,0.0,0.0,0.0,0.0,0.0,2,11.660618349221231,0.814675254722954,0.40691167662759137,-0.2217049283813144
4,9.8,0.0,0.0,0.0,0.0,0.0,0.0,0.0,0.0,2,25.159444335031683,-0.18463017155826772,0.36964688084248226,0.13290942110307055
4,9.9,0.0,0.0,0.0,0.0,0.0,0.0,0.0,0.0,2,15.333211834876241,0.8146752547229537,0.40691167662759786,-0.22170492838131675
4,10.0,1.0,0.0,1.0,50.0,50.0,1.0,10.0,10.0,2,18.961056753707737,-0.18463017155826683,0.36964688084245984,0.13290942110307255
4,10.1,1.0,0.0,1.0,50.0,50.0,1.0,10.0,10.0,2,19.38562730006383,0.8146752547229534,0.4069116766276054,-0.22170492838132336
4,10.2,0.0,0.0,0.0,0.0,0.0,0.0,0.0,0.0,2,12.256437148088887,-0.1846301715582671,0.36964688084246716,0.13290942110307924
4,10.3,1.0,0.0,1.0,50.0,50.0,1.0,2.0,2.0,2,19.972472718485022,-0.18463017155826728,0.36964688084247105,0.13290942110308354
4,10.4,0.0,0.0,0.0,0.0,0.0,1.0,2.0,2.0,2,24.787665592411773,0.8146752547229535,0.40691167662760186,-0.2217049283813315
4,10.5,0.0,0.0,0.0,0.0,0.0,0.0,0.0,0.0,2,21.310130708671043,-0.18463017155826694,0.3696468808424614,0.1329094211030773
4,10.6,2.0,0.0,2.0,50.0,25.0,2.0,4.0,2.0,2,23.079912288333226,0.814675254722953,0.40691167662761585,-0.22170492838132436
4,10.7,0.0,0.0,0.0,0.0,0.0,2.0,4.0,2.0,2,18.714755615955927,-0.18463017155826916,0.36964688084252156,0.1329094211030531
4,10.8,1.0,0.0,1.0,50.0,50.0,2.0,4.0,2.0,2,19.547182965870217,0.8146752547229554,0.40691167662755,-0.2217049283813007
4,10.9,0.0,0.0,0.0,0.0,0.0,1.0,3.0,3.0,2,21.77653263072738,-0.18463017155826916,0.36964688084252245,0.13290942110305595
4,11.0,1.0,0.0,1.0,50.0,50.0,2.0,6.0,3.0,2,19.23409563910892,-0.18463017155826883,0.36964688084251324,0.1329094211030476
4,11.1,1.0,0.0,1.0,50.0,50.0,1.0,3.0,3.0,2,15.320161055773376,0.8146752547229551,0.40691167662756056,-0.22170492838129244
4,11.2,1.0,0.0,1.0,50.0,50.0,2.0,4.0,2.0,2,26.98344217819269,0.8146752547229545,0.4069116766275742,-0.22170492838129136
4,11.3,0.0,0.0,0.0,0.0,0.0,2.0,4.0,2.0,2,15.054268231789559,-0.18463017155826839,0.3696468808425007,0.1329094211030453
4,11.4,1.0,0.0,1.0,50.0,50.0,2.0,4.0,2.0,2,20.203329167304517,-0.1846301715582685,0.369646880842504,0.13290942110304235
4,11.5,0.0,0.0,0.0,0.0,0.0,1.0,3.0,3.0,2,28.41075158320597,0.8146752547229548,0.4069116766275707,-0.22170492838128664
4,11.6,0.0,0.0,0.0,0.0,0.0,0.0,0.0,0.0,2,20.091768278288253,-0.18463017155826827,0.3696468808424995,0.13290942110304235
4,11.7,0.0,0.0,0.0,0.0,0.0,0.0,0.0,0.0,2,12.950422948275799,0.8146752547229548,0.40691167662757105,-0.2217049283812893
4,11.8,1.0,0.0,1.0,50.0,50.0,1.0,3.0,3.0,2,19.417319565256932,0.8146752547229549,0.40691167662756866,-0.2217049283812932
4,11.9,0.0,0.0,0.0,0.0,0.0,1.0,3.0,3.0,2,12.013573162310298,-0.1846301715582685,0.36964688084250596,0.13290942110304435
4,12.0,0.0,0.0,0.0,0.0,0.0,0.0,0.0,0.0,2,28.55468654926981,-0.18463017155826905,0.36964688084252006,0.13290942110303974
4,12.1,0.0,0.0,0.0,0.0,0.0,0.0,0.0,0.0,2,17.593458608035395,0.8146752547229554,0.4069116766275553,-0.22170492838128544
4,12.2,7.0,0.0,7.0,49.0,7.0,7.0,12.0,1.7142857142857142,2,23.67161778088814,0.8146752547229552,0.40691167662755884,-0.22170492838128836
4,12.3,0.0,0.0,0.0,0.0,0.0,7.0,12.0,1.7142857142857142,2,20.262096224635947,-0.18463017155826866,0.3696468808425094,0.1329094211030434
4,12.4,0.0,0.0,0.0,0.0,0.0,5.0,8.0,1.6,2,13.302363281017255,0.8146752547229549,0.40691167662756844,-0.22170492838128714
4,12.5,1.0,0.0,1.0,50.0,50.0,2.0,6.0,3.0,2,25.346602884154372,0.8146752547229554,0.40691167662755223,-0.2217049283812914
4,12.6,0.0,0.0,0.0,0.0,0.0,0.0,0.0,0.0,2,25.598441303593525,-0.18463017155826922,0.3696468808425241,0.13290942110304416
4,12.7,1.0,0.0,1.0,50.0,50.0,1.0,2.0,2.0,2,20.959017386165456,0.8146752547229559,0.40691167662753785,-0.221704928381291
4,12.8,0.0,0.0,0.0,0.0,0.0,1.0,2.0,2.0,2,20.17540442650285,-0.18463017155826994,0.36964688084254355,0.13290942110304635
4,12.9,0.0,0.0,0.0,0.0,0.0,1.0,2.0,2.0,2,20.189863717798644,0.8146752547229563,0.4069116766275285,-0.2217049283812955
4,13.0,2.0,0.0,2.0,50.0,25.0,3.0,30.0,10.0,2,23.809059487493037,-0.18463017155826977,0.3696468808425389,0.1329094211030454
4,13.1,0.0,0.0,0.0,0.0,0.0,0.0,0.0,0.0,2,18.51495734451388,0.8146752547229561,0.40691167662753336,-0.22170492838129194
4,13.2,0.0,0.0,0.0,0.0,0.0,0.0,0.0,0.0,2,17.2808478992426,-0.18463017155826833,0.36964688084250014,0.13290942110303805
4,13.3,1.0,0.0,1.0,50.0,50.0,1.0,10.0,10.0,2,15.966084548683657,0.8146752547229545,0.4069116766275778,-0.22170492838128295
4,13.4,0.0,0.0,0.0,0.0,0.0,0.0,0.0,0.0,2,23.867602425188007,0.8146752547229545,0.40691167662757505,-0.221704928381287
4,13.5,1.0,0.0,1.0,50.0,50.0,1.0,3.0,3.0,2,14.79048381478863,-0.18463017155826827,0.3696468808424993,0.13290942110303666
4,13.6,0.0,0.0,0.0,0.0,0.0,0.0,0.0,0.0,2,14.7518442818616,0.8146752547229548,0.4069116766275716,-0.22170492838129088
4,13.7,1.0,0.0,1.0,50.0,50.0,1.0,3.0,3.0,2,19.738503590099665,-0.18463017155826839,0.3696468808425006,0.13290942110304352
4,13.8,1.0,0.0,1.0,50.0,50.0,2.0,3.0,1.5,2,18.433286571000956,0.8146752547229548,0.40691167662757205,-0.22170492838129024
4,13.9,0.0,0.0,0.0,0.0,0.0,1.0,3.0,3.0,2,12.274491457847471,-0.1846301715582685,0.36964688084250535,0.1329094211030453
4,14.0,1.0,0.0,1.0,50.0,50.0,2.0,4.0,2.0,2,17.87262868104224,-0.1846301715582681,0.36964688084249475,0.1329094211030437
4,14.1,0.0,0.0,0.0,0.0,0.0,1.0,2.0,2.0,2,23.085545018403653,0.8146752547229543,0.40691167662758293,-0.22170492838128805
4,14.2,1.0,0.0,1.0,50.0,50.0,2.0,4.0,2.0,2,25.415963721607035,-0.18463017155826794,0.369646880842491,0.13290942110304327
4,14.3,1.0,0.0,1.0,50.0,50.0,2.0,6.0,3.0,2,16.5829510517976,0.8146752547229543,0.406911676627581,-0.221704928381293
4,14.4,0.0,0.0,0.0,0.0,0.0,2.0,6.0,3.0,2,22.966831587798918,-0.18463017155827433,0.36964688084266334,0.1329094211030603
4,14.5,0.0,0.0,0.0,0.0,0.0,0.0,0.0,0.0,2,17.766383019342115,0.814675254722961,0.40691167662740796,-0.2217049283813054
4,14.6,0.0,0.0,0.0,0.0,0.0,0.0,0.0,0.0,2,19.464309023437455,0.8146752547229617,0.4069116766273929,-0.221704928381311
4,14.7,0.0,0.0,0.0,0.0,0.0,0.0,0.0,0.0,2,14.858940364792915,-0.18463017155827505,0.3696468808426838,0.13290942110306625
4,14.8,0.0,0.0,0.0,0.0,0.0,0.0,0.0,0.0,2,24.89600675412248,-0.18463017155827527,0.3696468808426911,0.1329094211030691
4,14.9,0.0,0.0,0.0,0.0,0.0,0.0,0.0,0.0,2,20.894510753377997,0.8146752547229619,0.40691167662738426,-0.2217049283813152
4,15.0,0.0,0.0,0.0,0.0,0.0,0.0,0.0,0.0,2,22.639961746737175,-0.1846301715582752,0.3696468808426877,0.13290942110306705
4,15.1,0.0,0.0,0.0,0.0,0.0,0.0,0.0,0.0,2,25.770825135254853,0.8146752547229619,0.40691167662738414,-0.22170492838131114
4,15.2,0.0,0.0,0.0,0.0,0.0,0.0,0.0,0.0,2,23.81898009730034,-0.1846301715582755,0.3696468808426955,0.13290942110306536
4,15.3,0.0,0.0,0.0,0.0,0.0,0.0,0.0,0.0,2,19.261371095128247,0.8146752547229621,0.4069116766273777,-0.22170492838131384
4,15.4,0.0,0.0,0.0,0.0,0.0,0.0,0.0,0.0,2,15.044350113481414,-0.18463017155827544,0.3696468808426949,0.1329094211030664
4,15.5,2.0,0.0,2.0,50.0,25.0,2.0,4.0,2.0,2,23.597141279230325,-0.18463017155827538,0.36964688084269204,0.13290942110306855
4,15.6,1.0,0.0,1.0,50.0,50.0,3.0,6.0,2.0,2,20.229026601355358,0.8146752547229619,0.4069116766273856,-0.22170492838131364
4,15.7,0.0,0.0,0.0,0.0,0.0,2.0,20.0,10.0,2,16.771524899273224,0.8146752547229619,0.4069116766273841,-0.2217049283813182
4,15.8,0.0,0.0,0.0,0.0,0.0,0.0,0.0,0.0,2,18.280768158405838,-0.18463017155827505,0.3696468808426845,0.1329094211030747
4,15.9,0.0,0.0,0.0,0.0,0.0,0.0,0.0,0.0,2,16.711093124094194,0.8146752547229617,0.40691167662738814,-0.22170492838132316
4,16.0,1.0,0.0,1.0,50.0,50.0,1.0,2.0,2.0,2,18.857784094160703,-0.18463017155827538,0.36964688084269187,0.1329094211030874
4,16.1,0.0,0.0,0.0,0.0,0.0,1.0,2.0,2.0,2,25.77165260712437,0.8146752547229617,0.4069116766273878,-0.2217049283813314
4,16.2,8.0,0.0,8.0,48.0,6.0,8.0,14.0,1.75,2,17.807860631863896,-0.184630171558275,0.36964688084268443,0.13290942110308396
4,16.3,0.0,0.0,0.0,0.0,0.0,8.0,14.0,1.75,2,18.20777120273942,-0.18463017155827516,0.3696468808426881,0.132909421103089
4,16.4,0.0,0.0,0.0,0.0,0.0,6.0,50.0,8.333333333333334,2,19.56872284128574,0.8146752547229619,0.4069116766273856,-0.2217049283813287
4,16.5,0.0,0.0,0.0,0.0,0.0,0.0,0.0,0.0,2,20.328795624339843,-0.18463017155827488,0.3696468808426803,0.1329094211030794
4,16.6,0.0,0.0,0.0,0.0,0.0,0.0,0.0,0.0,2,16.340845333439315,0.8146752547229617,0.40691167662738914,-0.2217049283813301
4,16.7,3.0,0.0,3.0,48.0,16.0,3.0,6.0,2.0,2,25.544687984700097,-0.18463017155827516,0.3696468808426881,0.13290942110308765
4,16.8,0.0,0.0,0.0,0.0,0.0,3.0,6.0,2.0,2,15.365498106289536,0.814675254722962,0.4069116766273821,-0.22170492838133235
4,16.9,0.0,0.0,0.0,0.0,0.0,3.0,6.0,2.0,2,14.05299219969669,0.8146752547229625,0.4069116766273686,-0.22170492838132325
4,17.0,1.0,0.0,1.0,50.0,50.0,3.0,20.0,6.666666666666667,2,17.61359747832668,-0.18463017155827566,0.36964688084270103,0.1329094211030761
4,17.1,0.0,0.0,0.0,0.0,0.0,0.0,0.0,0.0,2,19.947553669280698,0.8146752547229621,0.4069116766273772,-0.22170492838132289
4,17.2,0.0,0.0,0.0,0.0,0.0,0.0,0.0,0.0,2,12.99594628990084,-0.18463017155827588,0.36964688084270964,0.13290942110306844
4,17.3,0.0,0.0,0.0,0.0,0.0,0.0,0.0,0.0,2,18.78887951433137,0.8146752547229628,0.40691167662736616,-0.2217049283813146
4,17.4,0.0,0.0,0.0,0.0,0.0,0.0,0.0,0.0,2,22.696792938370677,-0.18463017155827594,0.3696468808427125,0.1329094211030718
4,17.5,2.0,0.0,2.0,50.0,25.0,2.0,3.0,1.5,2,24.074368165547952,0.8146752547229628,0.4069116766273635,-0.22170492838131756
4,17.6,1.0,0.0,1.0,50.0,50.0,3.0,20.0,6.666666666666667,2,21.47115561379375,-0.18463017155827627,0.36964688084271813,0.13290942110308168
4,17.7,0.0,0.0,0.0,0.0,0.0,1.0,3.0,3.0,2,17.694321154964793,0.8146752547229632,0.4069116766273534,-0.22170492838132683
4,17.8,0.0,0.0,0.0,0.0,0.0,0.0,0.0,0.0,2,16.841273796793963,-0.1846301715582765,0.3696468808427237,0.132909421103089
4,17.9,0.0,0.0,0.0,0.0,0.0,0.0,0.0,0.0,2,15.62961612007795,0.814675254722963,0.40691167662735495,-0.22170492838133415
4,18.0,0.0,0.0,0.0,0.0,0.0,0.0,0.0,0.0,2,19.712023053026385,-0.18463017155827693,0.36964688084273634,0.13290942110307374
4,18.1,1.0,0.0,1.0,50.0,50.0,1.0,3.0,3.0,2,19.44875816481721,0.8146752547229635,0.4069116766273394,-0.2217049283813217
4,18.2,1.0,0.0,1.0,50.0,50.0,2.0,20.0,10.0,2,20.155200033139202,0.8146752547229636,0.40691167662733685,-0.22170492838132175
4,18.3,0.0,0.0,0.0,0.0,0.0,0.0,0.0,0.0,2,15.27258663362355,-0.1846301715582767,0.36964688084272745,0.13290942110309203
4,18.4,0.0,0.0,0.0,0.0,0.0,0.0,0.0,0.0,2,20.32865574559414,0.814675254722963,0.4069116766273539,-0.22170492838133826
4,18.5,0.0,0.0,0.0,0.0,0.0,0.0,0.0,0.0,2,17.15264147790527,-0.18463017155827677,0.3696468808427295,0.1329094211030905
4,18.6,0.0,0.0,0.0,0.0,0.0,0.0,0.0,0.0,2,26.45958689452761,0.8146752547229634,0.4069116766273413,-0.22170492838133757
4,18.7,2.0,0.0,2.0,50.0,25.0,2.0,3.0,1.5,2,18.069146565881805,-0.18463017155827693,0.36964688084273406,0.13290942110308965
4,18.8,1.0,0.0,1.0,50.0,50.0,3.0,20.0,6.666666666666667,2,18.956032794621983,0.8146752547229635,0.40691167662733757,-0.22170492838133293
4,18.9,0.0,0.0,0.0,0.0,0.0,0.0,0.0,0.0,2,17.014076926269965,-0.1846301715582771,0.3696468808427384,0.1329094211030863
4,19.0,0.0,0.0,0.0,0.0,0.0,0.0,0.0,0.0,2,19.982466765148256,-0.18463017155827693,0.3696468808427319,0.13290942110308623
4,19.1,0.0,0.0,0.0,0.0,0.0,0.0,0.0,0.0,2,20.519568410903748,0.8146752547229632,0.40691167662734323,-0.22170492838133715
4,19.2,0.0,0.0,0.0,0.0,0.0,0.0,0.0,0.0,2,28.912533835447974,-0.18463017155827705,0.36964688084273045,0.13290942110309178
4,19.3,0.0,0.0,0.0,0.0,0.0,0.0,0.0,0.0,2,21.0242132354824,0.8146752547229631,0.40691167662734457,-0.22170492838134181
4,19.4,1.0,0.0,1.0,50.0,50.0,1.0,2.0,2.0,2,18.00633726087333,-0.1846301715582771,0.36964688084273356,0.13290942110309473
4,19.5,2.0,0.0,2.0,50.0,25.0,3.0,6.0,2.0,2,15.988227498516446,0.8146752547229632,0.40691167662734223,-0.2217049283813513
4,19.6,0.0,0.0,0.0,0.0,0.0,3.0,6.0,2.0,2,20.101821286594706,-0.18463017155827732,0.3696468808427392,0.1329094211031045
4,19.7,1.0,0.0,1.0,50.0,50.0,2.0,4.0,2.0,2,20.732936617503476,0.8146752547229635,0.4069116766273321,-0.2217049283813522
4,19.8,0.0,0.0,0.0,0.0,0.0,1.0,2.0,2.0,2,21.673152843742074,-0.18463017155827777,0.36964688084274927,0.13290942110310738
4,19.9,1.0,0.0,1.0,50.0,50.0,1.0,2.0,2.0,2,25.578351893656418,0.8146752547229638,0.4069116766273212,-0.2217049283813567
4,20.0,0.0,0.0,0.0,0.0,0.0,1.0,2.0,2.0,2,19.614122934919,-0.18463017155827788,0.36964688084275027,0.13290942110310894
