artifact_id,family,status,seed,method,locked_test_accessed,file_count,size_bytes,modified_time_ns,config_path,manifest_path,primary_result_path,hashed_control_files,read_errors
analysis/pi_jwm_r6_10k_gate_analysis_v1,analysis,pass_continue_full_frozen_matrix,20260803,actor_critic,false,27,2894221,1786258580838826000,,analysis/pi_jwm_r6_10k_gate_analysis_v1/manifest.json,,analysis/pi_jwm_r6_10k_gate_analysis_v1/manifest.json:aa1288f7f0f1754f64c8c39e73b89e7120e542b1d459139ccf1f46e56f3a41ca,
audit/gpu_smoke_rule_v2_20260825,audit,unclassified,20260824,,false,19,1906469,1787639579000000000,audit/gpu_smoke_rule_v2_20260825/config.json,audit/gpu_smoke_rule_v2_20260825/manifest.json,audit/gpu_smoke_rule_v2_20260825/run_summary.json,audit/gpu_smoke_rule_v2_20260825/manifest.json:a04b2ae7b99dd883cec481c70801555de5e4eef4d73dac6ba70b2794df6b7455;audit/gpu_smoke_rule_v2_20260825/config.json:6a229e6c8943b6764878902c58ecfe5ecce53a9e21ae83313fa1364590ef11ab;audit/gpu_smoke_rule_v2_20260825/run_summary.json:c8b82bba1d45d6cde7723158cf30539571f10d413376bdf1a3bb26c83aa4f9b4,
audit/pi_jwm_formal_candidate_consistency_audit_20260823,audit,blocked,,"{""checkpoint_configs_identical"": true, ""learning_rate"": 0.0003, ""method"": ""coupled_dual_gnn_residual"", ""protocol_configs_identical"": true, ""seed_count"": 3, ""seeds"": [20260824, 20260825, 20260826]}",false,1,3237,1787487405250542900,,,,,
audit/pi_jwm_formal_candidate_consistency_audit_20260823_rule_layer_interface,audit,blocked,,"{""checkpoint_configs_identical"": true, ""learning_rate"": 0.0003, ""method"": ""coupled_dual_gnn_residual"", ""protocol_configs_identical"": true, ""seed_count"": 3, ""seeds"": [20260824, 20260825, 20260826]}",false,1,3197,1787491511165236000,,,,,
audit/pi_jwm_formal_candidate_consistency_audit_rule_layer_v2_20260823,audit,ready_for_review,,"{""checkpoint_configs_identical"": true, ""learning_rate"": 0.0003, ""method"": ""coupled_dual_gnn_residual"", ""protocol_configs_identical"": true, ""seed_count"": 3, ""seeds"": [20260824, 20260825, 20260826]}",false,1,3834,1787497634759123400,,,,,
audit/pi_jwm_formal_candidate_rollout_planner_audit_20260826,audit,blocked,,,false,1,2932,1787724668995554500,,,,,
audit/pi_jwm_formal_complete_rssm_consistency_audit_20260905,audit,ready_for_gpu_sentinel,,,,1,1943,1788619692324404800,,,,,
audit/pi_jwm_formal_complete_rssm_consistency_audit_20260905_v2,audit,ready_for_gpu_sentinel,,,,1,2039,1788621341987346400,,,,,
audit/pi_jwm_formal_complete_rssm_consistency_audit_20260905_v3,audit,ready_for_gpu_sentinel,,,,1,2039,1788622820803394500,,,,,
audit/pi_jwm_formal_complete_rssm_consistency_audit_20260905_v4,audit,ready_for_gpu_sentinel,,,,1,2086,1788622916211320900,,,,,
audit/pi_jwm_formal_complete_rssm_node_x_safe_consistency_20260906_v1,audit,ready_for_protocol_freeze,,,,1,2573,1788625938057005900,,,,,
audit/pi_jwm_formal_cpu_gpu_gate_20260823_25_calibration_thresholds,audit,unclassified,,,false,1,1740,1787461803769472300,,,,,
audit/pi_jwm_formal_cpu_gpu_gate_20260823_calibration_thresholds,audit,unclassified,,,false,1,1633,1787461375917158700,,,,,
audit/pi_jwm_formal_cpu_gpu_gate_20260823_fixeddata_3seed,audit,unclassified,,,false,1,1616,1787466212957292000,,,,,
audit/pi_jwm_formal_cpu_gpu_gate_20260823_zero_init_3seed,audit,unclassified,,,false,1,1570,1787468267693952300,,,,,
audit/pi_jwm_formal_cpu_gpu_gate_20260823_zero_init_scale05_3seed,audit,unclassified,,,false,1,1529,1787470396669335700,,,,,
audit/pi_jwm_formal_cpu_gpu_gate_batch8_mixed_20260823_25,audit,unclassified,,,false,1,1765,1787463413473571400,,,,,
audit/pi_jwm_formal_gpu_multiseed_audit_20260823,audit,unclassified,20260824,,false,2,6818,1787473842959089600,,,,,
audit/pi_jwm_formal_gpu_robustness_multiseed_20260823,audit,unclassified,20260824,,false,2,13841,1787475759692342100,,,,,
audit/pi_jwm_formal_gpu_rollout_multiseed_audit_20260823,audit,unclassified,,,false,2,12296,1787474393406057800,,,,,
audit/pi_jwm_formal_gpu_rule_v2_consistency_20260825,audit,ready_for_review,,"{""checkpoint_configs_identical"": true, ""learning_rate"": 0.0003, ""method"": ""coupled_dual_gnn_residual"", ""protocol_configs_identical"": true, ""seed_count"": 3, ""seeds"": [20260824, 20260825, 20260826]}",false,1,3840,1787642728539885500,,,,,
audit/pi_jwm_formal_gpu_rule_v2_fixed_data_multiseed_20260825,audit,unclassified,20260824,,false,2,6834,1787642608354698100,,,,,
audit/pi_jwm_formal_gpu_rule_v2_rollout_multiseed_20260826,audit,unclassified,,,false,2,12363,1787718580174756900,,,,,
audit/pi_jwm_formal_p4_horizon_mechanism_audit_20260826,audit,passed,,,false,1,10655,1787740882845990700,,,,,
audit/pi_jwm_formal_rule_layer_cpu_gpu_gate_v2_20260823,audit,unclassified,,,false,1,1560,1787497562227836500,,,,,
audit/pi_jwm_formal_rule_tensor_contract_audit_20260823,audit,unclassified,,,false,1,499,1787496263059378100,,,,,
audit/pi_jwm_formal_rule_tensor_contract_audit_h20_20260826,audit,unclassified,,,false,1,499,1787740450209004000,,,,,
audit/pi_jwm_formal_rule_v2_cpu_rule_rollout_multiseed_20260826,audit,unclassified,20260824,,false,2,82566,1787719174197630700,,,,,
audit/pi_jwm_formal_rule_v2_cpu_rule_rollout_multiseed_20260826_created_flow_fixed,audit,unclassified,20260824,,false,2,60026,1787720787793843300,,,,,
audit/pi_jwm_formal_rule_v2_cpu_rule_rollout_multiseed_20260826_normalization_fixed,audit,unclassified,20260824,,false,2,77589,1787719878672549000,,,,,
audit/pi_jwm_formal_training_protocol_audit_v1_20260822,audit,blocked,,,false,2,4556,1787369453443285700,,,,,
audit/pi_jwm_formal_training_protocol_audit_v2_aggregate_baseline_20260822,audit,ready_for_protocol_review,,,false,2,5825,1787370678944756800,,,,,
audit/pi_jwm_formal_tuning_keywise_robustness_cpu_20260823,audit,unclassified,20260824,,false,10,103773,1787486115213713600,,,,,
audit/pi_jwm_formal_tuning_protocol_20260823,audit,frozen_for_controlled_screening,,,false,1,3345,1787476050892860500,,,,,
audit/pi_jwm_formal_tuning_robustness_multiseed_20260823,audit,unclassified,20260824,,false,2,13919,1787483882540332200,,,,,
audit/pi_jwm_formal_tuning_rollout_multiseed_20260823,audit,unclassified,,,false,2,12553,1787483698368464800,,,,,
audit/pi_jwm_formal_tuning_screen_20260823,audit,unclassified,20260824,pooled_gru,false,3,55798,1787478612036390200,,,,,
audit/pi_jwm_p0_consistency_audit_v1,audit,p0_first_pass_complete,,,,4260,142338491,1788581569000000000,,audit/pi_jwm_p0_consistency_audit_v1/manifest.json,,audit/pi_jwm_p0_consistency_audit_v1/manifest.json:f4cf0d0cf22f919347fdc834e4f62f0556d44609ac741016fed737e104ff874a,
audit/pi_jwm_p1_information_edge_contract_v4,audit,unclassified,9,,false,7,378035,1786587728107751200,,audit/pi_jwm_p1_information_edge_contract_v4/manifest.json,,audit/pi_jwm_p1_information_edge_contract_v4/manifest.json:0ae9d97b1dff7671033cff4a83d9571123e35aeaf51f6d8e88d57d407cc37f4e,
audit/pi_jwm_p1_information_edge_contract_v4_pre_independent_review_fix_20260813,audit,unclassified,9,,false,7,374410,1786586477747803400,,audit/pi_jwm_p1_information_edge_contract_v4_pre_independent_review_fix_20260813/manifest.json,,audit/pi_jwm_p1_information_edge_contract_v4_pre_independent_review_fix_20260813/manifest.json:c3b0af6698379d293ee2a5c8d85c4e9c0ba680aa4f1733090b26423dd6d6c59e,
audit/pi_jwm_p1_information_edge_contract_v4_pre_self_review_20260813,audit,unclassified,9,,false,7,53428,1786585960050551000,,audit/pi_jwm_p1_information_edge_contract_v4_pre_self_review_20260813/manifest.json,,audit/pi_jwm_p1_information_edge_contract_v4_pre_self_review_20260813/manifest.json:617555aba9ac82101b73ba308a23fb3b98c448261aceb3a2ad5ea507a15aadcb,
audit/pi_jwm_p2c_formal_data_audit_20260819,audit,"{""audit_ready"": true, ""formal_data_approved"": true, ""gpu_started"": false, ""locked_test_accessed"": false, ""training_eligible"": false}",,,false,2,1879,1787137331824164800,,audit/pi_jwm_p2c_formal_data_audit_20260819/manifest.json,,audit/pi_jwm_p2c_formal_data_audit_20260819/manifest.json:b77d5da0e712ea421b2621cbbc577e5f6567e93f534c8bc55371b1db57c6bb2f,
audit/pi_jwm_p2c_formal_data_audit_20260819_failed,audit,"{""audit_ready"": false, ""formal_data_approved"": false, ""gpu_started"": false, ""locked_test_accessed"": false, ""training_eligible"": false}",,,false,2,1959,1787136820559917600,,audit/pi_jwm_p2c_formal_data_audit_20260819_failed/manifest.json,,audit/pi_jwm_p2c_formal_data_audit_20260819_failed/manifest.json:0f591c994ba0cea397a82246afe91d117bd75fbf8ba369af92e00bd85e444826,
audit/pi_jwm_p2c_formal_data_audit_20260819_failed_2,audit,"{""audit_ready"": false, ""formal_data_approved"": false, ""gpu_started"": false, ""locked_test_accessed"": false, ""training_eligible"": false}",,,false,2,1959,1787137074608401200,,audit/pi_jwm_p2c_formal_data_audit_20260819_failed_2/manifest.json,,audit/pi_jwm_p2c_formal_data_audit_20260819_failed_2/manifest.json:0f591c994ba0cea397a82246afe91d117bd75fbf8ba369af92e00bd85e444826,
audit/pi_jwm_p2c_formal_data_audit_20260819_v3,audit,"{""audit_ready"": false, ""formal_data_approved"": false, ""gpu_started"": false, ""locked_test_accessed"": false, ""training_eligible"": false}",,,false,2,6891,1787146229949492000,,audit/pi_jwm_p2c_formal_data_audit_20260819_v3/manifest.json,,audit/pi_jwm_p2c_formal_data_audit_20260819_v3/manifest.json:d72d19125467b2c999b26599b8dd216fbf8a25264da8dcda58b6d403c19ea3ba,
audit/pi_jwm_p2c_formal_data_audit_20260819_v3b,audit,"{""audit_ready"": true, ""formal_data_approved"": true, ""gpu_started"": false, ""locked_test_accessed"": false, ""training_eligible"": false}",,,false,2,1879,1787153502574276700,,audit/pi_jwm_p2c_formal_data_audit_20260819_v3b/manifest.json,,audit/pi_jwm_p2c_formal_data_audit_20260819_v3b/manifest.json:89175f03b91a7ac6530f3a1927cec3222ec99b1c7e554964a203a0bd101918b4,
audit/pi_jwm_p2c_formal_protocol_audit_20260819,audit,"{""audit_ready"": true, ""formal_data_approved"": false, ""gpu_started"": false, ""locked_test_accessed"": false, ""training_eligible"": false}",,,false,2,4303,1787129453214785800,,audit/pi_jwm_p2c_formal_protocol_audit_20260819/manifest.json,,audit/pi_jwm_p2c_formal_protocol_audit_20260819/manifest.json:be4fe69697abbc498a091d1d50cdac1019e6a3539743af158bd43013829f2dae,
audit/pi_jwm_p2c_scale_distribution_audit_v1,audit,"{""audit_completed"": true, ""audit_status"": ""blocked"", ""formal_data_approved"": false, ""gpu_started"": false, ""locked_test_accessed"": false, ""training_eligible"": false}",,,false,3,13531,1786695468926424000,,audit/pi_jwm_p2c_scale_distribution_audit_v1/manifest.json,,audit/pi_jwm_p2c_scale_distribution_audit_v1/manifest.json:1a8dafbd9915501f6b9379f6e9cc3e1a3d99e714e731ed6761b5453a12a2d738,
audit/pi_jwm_p2c_scale_distribution_audit_v1_pre_advisor_doc_binding_20260814,audit,"{""audit_completed"": true, ""audit_status"": ""blocked"", ""formal_data_approved"": false, ""gpu_started"": false, ""locked_test_accessed"": false, ""training_eligible"": false}",,,false,3,13376,1786694203696881200,,audit/pi_jwm_p2c_scale_distribution_audit_v1_pre_advisor_doc_binding_20260814/manifest.json,,audit/pi_jwm_p2c_scale_distribution_audit_v1_pre_advisor_doc_binding_20260814/manifest.json:97abc727794ad129775887f958d79ac79805b6ed36e75e7e6dd18e4d9548c442,
audit/pi_jwm_p2c_scale_distribution_audit_v1_pre_source_recovery_20260814,audit,"{""audit_completed"": true, ""audit_status"": ""blocked"", ""formal_data_approved"": false, ""gpu_started"": false, ""locked_test_accessed"": false, ""training_eligible"": false}",,,false,3,19759,1786692462185842100,,audit/pi_jwm_p2c_scale_distribution_audit_v1_pre_source_recovery_20260814/manifest.json,,audit/pi_jwm_p2c_scale_distribution_audit_v1_pre_source_recovery_20260814/manifest.json:2a436d45560165df8fe267e8b35c979a89f9d88a4b74054b67aa29862d9228a4,
audit/pi_jwm_p2c_scale_distribution_audit_v2_pre_document_closure_20260814,audit,"{""audit_completed"": true, ""audit_status"": ""blocked"", ""formal_data_approved"": false, ""gpu_started"": false, ""locked_test_accessed"": false, ""training_eligible"": false}",,,false,3,16591,1786712635283929800,,audit/pi_jwm_p2c_scale_distribution_audit_v2_pre_document_closure_20260814/manifest.json,,audit/pi_jwm_p2c_scale_distribution_audit_v2_pre_document_closure_20260814/manifest.json:1d0edcfdae220bca682f83f5f35ff72ffa9371759a204c820c34aec33a16110e,
audit/pi_jwm_p2c_scenario_calibration_20260819,audit,implemented_and_tested,,,false,4,11156,1787124693228327200,,,,,
audit/pi_jwm_p4_complete_rssm_node_correction_diagnosis_20260906,audit,completed,,,false,1,7390,1788625003481875300,,,,,
audit/pi_jwm_p4_complete_rssm_node_x_safe_correction_diagnosis_20260906_v1,audit,completed,,complete_rssm_node_x_safe_dual_graph_v1,false,1,7453,1788667283245491000,,,,,
audit/pi_jwm_p4_complete_rssm_node_x_safe_protocol_gate_20260906_v1,audit,ready_when_gpu_available,,,,1,1246,1788626061622329800,,,,,
audit/pi_jwm_p4_complete_rssm_node_x_safe_sentinel_20260906_v1,audit,no_go,,complete_rssm_node_x_safe_dual_graph_v1,false,1,2705,1788667136642124400,,,,,
audit/pi_jwm_p4_complete_rssm_sentinel_20260905,audit,no_go,,complete_rssm_dual_graph_v1,false,1,2375,1788621205954903400,,,,,
audit/pi_jwm_p4_complete_rssm_sentinel_20260905_v2,audit,no_go,,complete_rssm_dual_graph_v1,false,1,2634,1788622667849199500,,,,,
audit/pi_jwm_p4_complete_rssm_sentinel_20260905_v3,audit,no_go,,complete_rssm_dual_graph_v1,false,1,2752,1788624185047865000,,,,,
audit/pi_jwm_p4_direct_edge_rule_feedback_intervention_20260830,audit,sufficient_to_explain,20260831,,false,1,55173,1788102037139073400,,,,,
audit/pi_jwm_p4_edge_feedback_gru_input_link_diagnosis_20260831,audit,unclassified,20260831,,false,2,116690,1788175894568237700,,,,,
audit/pi_jwm_p4_edge_feedback_gru_input_sentinel_20260831,audit,"{""failed_criteria"": [""validation_link_f1_delta""], ""followup_seeds_authorized"": false, ""launched_followup_seeds"": [], ""next_action"": ""Stop the frozen configuration. Do not launch seeds 20260830 or 20260832, do not repeat the same configuration, and return to a single evidence-bounded P4 diagnosis before proposing any new change."", ""reason"": ""The sentinel validation link-F1 delta is -0.21773330035733013, below the frozen -0.05 floor."", ""sentinel_passed"": false, ""status"": ""no_go""}",20260831,0.37235708692247454,false,1,3254,1788175270757553100,,,,,
audit/pi_jwm_p4_edge_feedback_gru_input_threshold_replay_20260831,audit,unclassified,20260831,,false,1,4773,1788177167333420500,,,,,
audit/pi_jwm_p4_edge_gru_bypass_intervention_20260904,audit,computed,,"{""fn"": 364, ""recall"": 0.0, ""statistics"": {""fn"": {""raw_logit"": {""q0"": -1.7466975450515747, ""q10"": 0.7467874825000764, ""q100"": 1.9297287464141846, ""q50"": 1.728748381137848, ""q90"": 1.8146557927131652}, ""raw_weighted_score"": {""q0"": 0.14846421844281257, ""q10"": 0.6784657094051614, ""q100"": 0.8732193931699468, ""q50"": 0.8492522542044456, ""q90"": 0.859923594055042}, ""weight_corrected_probability"": {""q0"": 0.0034748587074067017, ""q10"": 0.04050091147770491, ""q100"": 0.12107448095869158, ""q50"": 0.10126252034517365, ""q90"": 0.10935300746303364}}, ""tp"": {""reason"": ""empty_subset"", ""status"": ""not_computable""}}, ""tp"": 0}",false,2,312397,1788538321426427200,,audit/pi_jwm_p4_edge_gru_bypass_intervention_20260904/manifest.json,,audit/pi_jwm_p4_edge_gru_bypass_intervention_20260904/manifest.json:19ca26c095bd23f2633015a3f40f0e2b6beb10bbca88ebefbdd4c5ead8d49235,
audit/pi_jwm_p4_edge_gru_interface_trace_20260905,audit,unclassified,,"{""fn"": 5855, ""fp"": 557, ""tp"": 1902}",false,2,112445,1788542710394828500,,audit/pi_jwm_p4_edge_gru_interface_trace_20260905/manifest.json,,audit/pi_jwm_p4_edge_gru_interface_trace_20260905/manifest.json:9fccddfbf43bc0832bdeea28dbe8d765963d2126c2016d852b78816d5e1147b4,
audit/pi_jwm_p4_entity_rssm_cpu_consistency_20260906_v1,audit,blocked,,,false,2,3045,1788675832518672200,,audit/pi_jwm_p4_entity_rssm_cpu_consistency_20260906_v1/manifest.json,,audit/pi_jwm_p4_entity_rssm_cpu_consistency_20260906_v1/manifest.json:bf13174a4c330d574ed81ff5f2b529de4871c0a9b665cd6b505d1cb313682904,
audit/pi_jwm_p4_entity_rssm_cpu_consistency_20260906_v2,audit,ready_for_gpu_execution_sentinel,,,false,2,3153,1788675905684059700,,audit/pi_jwm_p4_entity_rssm_cpu_consistency_20260906_v2/manifest.json,,audit/pi_jwm_p4_entity_rssm_cpu_consistency_20260906_v2/manifest.json:5d1ea75662837fc2a5b6ebd493123e7eca71ee726046a0947c32b8a4824bf67c,
audit/pi_jwm_p4_entity_rssm_gpu_batch_probe_20260906_v1,audit,passed,,,false,2,2012,1788690819546239000,,audit/pi_jwm_p4_entity_rssm_gpu_batch_probe_20260906_v1/manifest.json,,audit/pi_jwm_p4_entity_rssm_gpu_batch_probe_20260906_v1/manifest.json:724ac41ee867a0e00c9ad0d7a0b9bc5b163f03abe3db38dbeba02cbe5c2fd97e,
audit/pi_jwm_p4_entity_rssm_seed_20260830_acceptance_20260909,audit,passed,20260830,,false,2,8127,1788922285930342500,,audit/pi_jwm_p4_entity_rssm_seed_20260830_acceptance_20260909/manifest.json,audit/pi_jwm_p4_entity_rssm_seed_20260830_acceptance_20260909/single_seed_acceptance.json,audit/pi_jwm_p4_entity_rssm_seed_20260830_acceptance_20260909/manifest.json:19dce41e6590eec5fb5376bba1c3f79ffef193ac3fa70a1a5c1db5fb8c928c57;audit/pi_jwm_p4_entity_rssm_seed_20260830_acceptance_20260909/single_seed_acceptance.json:2cd29054eb5075a7304a51c436a9a525e9de79027aace94ccf3335616252a84a,
audit/pi_jwm_p4_entity_rssm_seed_20260831_acceptance_20260908,audit,passed,20260831,,false,2,8126,1788806463819625500,,audit/pi_jwm_p4_entity_rssm_seed_20260831_acceptance_20260908/manifest.json,audit/pi_jwm_p4_entity_rssm_seed_20260831_acceptance_20260908/single_seed_acceptance.json,audit/pi_jwm_p4_entity_rssm_seed_20260831_acceptance_20260908/manifest.json:720a0b00c69c8a8fae67dba5f90444d60ee47ba68b427393fb91982458efbbfb;audit/pi_jwm_p4_entity_rssm_seed_20260831_acceptance_20260908/single_seed_acceptance.json:7434fe687199a13a0f328e873a3234d033c101b38b55b4e6755f181b41f0282a,
audit/pi_jwm_p4_failure_diagnosis_20260827,audit,unclassified,20260830,,false,1,14809,1787844855149226500,,,,,
audit/pi_jwm_p4_first_principles_audit_20260906_v1,audit,completed_read_only,,complete_rssm_dual_graph_v1,false,1,6192,1788673578650964200,,,,,
audit/pi_jwm_p4_h20_epoch8_gpu_multiseed_audit_20260829,audit,unclassified,20260830,,false,2,6785,1787933241726473600,,,,,
audit/pi_jwm_p4_h20_gpu_multiseed_audit_20260826,audit,unclassified,20260824,,false,2,6703,1787744658329822000,,,,,
audit/pi_jwm_p4_h20_gpu_node_position_rollout_readonly_20260829,audit,unclassified,,,false,2,12302,1787980926597760100,,,,,
audit/pi_jwm_p4_h20_gpu_rollout_audit_20260826,audit,unclassified,,,false,2,11867,1787744657694226400,,,,,
audit/pi_jwm_p4_h20_precision_audit_20260826,audit,unclassified,20260824,coupled_dual_gnn_residual,false,2,10366,1787744812680165400,,,,,
audit/pi_jwm_p4_h20_repair_cpu_go_no_go_20260827,audit,unclassified,,,false,1,1651,1787818295591168400,,,,,
audit/pi_jwm_p4_h20_repair_epoch8_cpu_go_no_go_20260828,audit,unclassified,,,false,1,1570,1787917665492449500,,,,,
audit/pi_jwm_p4_h20_repair_expanded_cpu_go_no_go_20260827,audit,unclassified,,,false,1,1725,1787835283906282400,,,,,
audit/pi_jwm_p4_h20_repair_scale1_cpu_go_no_go_20260829,audit,unclassified,,,false,1,1560,1787991735820160500,,,,,
audit/pi_jwm_p4_h20_repair_training_protocol_20260827,audit,ready_for_protocol_review,,,false,2,5848,1787817045857056200,,,,,
audit/pi_jwm_p4_h20_scale1_gpu_multiseed_audit_20260829,audit,unclassified,20260830,,false,2,6774,1787995871732250100,,,,,
audit/pi_jwm_p4_link_activity_diagnosis_20260827,audit,unclassified,20260827,,false,1,13549,1787820305080940600,,,,,
audit/pi_jwm_p4_link_recall_diagnosis_20260904,audit,computed,,"{""fn"": 364, ""recall"": 0.0, ""statistics"": {""fn"": {""raw_logit"": {""q0"": -1.7466975450515747, ""q10"": 0.7467874825000764, ""q100"": 1.9297287464141846, ""q50"": 1.728748381137848, ""q90"": 1.8146557927131652}, ""raw_weighted_score"": {""q0"": 0.14846421844281257, ""q10"": 0.6784657094051614, ""q100"": 0.8732193931699468, ""q50"": 0.8492522542044456, ""q90"": 0.859923594055042}, ""weight_corrected_probability"": {""q0"": 0.0034748587074067017, ""q10"": 0.04050091147770491, ""q100"": 0.12107448095869158, ""q50"": 0.10126252034517365, ""q90"": 0.10935300746303364}}, ""tp"": {""reason"": ""empty_subset"", ""status"": ""not_computable""}}, ""tp"": 0}",false,2,162594,1788525772446555100,,audit/pi_jwm_p4_link_recall_diagnosis_20260904/manifest.json,,audit/pi_jwm_p4_link_recall_diagnosis_20260904/manifest.json:c05cc91de5457ad60bc2d31f7a34558576f729a09fab1deee4977be730f79467,
audit/pi_jwm_p4_literature_architecture_gap_20260906,audit,completed_read_only,,complete_rssm_dual_graph_v1,false,1,2372,1788668886113071500,,,,,
audit/pi_jwm_p4_metric_repair_cpu_go_no_go_20260828,audit,unclassified,,,false,1,1857,1787888696799752400,,,,,
audit/pi_jwm_p4_metric_repair_cpu_reevaluation_20260828,audit,unclassified,,,,24,18064403,1787888672159646200,,,,,
audit/pi_jwm_p4_position_diagnosis_20260829,audit,unclassified,20260830,,false,1,185223,1787983726876244400,,,,,
audit/pi_jwm_p4_recursive_cpu_go_no_go_20260829,audit,unclassified,,,false,1,1607,1788008418350255200,,,,,
audit/pi_jwm_p4_recursive_link_activity_diagnosis_20260830,audit,unclassified,20260830,,false,1,13961,1788094443588479000,,,,,
audit/pi_jwm_p4_recursive_link_bias_latent_diagnosis_20260830,audit,unclassified,20260830,,false,1,175167,1788101037141083800,,,,,
audit/pi_jwm_p4_threshold_protocol_audit_20260828,audit,unclassified,20260830,,false,1,8386,1787904546789550300,,,,,
audit/pi_jwm_p4_throughput_diagnosis_20260828,audit,unclassified,20260830,,false,1,76987,1787907663800736900,,,,,
audit/pi_jwm_p4_world_model_gate_20260826,audit,blocked,20260824,,false,1,3878,1787737399266345000,,,,,
audit/pi_jwm_p4_world_model_gate_h20_20260826,audit,passed,20260824,,false,1,4313,1787741282789698500,,,,,
datasets/airfogsim_formal_system_targets_v1,datasets,unclassified,,,false,110,604983,1785673021522574200,,datasets/airfogsim_formal_system_targets_v1/manifest.json,,datasets/airfogsim_formal_system_targets_v1/manifest.json:bb827d5a93bc6b291e86cf0c6c2f4749098ea11fd83633beabd8adb0d6140911,
datasets/airfogsim_formal_tensor_v1,datasets,unclassified,,,,114,76042974,1785598181908268800,,datasets/airfogsim_formal_tensor_v1/manifest.json,datasets/airfogsim_formal_tensor_v1/validation_report.json,datasets/airfogsim_formal_tensor_v1/manifest.json:687cbb7562a573cbe85a8219654523f21ec743864882ce3ed9fc5d5c1eb3ee57;datasets/airfogsim_formal_tensor_v1/validation_report.json:f1ef5889fb6eacad293117302111d6174ba02b27938e1e307ba6a269568658a5,
datasets/airfogsim_formal_unlocked_v4,datasets,unclassified,10000,,,201,2004206698,1787208580699682500,,,datasets/airfogsim_formal_unlocked_v4/protocol.json,datasets/airfogsim_formal_unlocked_v4/protocol.json:bd96da60b1f23172787bb56e071dbc927a36dcf5eeec5b3456b3d9be45ce3b78,
datasets/airfogsim_formal_v1,datasets,unclassified,0,,,550,5672083778,1785598735444073500,,datasets/airfogsim_formal_v1/manifest.json,datasets/airfogsim_formal_v1/validation_report.json,datasets/airfogsim_formal_v1/manifest.json:374c9245ad344490e943ded6f968035f855eb36c9f3467f385bb9755379e2a74;datasets/airfogsim_formal_v1/validation_report.json:8567981df9c18cce8963450595f4b9fc31db97748cbb494b822930ed2ea1c111,
datasets/airfogsim_formal_v1_calibration,datasets,unclassified,,,,2,4540,1785595051439766700,,,,,
datasets/airfogsim_multiseed_v2_debug_seed1,datasets,unclassified,1,,,15,21120777,1785510410919252800,,datasets/airfogsim_multiseed_v2_debug_seed1/manifest.json,datasets/airfogsim_multiseed_v2_debug_seed1/validation_report.json,datasets/airfogsim_multiseed_v2_debug_seed1/manifest.json:c98e480b7022485a387c8ba52233b125d1cdbaef26983f7c683e47723a4a22ab;datasets/airfogsim_multiseed_v2_debug_seed1/validation_report.json:42e10f28cd4807b304ea19ad293f12c9f76b6ca3e8173e73787bf1d2492a1287,
datasets/airfogsim_multiseed_v2_dev,datasets,unclassified,0,,,31,58814510,1785514860610852000,,datasets/airfogsim_multiseed_v2_dev/manifest.json,datasets/airfogsim_multiseed_v2_dev/validation_report.json,datasets/airfogsim_multiseed_v2_dev/manifest.json:d5c598dc1c3256f86d741b504e899626b98767996ccb93eb6dbd05710c1f75f7;datasets/airfogsim_multiseed_v2_dev/validation_report.json:6969803df41aa54a2b42803bf7920fcaa7ab421a2d435526d4c93620fdca31b2,
datasets/airfogsim_teacher_aligned_v3,datasets,unclassified,9,,,279,210802693,1785763348793172500,,datasets/airfogsim_teacher_aligned_v3/manifest.json,datasets/airfogsim_teacher_aligned_v3/validation_report.json,datasets/airfogsim_teacher_aligned_v3/manifest.json:f95de2d4f33e25d53dba16dfdf4b52aa8084a280ea07df20fa809bb5640013ba;datasets/airfogsim_teacher_aligned_v3/validation_report.json:79499951d19d0f28d7d732857f6f5ba4e9573d8380bdc004bccc058cbabf2f8b,
datasets/airfogsim_tensor_v2_dev,datasets,unclassified,,,,12,646579,1785517665287292400,,datasets/airfogsim_tensor_v2_dev/manifest.json,datasets/airfogsim_tensor_v2_dev/validation_report.json,datasets/airfogsim_tensor_v2_dev/manifest.json:7e11b9f9527fd3e6c72e51e7d274b8161e9e5aec0cd748d7820351f449a1da36;datasets/airfogsim_tensor_v2_dev/validation_report.json:996f17b056d83e102747308c887e9991d2e676286d061b0278d17b445bd3d8d3,
evaluation/archive,evaluation,unclassified,,,,50,17950762,1785807067013981500,,,,,
evaluation/pi_jwm_eval_protocol_v3,evaluation,computed,0,zero_state,,14,5555640,1785808285660818800,,evaluation/pi_jwm_eval_protocol_v3/manifest.json,evaluation/pi_jwm_eval_protocol_v3/validation_report.json,evaluation/pi_jwm_eval_protocol_v3/manifest.json:35caa1d6b5cba42b5cc5f3165755d63b76054fa19c5c64c490f9aa8e4d87e1d3;evaluation/pi_jwm_eval_protocol_v3/validation_report.json:e298b09c38d4381ab5b880b9e4cbb3a8e809ffc55f5604aea404a5db18085390,
evaluation/pi_jwm_eval_protocol_v3_audited_candidate,evaluation,computed,0,zero_state,,13,4975469,1785773058480573500,,,evaluation/pi_jwm_eval_protocol_v3_audited_candidate/validation_report.json,evaluation/pi_jwm_eval_protocol_v3_audited_candidate/validation_report.json:9273f7a66087b2b3cdffdb2b0a808f39c88c958bd0699276b54a84661d1a22ce,
evaluation/pi_jwm_eval_protocol_v3_audited_candidate2,evaluation,computed,0,zero_state,,14,4980017,1785773422482898800,,evaluation/pi_jwm_eval_protocol_v3_audited_candidate2/manifest.json,evaluation/pi_jwm_eval_protocol_v3_audited_candidate2/validation_report.json,evaluation/pi_jwm_eval_protocol_v3_audited_candidate2/manifest.json:ce47af4e4be6893eda1c106cae57906c21e967442fba3e3231000557fb9f08c8;evaluation/pi_jwm_eval_protocol_v3_audited_candidate2/validation_report.json:e298b09c38d4381ab5b880b9e4cbb3a8e809ffc55f5604aea404a5db18085390,
evaluation/pi_jwm_eval_protocol_v3_audited_final,evaluation,computed,0,zero_state,,14,4980017,1785774338578240000,,evaluation/pi_jwm_eval_protocol_v3_audited_final/manifest.json,evaluation/pi_jwm_eval_protocol_v3_audited_final/validation_report.json,evaluation/pi_jwm_eval_protocol_v3_audited_final/manifest.json:afba7505dcd13c2fd83d6cbd74137bcebf95e3ded46e9b61eb3b66d66eda4ef6;evaluation/pi_jwm_eval_protocol_v3_audited_final/validation_report.json:e298b09c38d4381ab5b880b9e4cbb3a8e809ffc55f5604aea404a5db18085390,
evaluation/pi_jwm_eval_protocol_v3_audited_final2,evaluation,unclassified,independent model initialization/optimization replicate,,,6,49858,1785775125824685700,,,,,
evaluation/pi_jwm_eval_protocol_v3_audited_final3,evaluation,computed,0,zero_state,,14,5549943,1785775360320605600,,evaluation/pi_jwm_eval_protocol_v3_audited_final3/manifest.json,evaluation/pi_jwm_eval_protocol_v3_audited_final3/validation_report.json,evaluation/pi_jwm_eval_protocol_v3_audited_final3/manifest.json:0b733d00c5232d8625ebb9ff13f55d5ff542b126629332d57aa21d5954caa06d;evaluation/pi_jwm_eval_protocol_v3_audited_final3/validation_report.json:e298b09c38d4381ab5b880b9e4cbb3a8e809ffc55f5604aea404a5db18085390,
evaluation/pi_jwm_eval_protocol_v3_dag3,evaluation,computed,0,zero_state,,14,5550917,1785806851421110200,,evaluation/pi_jwm_eval_protocol_v3_dag3/manifest.json,evaluation/pi_jwm_eval_protocol_v3_dag3/validation_report.json,evaluation/pi_jwm_eval_protocol_v3_dag3/manifest.json:d5f699ac11daeacc662094060f7b6a59803846b0d5f68f3be340f52d34854078;evaluation/pi_jwm_eval_protocol_v3_dag3/validation_report.json:e298b09c38d4381ab5b880b9e4cbb3a8e809ffc55f5604aea404a5db18085390,
experiments/airfogsim_v0,experiments,unclassified,,,,3488,1603973299,1781866903447769400,,,,,
experiments/formal_rule_layer_cpu_gate_seed20260824_20260823,experiments,unclassified,20260824,,false,19,2333109,1787496609099745700,experiments/formal_rule_layer_cpu_gate_seed20260824_20260823/config.json,experiments/formal_rule_layer_cpu_gate_seed20260824_20260823/manifest.json,experiments/formal_rule_layer_cpu_gate_seed20260824_20260823/run_summary.json,experiments/formal_rule_layer_cpu_gate_seed20260824_20260823/manifest.json:a4ca68650f8a849e38f356a7da335bc637190add556332bc080c2dc95b560dbe;experiments/formal_rule_layer_cpu_gate_seed20260824_20260823/config.json:ff7c7a5347bb56a1b02fda5141ddd2fb2b9fe1b2aa0f9887a674f2d134ca4ed8;experiments/formal_rule_layer_cpu_gate_seed20260824_20260823/run_summary.json:c51fb12fd84edaf6ea3480d82c270db468a68672a22a38080ac665088ba5699a,
experiments/formal_rule_layer_cpu_gate_seed20260825_20260823,experiments,unclassified,,,,0,0,1787496610272099000,,,,,
experiments/formal_rule_layer_cpu_gate_v2_seed20260824_20260823,experiments,unclassified,20260824,,false,19,2331354,1787497014454275400,experiments/formal_rule_layer_cpu_gate_v2_seed20260824_20260823/config.json,experiments/formal_rule_layer_cpu_gate_v2_seed20260824_20260823/manifest.json,experiments/formal_rule_layer_cpu_gate_v2_seed20260824_20260823/run_summary.json,experiments/formal_rule_layer_cpu_gate_v2_seed20260824_20260823/manifest.json:6b616a904627c3894d7a3ea2fb16f78a7a057c986d35d6db4b97f041d590e251;experiments/formal_rule_layer_cpu_gate_v2_seed20260824_20260823/config.json:ff7c7a5347bb56a1b02fda5141ddd2fb2b9fe1b2aa0f9887a674f2d134ca4ed8;experiments/formal_rule_layer_cpu_gate_v2_seed20260824_20260823/run_summary.json:c51fb12fd84edaf6ea3480d82c270db468a68672a22a38080ac665088ba5699a,
experiments/formal_rule_layer_cpu_gate_v2_seed20260825_20260823,experiments,unclassified,20260825,,false,19,2330899,1787497280897994200,experiments/formal_rule_layer_cpu_gate_v2_seed20260825_20260823/config.json,experiments/formal_rule_layer_cpu_gate_v2_seed20260825_20260823/manifest.json,experiments/formal_rule_layer_cpu_gate_v2_seed20260825_20260823/run_summary.json,experiments/formal_rule_layer_cpu_gate_v2_seed20260825_20260823/manifest.json:b0c0c7ddc78b31b2344b57018a88f685984dc513de0d4224fb9a5bb4bc2f88f4;experiments/formal_rule_layer_cpu_gate_v2_seed20260825_20260823/config.json:998362613aa468576e6f38fb11ebbdcfabf9ea0dba2689a22ee17629a3771b3e;experiments/formal_rule_layer_cpu_gate_v2_seed20260825_20260823/run_summary.json:c51fb12fd84edaf6ea3480d82c270db468a68672a22a38080ac665088ba5699a,
experiments/formal_rule_layer_cpu_gate_v2_seed20260826_20260823,experiments,unclassified,20260826,,false,19,2331114,1787497549584601200,experiments/formal_rule_layer_cpu_gate_v2_seed20260826_20260823/config.json,experiments/formal_rule_layer_cpu_gate_v2_seed20260826_20260823/manifest.json,experiments/formal_rule_layer_cpu_gate_v2_seed20260826_20260823/run_summary.json,experiments/formal_rule_layer_cpu_gate_v2_seed20260826_20260823/manifest.json:8449a1f56321cd870cf9dfd925e61857a8ba34dfb12019eeeeec4a561b180645;experiments/formal_rule_layer_cpu_gate_v2_seed20260826_20260823/config.json:466316db24371df1d4a391ddd5c7d8eebe02ea7bbd7a69e4d39bef1823412757;experiments/formal_rule_layer_cpu_gate_v2_seed20260826_20260823/run_summary.json:c51fb12fd84edaf6ea3480d82c270db468a68672a22a38080ac665088ba5699a,
experiments/formal_rule_layer_cpu_smoke_20260823,experiments,unclassified,20260824,,false,19,1986572,1787491562906838000,experiments/formal_rule_layer_cpu_smoke_20260823/config.json,experiments/formal_rule_layer_cpu_smoke_20260823/manifest.json,experiments/formal_rule_layer_cpu_smoke_20260823/run_summary.json,experiments/formal_rule_layer_cpu_smoke_20260823/manifest.json:3a9515d4a89cb4a5dad2d85dcf77453c9872416ce1c63c5b5f45949cc1abcd21;experiments/formal_rule_layer_cpu_smoke_20260823/config.json:d5959f1c64d4ac786084037db46d76fe32cc0fa80b60ffc8c461268505f13f63;experiments/formal_rule_layer_cpu_smoke_20260823/run_summary.json:af9b5b921fff307900c80a68b05fc0ce5f2ed4d640d454c41e2c1720f4eb59f7,
experiments/formal_rule_layer_cpu_smoke_v2_20260823,experiments,unclassified,20260824,,false,19,1973141,1787496301583309600,experiments/formal_rule_layer_cpu_smoke_v2_20260823/config.json,experiments/formal_rule_layer_cpu_smoke_v2_20260823/manifest.json,experiments/formal_rule_layer_cpu_smoke_v2_20260823/run_summary.json,experiments/formal_rule_layer_cpu_smoke_v2_20260823/manifest.json:d2a1bbd6ee30236d2c997e4d8096c21167193ea025b6bcd96ee7bd1fbaba9b6c;experiments/formal_rule_layer_cpu_smoke_v2_20260823/config.json:20529e361a1162b159b861724d7bfd0cd0e938cf7521448f2e959334fd960a0a;experiments/formal_rule_layer_cpu_smoke_v2_20260823/run_summary.json:98942151d7934713236d1cdd34c9905441f578d4231986206f88804f90422717,
experiments/formal_seed20260824,experiments,unclassified,20260824,,false,19,9206741,1787743672000000000,experiments/formal_seed20260824/config.json,experiments/formal_seed20260824/manifest.json,experiments/formal_seed20260824/run_summary.json,experiments/formal_seed20260824/manifest.json:34d1a81e3bc6c3abdb2016caedb0abe804b7e8908d98bdf0790f80527954a3ea;experiments/formal_seed20260824/config.json:aa57b7ff7f25ead07e531b9dce35aabb4b9625a9b842b718774c5fac04b1fa18;experiments/formal_seed20260824/run_summary.json:24ffbcc54d62358376fa9c7bf235dc1051d4613ea289596ea48064c9ab9b79b8,
experiments/formal_seed20260825,experiments,unclassified,20260825,,false,19,9205301,1787744122000000000,experiments/formal_seed20260825/config.json,experiments/formal_seed20260825/manifest.json,experiments/formal_seed20260825/run_summary.json,experiments/formal_seed20260825/manifest.json:cc5586ec64662fdd386fae705bb61569688e034841b1c5d0a3d8b2c44c284de9;experiments/formal_seed20260825/config.json:501410172c19ea8244e9d42534a960a7a2de539238f5fa6bf89a1ff6c687739e;experiments/formal_seed20260825/run_summary.json:24ffbcc54d62358376fa9c7bf235dc1051d4613ea289596ea48064c9ab9b79b8,
experiments/formal_seed20260826,experiments,unclassified,20260826,,false,19,9206517,1787744548000000000,experiments/formal_seed20260826/config.json,experiments/formal_seed20260826/manifest.json,experiments/formal_seed20260826/run_summary.json,experiments/formal_seed20260826/manifest.json:721dddd2be1182abdd6155491937595f90c1ab015f721acd9bb55a77690d3af3;experiments/formal_seed20260826/config.json:cb633cf9309b29589e7d1ab83257e3428723dcf3da9387f2c8cb08c56ddcfe3a;experiments/formal_seed20260826/run_summary.json:24ffbcc54d62358376fa9c7bf235dc1051d4613ea289596ea48064c9ab9b79b8,
experiments/formal_tuning_screen_20260823,experiments,unclassified,,,,193,31080973,1787478228000000000,,,,,
experiments/gpu_formal_rule_v2_20260825,experiments,unclassified,,,,58,6801586,1787641577000000000,,,,,
experiments/gpu_formal_rule_v2_fixed_data_20260825,experiments,unclassified,,,,58,6801823,1787642435000000000,,,,,
experiments/pi_jwm_609_group_meeting,experiments,unclassified,,flat_mlp,,2,44828,1780932319723199200,,,,,
experiments/pi_jwm_aggregate_state_weight_screen_w050,experiments,unclassified,20260824,,false,19,2310778,1787467086267456800,experiments/pi_jwm_aggregate_state_weight_screen_w050/config.json,experiments/pi_jwm_aggregate_state_weight_screen_w050/manifest.json,experiments/pi_jwm_aggregate_state_weight_screen_w050/run_summary.json,experiments/pi_jwm_aggregate_state_weight_screen_w050/manifest.json:e20d69e4c0cdc1a25c124bfd08e27ea20962de3a87d4b95faa3c9f12a28b8b28;experiments/pi_jwm_aggregate_state_weight_screen_w050/config.json:50700a3c400a2d13e13c4090adbea419fdeda39892e7b351b92d48a31ea25000;experiments/pi_jwm_aggregate_state_weight_screen_w050/run_summary.json:ab3c1c7cd41a7d738c86f5af0941f30dcf03cb57d5114b43dbd3fcc1652287f2,
experiments/pi_jwm_aggregate_zero_init_full_seed24,experiments,unclassified,20260824,,false,19,2318982,1787467701284888400,experiments/pi_jwm_aggregate_zero_init_full_seed24/config.json,experiments/pi_jwm_aggregate_zero_init_full_seed24/manifest.json,experiments/pi_jwm_aggregate_zero_init_full_seed24/run_summary.json,experiments/pi_jwm_aggregate_zero_init_full_seed24/manifest.json:d94d266206497734f582f28157a1cf1ac495a402ea79545558f0a8451ce533a1;experiments/pi_jwm_aggregate_zero_init_full_seed24/config.json:0076ebd5241570fe95ea05a95f824d66f0ed009b7cbb45c3cc0c367f2d502c60;experiments/pi_jwm_aggregate_zero_init_full_seed24/run_summary.json:c51fb12fd84edaf6ea3480d82c270db468a68672a22a38080ac665088ba5699a,
experiments/pi_jwm_aggregate_zero_init_full_seed25,experiments,unclassified,20260825,,false,19,2318899,1787467981048365000,experiments/pi_jwm_aggregate_zero_init_full_seed25/config.json,experiments/pi_jwm_aggregate_zero_init_full_seed25/manifest.json,experiments/pi_jwm_aggregate_zero_init_full_seed25/run_summary.json,experiments/pi_jwm_aggregate_zero_init_full_seed25/manifest.json:26e24d8ae531ed9eea95f0e06939233db5dceb53fd15e1cda3163a33b1feee5e;experiments/pi_jwm_aggregate_zero_init_full_seed25/config.json:2f3d264e5c36c0f8abb75fcfbed74f9cc8cc3951c2d019225e5dc5e3ba213c07;experiments/pi_jwm_aggregate_zero_init_full_seed25/run_summary.json:c51fb12fd84edaf6ea3480d82c270db468a68672a22a38080ac665088ba5699a,
experiments/pi_jwm_aggregate_zero_init_full_seed26,experiments,unclassified,20260826,,false,19,2319074,1787468247206787900,experiments/pi_jwm_aggregate_zero_init_full_seed26/config.json,experiments/pi_jwm_aggregate_zero_init_full_seed26/manifest.json,experiments/pi_jwm_aggregate_zero_init_full_seed26/run_summary.json,experiments/pi_jwm_aggregate_zero_init_full_seed26/manifest.json:f3c1425f72de4bb8774eb61fca15452e57f2c3a34852eb69f905fc8ecbeae1d0;experiments/pi_jwm_aggregate_zero_init_full_seed26/config.json:ce5fda5229ce063c691919b8bb11d827d8da1012174165b017479dab277385dc;experiments/pi_jwm_aggregate_zero_init_full_seed26/run_summary.json:c51fb12fd84edaf6ea3480d82c270db468a68672a22a38080ac665088ba5699a,
experiments/pi_jwm_aggregate_zero_init_lr1e4_seed25,experiments,unclassified,20260825,,false,19,2318799,1787468817471597000,experiments/pi_jwm_aggregate_zero_init_lr1e4_seed25/config.json,experiments/pi_jwm_aggregate_zero_init_lr1e4_seed25/manifest.json,experiments/pi_jwm_aggregate_zero_init_lr1e4_seed25/run_summary.json,experiments/pi_jwm_aggregate_zero_init_lr1e4_seed25/manifest.json:bf8d8b0e2224ed5520cfde941f18e764e97422fc3917aadafb16d9850d64fcb9;experiments/pi_jwm_aggregate_zero_init_lr1e4_seed25/config.json:6e3d03df3bd9fd98f5eb6725a577809cd45168d36081552e6a152b996269f581;experiments/pi_jwm_aggregate_zero_init_lr1e4_seed25/run_summary.json:c51fb12fd84edaf6ea3480d82c270db468a68672a22a38080ac665088ba5699a,
experiments/pi_jwm_aggregate_zero_init_lr25e4_seed25,experiments,unclassified,20260825,,false,19,2318892,1787469399710660300,experiments/pi_jwm_aggregate_zero_init_lr25e4_seed25/config.json,experiments/pi_jwm_aggregate_zero_init_lr25e4_seed25/manifest.json,experiments/pi_jwm_aggregate_zero_init_lr25e4_seed25/run_summary.json,experiments/pi_jwm_aggregate_zero_init_lr25e4_seed25/manifest.json:a08d1551e624e3f3a1a18867ead12094b51d811a360637bf3c40fa24b642135d;experiments/pi_jwm_aggregate_zero_init_lr25e4_seed25/config.json:d9c7a36e6018ef5ce71378ef3e5e93f93631876e77fc6ee249f4c1e5a40a3693;experiments/pi_jwm_aggregate_zero_init_lr25e4_seed25/run_summary.json:c51fb12fd84edaf6ea3480d82c270db468a68672a22a38080ac665088ba5699a,
experiments/pi_jwm_aggregate_zero_init_lr2e4_seed25,experiments,unclassified,20260825,,false,19,2318920,1787469103385244600,experiments/pi_jwm_aggregate_zero_init_lr2e4_seed25/config.json,experiments/pi_jwm_aggregate_zero_init_lr2e4_seed25/manifest.json,experiments/pi_jwm_aggregate_zero_init_lr2e4_seed25/run_summary.json,experiments/pi_jwm_aggregate_zero_init_lr2e4_seed25/manifest.json:34334e28bd06dabd4435ce4ac00f1d862a8ae601121926bf3aeac38df0c28bbc;experiments/pi_jwm_aggregate_zero_init_lr2e4_seed25/config.json:6c2c2ee6949d08bd59d26264a631a828ef54c22ead795ca6e412449b24f4fe0f;experiments/pi_jwm_aggregate_zero_init_lr2e4_seed25/run_summary.json:c51fb12fd84edaf6ea3480d82c270db468a68672a22a38080ac665088ba5699a,
experiments/pi_jwm_aggregate_zero_init_scale05_seed24,experiments,unclassified,20260824,,false,19,2318995,1787470089866628600,experiments/pi_jwm_aggregate_zero_init_scale05_seed24/config.json,experiments/pi_jwm_aggregate_zero_init_scale05_seed24/manifest.json,experiments/pi_jwm_aggregate_zero_init_scale05_seed24/run_summary.json,experiments/pi_jwm_aggregate_zero_init_scale05_seed24/manifest.json:db1b2db643872755de203fe71c2332918f1bbab9167c4857d7a8debb05de3cd3;experiments/pi_jwm_aggregate_zero_init_scale05_seed24/config.json:49a73eea942c8f3eb9dbb3c79c5ecb0293e36ac9b6792368f916092a55df4d73;experiments/pi_jwm_aggregate_zero_init_scale05_seed24/run_summary.json:c51fb12fd84edaf6ea3480d82c270db468a68672a22a38080ac665088ba5699a,
experiments/pi_jwm_aggregate_zero_init_scale05_seed25,experiments,unclassified,20260825,,false,19,2318913,1787469786469212700,experiments/pi_jwm_aggregate_zero_init_scale05_seed25/config.json,experiments/pi_jwm_aggregate_zero_init_scale05_seed25/manifest.json,experiments/pi_jwm_aggregate_zero_init_scale05_seed25/run_summary.json,experiments/pi_jwm_aggregate_zero_init_scale05_seed25/manifest.json:a13247258d9d6e87a53bceb75f299dcaa2b3b6a64286bf57b0d2296da6e77ac9;experiments/pi_jwm_aggregate_zero_init_scale05_seed25/config.json:3903757a412036873ccdaee9dc024a79d3f9247abdd033c72a948feb9b2519b5;experiments/pi_jwm_aggregate_zero_init_scale05_seed25/run_summary.json:c51fb12fd84edaf6ea3480d82c270db468a68672a22a38080ac665088ba5699a,
experiments/pi_jwm_aggregate_zero_init_scale05_seed26,experiments,unclassified,20260826,,false,19,2319068,1787470372422806500,experiments/pi_jwm_aggregate_zero_init_scale05_seed26/config.json,experiments/pi_jwm_aggregate_zero_init_scale05_seed26/manifest.json,experiments/pi_jwm_aggregate_zero_init_scale05_seed26/run_summary.json,experiments/pi_jwm_aggregate_zero_init_scale05_seed26/manifest.json:38c8d2f09b231d2b52a0927451931dbb6f95d436f5fc192f023bea06f9e9c8d4;experiments/pi_jwm_aggregate_zero_init_scale05_seed26/config.json:bc0f97d24ae2d0fe3c20ff96c89b9cd7bc3610db321f24265b1083a2b92321b0;experiments/pi_jwm_aggregate_zero_init_scale05_seed26/run_summary.json:c51fb12fd84edaf6ea3480d82c270db468a68672a22a38080ac665088ba5699a,
experiments/pi_jwm_aggregate_zero_init_screen,experiments,unclassified,20260824,,false,19,2308061,1787467428225074500,experiments/pi_jwm_aggregate_zero_init_screen/config.json,experiments/pi_jwm_aggregate_zero_init_screen/manifest.json,experiments/pi_jwm_aggregate_zero_init_screen/run_summary.json,experiments/pi_jwm_aggregate_zero_init_screen/manifest.json:0276184883edffc73720481c6d918082743f03abfea4d8ef2fe4a8310bd01e4a;experiments/pi_jwm_aggregate_zero_init_screen/config.json:dc9606d1386ee2df211ad82e07669b72befd46455ba78e0528e2fb90dd88d623;experiments/pi_jwm_aggregate_zero_init_screen/run_summary.json:ab3c1c7cd41a7d738c86f5af0941f30dcf03cb57d5114b43dbd3fcc1652287f2,
experiments/pi_jwm_aggregate_zero_init_state_mae010_seed24,experiments,unclassified,20260824,,false,19,2319011,1787468536124457500,experiments/pi_jwm_aggregate_zero_init_state_mae010_seed24/config.json,experiments/pi_jwm_aggregate_zero_init_state_mae010_seed24/manifest.json,experiments/pi_jwm_aggregate_zero_init_state_mae010_seed24/run_summary.json,experiments/pi_jwm_aggregate_zero_init_state_mae010_seed24/manifest.json:37c992bebf78bee679096efbb7a0118c545d3c314d0a3c0383ac32af77424344;experiments/pi_jwm_aggregate_zero_init_state_mae010_seed24/config.json:e61573b7b617d6b18b9a3390fe245dbc4018f1285853ba70724e584d0a619490;experiments/pi_jwm_aggregate_zero_init_state_mae010_seed24/run_summary.json:c51fb12fd84edaf6ea3480d82c270db468a68672a22a38080ac665088ba5699a,
experiments/pi_jwm_complete_rssm_r4_gpu_screening_20260905,experiments,reference,20260803,complete_graph_rssm_v1,false,14,3247151,1788618427137625600,,experiments/pi_jwm_complete_rssm_r4_gpu_screening_20260905/manifest.json,,experiments/pi_jwm_complete_rssm_r4_gpu_screening_20260905/manifest.json:8c3e6955748f32be2485b381776ccde99a78db5c732ade10146c39df3b4afecf,
experiments/pi_jwm_formal_aggregate_baseline_cpu_batch8_20260823,experiments,unclassified,20260823,,false,19,2320758,1787463398317859200,experiments/pi_jwm_formal_aggregate_baseline_cpu_batch8_20260823/config.json,experiments/pi_jwm_formal_aggregate_baseline_cpu_batch8_20260823/manifest.json,experiments/pi_jwm_formal_aggregate_baseline_cpu_batch8_20260823/run_summary.json,experiments/pi_jwm_formal_aggregate_baseline_cpu_batch8_20260823/manifest.json:20e30d2da4557f0c0176beb3337ee02ec15dff2cf105f6f7ab7ca4d6cf9f6092;experiments/pi_jwm_formal_aggregate_baseline_cpu_batch8_20260823/config.json:886509f1cd191ddc433b938835108e8c74c0ba8abefaceb95b7b0531b262f211;experiments/pi_jwm_formal_aggregate_baseline_cpu_batch8_20260823/run_summary.json:c51fb12fd84edaf6ea3480d82c270db468a68672a22a38080ac665088ba5699a,
experiments/pi_jwm_formal_aggregate_baseline_cpu_budget_diag_20260823,experiments,unclassified,20260823,,false,5,402380,1787462505340724100,experiments/pi_jwm_formal_aggregate_baseline_cpu_budget_diag_20260823/config.json,,experiments/pi_jwm_formal_aggregate_baseline_cpu_budget_diag_20260823/config.json,experiments/pi_jwm_formal_aggregate_baseline_cpu_budget_diag_20260823/config.json:f26cd2351756bf766fe9aa31339c43198cd3924a41b4471c0e48719ee0642e69,
experiments/pi_jwm_formal_aggregate_baseline_cpu_comparison_v2_20260822,experiments,unclassified,20260822,,false,22,4260544,1787372524063581300,experiments/pi_jwm_formal_aggregate_baseline_cpu_comparison_v2_20260822/config.json,experiments/pi_jwm_formal_aggregate_baseline_cpu_comparison_v2_20260822/manifest.json,experiments/pi_jwm_formal_aggregate_baseline_cpu_comparison_v2_20260822/run_summary.json,experiments/pi_jwm_formal_aggregate_baseline_cpu_comparison_v2_20260822/manifest.json:a3dada932755d38af62a75165dd5a9e005042905c91231edf80e121b5220793d;experiments/pi_jwm_formal_aggregate_baseline_cpu_comparison_v2_20260822/config.json:d4070bcf563d408b7bd780ffaf97d549dc9c1e68935f773368a23331c5b7212b;experiments/pi_jwm_formal_aggregate_baseline_cpu_comparison_v2_20260822/run_summary.json:c8e3a5cbffa6f7d405c0e4d0c9de0460b0901bb8ecf5f2e66860bfd7a3cb4087,
experiments/pi_jwm_formal_aggregate_baseline_cpu_fixeddata_seed24,experiments,unclassified,20260824,,false,19,2322039,1787465413164753400,experiments/pi_jwm_formal_aggregate_baseline_cpu_fixeddata_seed24/config.json,experiments/pi_jwm_formal_aggregate_baseline_cpu_fixeddata_seed24/manifest.json,experiments/pi_jwm_formal_aggregate_baseline_cpu_fixeddata_seed24/run_summary.json,experiments/pi_jwm_formal_aggregate_baseline_cpu_fixeddata_seed24/manifest.json:8e8aac27fabd9d262fd07124db59aff21fc3c16896809f9c777e0840feb2aaba;experiments/pi_jwm_formal_aggregate_baseline_cpu_fixeddata_seed24/config.json:03cae63736e530c967099f680fd0edcf06587b496e701a59f63468e1cc8857d4;experiments/pi_jwm_formal_aggregate_baseline_cpu_fixeddata_seed24/run_summary.json:c51fb12fd84edaf6ea3480d82c270db468a68672a22a38080ac665088ba5699a,
experiments/pi_jwm_formal_aggregate_baseline_cpu_fixeddata_seed25,experiments,unclassified,20260825,,false,19,2321975,1787465738818774200,experiments/pi_jwm_formal_aggregate_baseline_cpu_fixeddata_seed25/config.json,experiments/pi_jwm_formal_aggregate_baseline_cpu_fixeddata_seed25/manifest.json,experiments/pi_jwm_formal_aggregate_baseline_cpu_fixeddata_seed25/run_summary.json,experiments/pi_jwm_formal_aggregate_baseline_cpu_fixeddata_seed25/manifest.json:63ef12ea4e1c37bc179f60ceadb44cfde5426dea74929dee00c2fafd3eac9cd8;experiments/pi_jwm_formal_aggregate_baseline_cpu_fixeddata_seed25/config.json:f8b94b09bdb7b04feed61ce07bb765f231dd36e66f8c43aa9bebe43ef458761c;experiments/pi_jwm_formal_aggregate_baseline_cpu_fixeddata_seed25/run_summary.json:c51fb12fd84edaf6ea3480d82c270db468a68672a22a38080ac665088ba5699a,
experiments/pi_jwm_formal_aggregate_baseline_cpu_fixeddata_seed26,experiments,unclassified,20260826,,false,19,2321804,1787466089600869300,experiments/pi_jwm_formal_aggregate_baseline_cpu_fixeddata_seed26/config.json,experiments/pi_jwm_formal_aggregate_baseline_cpu_fixeddata_seed26/manifest.json,experiments/pi_jwm_formal_aggregate_baseline_cpu_fixeddata_seed26/run_summary.json,experiments/pi_jwm_formal_aggregate_baseline_cpu_fixeddata_seed26/manifest.json:1455589aaf51a090c9a4e65efb0a927e1b7d26aa3348a1407da99ff76058c93a;experiments/pi_jwm_formal_aggregate_baseline_cpu_fixeddata_seed26/config.json:9c83911c9008c6493f3bfa9ba46d4470645fc1d48844a2617d2837e9426ef9dc;experiments/pi_jwm_formal_aggregate_baseline_cpu_fixeddata_seed26/run_summary.json:c51fb12fd84edaf6ea3480d82c270db468a68672a22a38080ac665088ba5699a,
experiments/pi_jwm_formal_aggregate_baseline_cpu_lr3e4_20260823,experiments,unclassified,20260823,,false,19,2321714,1787464017123140400,experiments/pi_jwm_formal_aggregate_baseline_cpu_lr3e4_20260823/config.json,experiments/pi_jwm_formal_aggregate_baseline_cpu_lr3e4_20260823/manifest.json,experiments/pi_jwm_formal_aggregate_baseline_cpu_lr3e4_20260823/run_summary.json,experiments/pi_jwm_formal_aggregate_baseline_cpu_lr3e4_20260823/manifest.json:935b53e7ac53296e22af6f22142eae67d425f8705b19df647d3bd64069f06be0;experiments/pi_jwm_formal_aggregate_baseline_cpu_lr3e4_20260823/config.json:8e4d43a9e8f93de92e8b76783a9a01492d149d069cc883e9009e2969e9960a50;experiments/pi_jwm_formal_aggregate_baseline_cpu_lr3e4_20260823/run_summary.json:c51fb12fd84edaf6ea3480d82c270db468a68672a22a38080ac665088ba5699a,
experiments/pi_jwm_formal_aggregate_baseline_cpu_nonresidual_20260823,experiments,unclassified,20260823,,false,19,2320476,1787464541612667100,experiments/pi_jwm_formal_aggregate_baseline_cpu_nonresidual_20260823/config.json,experiments/pi_jwm_formal_aggregate_baseline_cpu_nonresidual_20260823/manifest.json,experiments/pi_jwm_formal_aggregate_baseline_cpu_nonresidual_20260823/run_summary.json,experiments/pi_jwm_formal_aggregate_baseline_cpu_nonresidual_20260823/manifest.json:3d8dd5a0c702ce118f45b21711caf7d340c8c929c60b50761a52559b4384d1b7;experiments/pi_jwm_formal_aggregate_baseline_cpu_nonresidual_20260823/config.json:18cf44b53f1d5a4698df90190cfe7062fb910eebf9d3dfde4e4df34a103f1f6a;experiments/pi_jwm_formal_aggregate_baseline_cpu_nonresidual_20260823/run_summary.json:298cd157e376ff086fbfdf646dcf5dbf7bdb6a10e7935edfd13a1d375db6191e,
experiments/pi_jwm_formal_aggregate_baseline_cpu_residual_calibration_thresholds_20260823,experiments,unclassified,20260823,,false,19,2321710,1787460904494145700,experiments/pi_jwm_formal_aggregate_baseline_cpu_residual_calibration_thresholds_20260823/config.json,experiments/pi_jwm_formal_aggregate_baseline_cpu_residual_calibration_thresholds_20260823/manifest.json,experiments/pi_jwm_formal_aggregate_baseline_cpu_residual_calibration_thresholds_20260823/run_summary.json,experiments/pi_jwm_formal_aggregate_baseline_cpu_residual_calibration_thresholds_20260823/manifest.json:0a82ec7d2b7662f269c741d46c807af06f7fc88791e213ab33ed65ff3d7e4faa;experiments/pi_jwm_formal_aggregate_baseline_cpu_residual_calibration_thresholds_20260823/config.json:8e4d43a9e8f93de92e8b76783a9a01492d149d069cc883e9009e2969e9960a50;experiments/pi_jwm_formal_aggregate_baseline_cpu_residual_calibration_thresholds_20260823/run_summary.json:c51fb12fd84edaf6ea3480d82c270db468a68672a22a38080ac665088ba5699a,
experiments/pi_jwm_formal_aggregate_baseline_cpu_residual_calibration_thresholds_20260824,experiments,unclassified,20260824,,false,19,2321992,1787461214698000100,experiments/pi_jwm_formal_aggregate_baseline_cpu_residual_calibration_thresholds_20260824/config.json,experiments/pi_jwm_formal_aggregate_baseline_cpu_residual_calibration_thresholds_20260824/manifest.json,experiments/pi_jwm_formal_aggregate_baseline_cpu_residual_calibration_thresholds_20260824/run_summary.json,experiments/pi_jwm_formal_aggregate_baseline_cpu_residual_calibration_thresholds_20260824/manifest.json:d2935254ca30540517b2b959706b0c4122be2baf3d0975e978443a65ad0ea2ce;experiments/pi_jwm_formal_aggregate_baseline_cpu_residual_calibration_thresholds_20260824/config.json:f98b42b8fdfe163ecd12246f2ae49050bf4208cd324b3b47f4bc292295a2d055;experiments/pi_jwm_formal_aggregate_baseline_cpu_residual_calibration_thresholds_20260824/run_summary.json:c51fb12fd84edaf6ea3480d82c270db468a68672a22a38080ac665088ba5699a,
experiments/pi_jwm_formal_aggregate_baseline_cpu_residual_calibration_thresholds_20260825,experiments,unclassified,20260825,,false,19,2322024,1787461687320574700,experiments/pi_jwm_formal_aggregate_baseline_cpu_residual_calibration_thresholds_20260825/config.json,experiments/pi_jwm_formal_aggregate_baseline_cpu_residual_calibration_thresholds_20260825/manifest.json,experiments/pi_jwm_formal_aggregate_baseline_cpu_residual_calibration_thresholds_20260825/run_summary.json,experiments/pi_jwm_formal_aggregate_baseline_cpu_residual_calibration_thresholds_20260825/manifest.json:aee50efd792a4f209561f54ec87ee6e567e893fbe31ffce9028e77db9a79d8e0;experiments/pi_jwm_formal_aggregate_baseline_cpu_residual_calibration_thresholds_20260825/config.json:bce467546e3ff22a1bf461b08c08746de986dcaa5fea0d28a74b94cabcde6140;experiments/pi_jwm_formal_aggregate_baseline_cpu_residual_calibration_thresholds_20260825/run_summary.json:c51fb12fd84edaf6ea3480d82c270db468a68672a22a38080ac665088ba5699a,
experiments/pi_jwm_formal_aggregate_baseline_cpu_residual_gate_20260823,experiments,unclassified,20260823,,false,16,2305430,1787458872851493400,experiments/pi_jwm_formal_aggregate_baseline_cpu_residual_gate_20260823/config.json,experiments/pi_jwm_formal_aggregate_baseline_cpu_residual_gate_20260823/manifest.json,experiments/pi_jwm_formal_aggregate_baseline_cpu_residual_gate_20260823/run_summary.json,experiments/pi_jwm_formal_aggregate_baseline_cpu_residual_gate_20260823/manifest.json:53fd015594f7f9dc0cacfd10a413062360c0a1bc84772252d37886398502a0c0;experiments/pi_jwm_formal_aggregate_baseline_cpu_residual_gate_20260823/config.json:781cbe2a99ba3e53e8664ee96a28e8fe66d1409f9c08d51170b6fd7b4c85da74;experiments/pi_jwm_formal_aggregate_baseline_cpu_residual_gate_20260823/run_summary.json:c51fb12fd84edaf6ea3480d82c270db468a68672a22a38080ac665088ba5699a,
experiments/pi_jwm_formal_aggregate_baseline_cpu_residual_gate_20260824,experiments,unclassified,20260824,,false,16,2305665,1787459147370888000,experiments/pi_jwm_formal_aggregate_baseline_cpu_residual_gate_20260824/config.json,experiments/pi_jwm_formal_aggregate_baseline_cpu_residual_gate_20260824/manifest.json,experiments/pi_jwm_formal_aggregate_baseline_cpu_residual_gate_20260824/run_summary.json,experiments/pi_jwm_formal_aggregate_baseline_cpu_residual_gate_20260824/manifest.json:859ddc99955b2384bffec87aa6a9f7b1a5fb78741ca46a6958796a72e0618b34;experiments/pi_jwm_formal_aggregate_baseline_cpu_residual_gate_20260824/config.json:2947b119899f14fbd93ef14d22592ceb46fc7f22e6f703b1ad625cafb9b85f04;experiments/pi_jwm_formal_aggregate_baseline_cpu_residual_gate_20260824/run_summary.json:c51fb12fd84edaf6ea3480d82c270db468a68672a22a38080ac665088ba5699a,
experiments/pi_jwm_formal_aggregate_baseline_cpu_residual_thresholds_20260823,experiments,unclassified,20260823,,false,19,2321442,1787460146412998100,experiments/pi_jwm_formal_aggregate_baseline_cpu_residual_thresholds_20260823/config.json,experiments/pi_jwm_formal_aggregate_baseline_cpu_residual_thresholds_20260823/manifest.json,experiments/pi_jwm_formal_aggregate_baseline_cpu_residual_thresholds_20260823/run_summary.json,experiments/pi_jwm_formal_aggregate_baseline_cpu_residual_thresholds_20260823/manifest.json:f9b71b2b2ce31703103215eada5b4e958d8a5c078ef2506d458743f605345a89;experiments/pi_jwm_formal_aggregate_baseline_cpu_residual_thresholds_20260823/config.json:781cbe2a99ba3e53e8664ee96a28e8fe66d1409f9c08d51170b6fd7b4c85da74;experiments/pi_jwm_formal_aggregate_baseline_cpu_residual_thresholds_20260823/run_summary.json:c51fb12fd84edaf6ea3480d82c270db468a68672a22a38080ac665088ba5699a,
experiments/pi_jwm_formal_aggregate_baseline_cpu_residual_thresholds_20260824,experiments,unclassified,20260824,,false,19,2321803,1787460464843884500,experiments/pi_jwm_formal_aggregate_baseline_cpu_residual_thresholds_20260824/config.json,experiments/pi_jwm_formal_aggregate_baseline_cpu_residual_thresholds_20260824/manifest.json,experiments/pi_jwm_formal_aggregate_baseline_cpu_residual_thresholds_20260824/run_summary.json,experiments/pi_jwm_formal_aggregate_baseline_cpu_residual_thresholds_20260824/manifest.json:339db9b683d7110106e639942f1d1e9fb4856680c7f2f0acb230619729822459;experiments/pi_jwm_formal_aggregate_baseline_cpu_residual_thresholds_20260824/config.json:2947b119899f14fbd93ef14d22592ceb46fc7f22e6f703b1ad625cafb9b85f04;experiments/pi_jwm_formal_aggregate_baseline_cpu_residual_thresholds_20260824/run_summary.json:c51fb12fd84edaf6ea3480d82c270db468a68672a22a38080ac665088ba5699a,
experiments/pi_jwm_formal_aggregate_baseline_cpu_smoke_v1_20260822,experiments,unclassified,20260802,,false,19,2659875,1787370579248979600,experiments/pi_jwm_formal_aggregate_baseline_cpu_smoke_v1_20260822/config.json,experiments/pi_jwm_formal_aggregate_baseline_cpu_smoke_v1_20260822/manifest.json,experiments/pi_jwm_formal_aggregate_baseline_cpu_smoke_v1_20260822/run_summary.json,experiments/pi_jwm_formal_aggregate_baseline_cpu_smoke_v1_20260822/manifest.json:58ff2c6dd72bd48267b32cf50afdad41dc4cb9ea204cbac21bc9f9c4ca263c4c;experiments/pi_jwm_formal_aggregate_baseline_cpu_smoke_v1_20260822/config.json:ea956769490108a09f1d80141e0c2cc040d9c26f5648f077fa8c8a3c0bad88f8;experiments/pi_jwm_formal_aggregate_baseline_cpu_smoke_v1_20260822/run_summary.json:67f05c5f515fde5ce7fcffb9c961042bbe0ea4b464283926d0b0e1468e2f1884,
experiments/pi_jwm_formal_aggregate_baseline_cpu_stability_seed20260823_20260822,experiments,unclassified,20260823,,false,22,4285544,1787373378551814200,experiments/pi_jwm_formal_aggregate_baseline_cpu_stability_seed20260823_20260822/config.json,experiments/pi_jwm_formal_aggregate_baseline_cpu_stability_seed20260823_20260822/manifest.json,experiments/pi_jwm_formal_aggregate_baseline_cpu_stability_seed20260823_20260822/run_summary.json,experiments/pi_jwm_formal_aggregate_baseline_cpu_stability_seed20260823_20260822/manifest.json:76ef260f22db145154f364bdf0913393f8525eb7c05dd2dd14404424421a8d56;experiments/pi_jwm_formal_aggregate_baseline_cpu_stability_seed20260823_20260822/config.json:bfad4c498747c89205fc460fe7e052df5a88759073a81397ed700423fe0f8351;experiments/pi_jwm_formal_aggregate_baseline_cpu_stability_seed20260823_20260822/run_summary.json:437578e74a523c8fe1449c4a4bd5557f47dc960c7938d12310631c7351d55939,
experiments/pi_jwm_formal_aggregate_baseline_cpu_stability_seed20260824_20260822,experiments,unclassified,20260824,,false,22,4285095,1787374029897232200,experiments/pi_jwm_formal_aggregate_baseline_cpu_stability_seed20260824_20260822/config.json,experiments/pi_jwm_formal_aggregate_baseline_cpu_stability_seed20260824_20260822/manifest.json,experiments/pi_jwm_formal_aggregate_baseline_cpu_stability_seed20260824_20260822/run_summary.json,experiments/pi_jwm_formal_aggregate_baseline_cpu_stability_seed20260824_20260822/manifest.json:baa844e7082044a52db30b6d96a0f9cb6f39d25142a3e8c2b81cbbe2de395b07;experiments/pi_jwm_formal_aggregate_baseline_cpu_stability_seed20260824_20260822/config.json:f2af564a5ac265ce53e7f52e1039341ec0a9786a94cb55b8d5009876bfcb5eb1;experiments/pi_jwm_formal_aggregate_baseline_cpu_stability_seed20260824_20260822/run_summary.json:437578e74a523c8fe1449c4a4bd5557f47dc960c7938d12310631c7351d55939,
experiments/pi_jwm_formal_aggregate_baseline_cpu_state_mae05_20260823,experiments,unclassified,20260823,,false,19,2320834,1787463730608384700,experiments/pi_jwm_formal_aggregate_baseline_cpu_state_mae05_20260823/config.json,experiments/pi_jwm_formal_aggregate_baseline_cpu_state_mae05_20260823/manifest.json,experiments/pi_jwm_formal_aggregate_baseline_cpu_state_mae05_20260823/run_summary.json,experiments/pi_jwm_formal_aggregate_baseline_cpu_state_mae05_20260823/manifest.json:4e834998f7e615e3b83a3f641b3028c85a2dcc27737ce8cb164e510e7a796c9a;experiments/pi_jwm_formal_aggregate_baseline_cpu_state_mae05_20260823/config.json:ab4b1cf99c115dd4f5171a275be1f8499f8ebe1b7a16a330b82da1601df41293;experiments/pi_jwm_formal_aggregate_baseline_cpu_state_mae05_20260823/run_summary.json:c51fb12fd84edaf6ea3480d82c270db468a68672a22a38080ac665088ba5699a,
experiments/pi_jwm_formal_aggregate_baseline_cpu_targeted_20260823,experiments,unclassified,20260823,,false,5,379485,1787463090307241600,experiments/pi_jwm_formal_aggregate_baseline_cpu_targeted_20260823/config.json,,experiments/pi_jwm_formal_aggregate_baseline_cpu_targeted_20260823/config.json,experiments/pi_jwm_formal_aggregate_baseline_cpu_targeted_20260823/config.json:9952ba6fd4692eaf0b3d49e835bb4f63aea9c46013b39466cd02a7beeed15cc4,
experiments/pi_jwm_formal_gpu_seed20260824_server_4090,experiments,unclassified,20260824,,false,19,2254587,1787472763330970300,experiments/pi_jwm_formal_gpu_seed20260824_server_4090/config.json,experiments/pi_jwm_formal_gpu_seed20260824_server_4090/manifest.json,experiments/pi_jwm_formal_gpu_seed20260824_server_4090/run_summary.json,experiments/pi_jwm_formal_gpu_seed20260824_server_4090/manifest.json:a0cb888e0553394d1b5be33d5a4ae274c5e4e1ba64cb00ccce2db7135a8baecb;experiments/pi_jwm_formal_gpu_seed20260824_server_4090/config.json:f6dc60ea771f12569bdff0fc3d505f3d7551f1f3ed57193f7e6f41a76274591c;experiments/pi_jwm_formal_gpu_seed20260824_server_4090/run_summary.json:24ffbcc54d62358376fa9c7bf235dc1051d4613ea289596ea48064c9ab9b79b8,
experiments/pi_jwm_formal_gpu_seed20260825_server_4090,experiments,unclassified,20260825,,false,19,2254436,1787473189399082300,experiments/pi_jwm_formal_gpu_seed20260825_server_4090/config.json,experiments/pi_jwm_formal_gpu_seed20260825_server_4090/manifest.json,experiments/pi_jwm_formal_gpu_seed20260825_server_4090/run_summary.json,experiments/pi_jwm_formal_gpu_seed20260825_server_4090/manifest.json:45c3a63cd558bc3df53cd7f0e2247ba6f061b57c687929ce759789304e3b89fd;experiments/pi_jwm_formal_gpu_seed20260825_server_4090/config.json:69b6881e733dd01f1671c3781cb9e8e476860363fa373a6aa23271232d27a3bd;experiments/pi_jwm_formal_gpu_seed20260825_server_4090/run_summary.json:24ffbcc54d62358376fa9c7bf235dc1051d4613ea289596ea48064c9ab9b79b8,
experiments/pi_jwm_formal_gpu_seed20260826_server_4090,experiments,unclassified,20260826,,false,19,2254662,1787473412297654600,experiments/pi_jwm_formal_gpu_seed20260826_server_4090/config.json,experiments/pi_jwm_formal_gpu_seed20260826_server_4090/manifest.json,experiments/pi_jwm_formal_gpu_seed20260826_server_4090/run_summary.json,experiments/pi_jwm_formal_gpu_seed20260826_server_4090/manifest.json:e4792bcf4e90149a5cd3f2580347c571ad828447be3a05148255cde09c3f61f3;experiments/pi_jwm_formal_gpu_seed20260826_server_4090/config.json:b8103310ff0fc2b912e65b3e36d901e88d126d487836f32316b19a9b11732d32;experiments/pi_jwm_formal_gpu_seed20260826_server_4090/run_summary.json:24ffbcc54d62358376fa9c7bf235dc1051d4613ea289596ea48064c9ab9b79b8,
experiments/pi_jwm_formal_gpu_smoke_nonlocked_20260823_server_4090,experiments,unclassified,20260824,,false,19,1903831,1787471542512134800,experiments/pi_jwm_formal_gpu_smoke_nonlocked_20260823_server_4090/config.json,experiments/pi_jwm_formal_gpu_smoke_nonlocked_20260823_server_4090/manifest.json,experiments/pi_jwm_formal_gpu_smoke_nonlocked_20260823_server_4090/run_summary.json,experiments/pi_jwm_formal_gpu_smoke_nonlocked_20260823_server_4090/manifest.json:121b11cb4ba7da4fbff91505e31a4b6a270d18cf5ee76ff3eacea91f702c6d21;experiments/pi_jwm_formal_gpu_smoke_nonlocked_20260823_server_4090/config.json:45b88d6b0936d56c62f38020e208fee4168950897161101cc5f0437a6647cead;experiments/pi_jwm_formal_gpu_smoke_nonlocked_20260823_server_4090/run_summary.json:c8b82bba1d45d6cde7723158cf30539571f10d413376bdf1a3bb26c83aa4f9b4,
experiments/pi_jwm_formal_p4_cpu_h20_repair_acceptance_20260827,experiments,unclassified,20260827,,false,19,9170154,1787816945103417900,experiments/pi_jwm_formal_p4_cpu_h20_repair_acceptance_20260827/config.json,experiments/pi_jwm_formal_p4_cpu_h20_repair_acceptance_20260827/manifest.json,experiments/pi_jwm_formal_p4_cpu_h20_repair_acceptance_20260827/run_summary.json,experiments/pi_jwm_formal_p4_cpu_h20_repair_acceptance_20260827/manifest.json:330f2be1c65e06bf77894f02845eb7e8714efa5cafae3e708e753771e8e667b7;experiments/pi_jwm_formal_p4_cpu_h20_repair_acceptance_20260827/config.json:dd7f56b62e38dbd99cd8090fa0985ad51e1ff8de8c29e3d1d79a84f85ab13507;experiments/pi_jwm_formal_p4_cpu_h20_repair_acceptance_20260827/run_summary.json:ccdebcf272cf944c73da776701cf8fed9d0ba70e53664f6a0d3dc6c170cd2fd1,
experiments/pi_jwm_formal_p4_cpu_h20_repair_epoch8_seed20260830,experiments,unclassified,20260830,,false,19,9501467,1787911057035921100,experiments/pi_jwm_formal_p4_cpu_h20_repair_epoch8_seed20260830/config.json,experiments/pi_jwm_formal_p4_cpu_h20_repair_epoch8_seed20260830/manifest.json,experiments/pi_jwm_formal_p4_cpu_h20_repair_epoch8_seed20260830/run_summary.json,experiments/pi_jwm_formal_p4_cpu_h20_repair_epoch8_seed20260830/manifest.json:b4a9ad2da7fc4b4b48f17c5f742a35323c3d6aa7831c66c0a8d91191d6b28925;experiments/pi_jwm_formal_p4_cpu_h20_repair_epoch8_seed20260830/config.json:9400d8378eda48df5b18966793ee37652c44a1165a31e53285858e103005d056;experiments/pi_jwm_formal_p4_cpu_h20_repair_epoch8_seed20260830/run_summary.json:c51fb12fd84edaf6ea3480d82c270db468a68672a22a38080ac665088ba5699a,
experiments/pi_jwm_formal_p4_cpu_h20_repair_epoch8_seed20260831,experiments,unclassified,20260831,,false,5,398342,1787912518801941900,experiments/pi_jwm_formal_p4_cpu_h20_repair_epoch8_seed20260831/config.json,,experiments/pi_jwm_formal_p4_cpu_h20_repair_epoch8_seed20260831/config.json,experiments/pi_jwm_formal_p4_cpu_h20_repair_epoch8_seed20260831/config.json:52e50db03299683725422202e2f0216d146b0d019863b616e30c28f6dc461923,
experiments/pi_jwm_formal_p4_cpu_h20_repair_epoch8_seed20260831_retry,experiments,unclassified,20260831,,false,19,9500773,1787915385120897300,experiments/pi_jwm_formal_p4_cpu_h20_repair_epoch8_seed20260831_retry/config.json,experiments/pi_jwm_formal_p4_cpu_h20_repair_epoch8_seed20260831_retry/manifest.json,experiments/pi_jwm_formal_p4_cpu_h20_repair_epoch8_seed20260831_retry/run_summary.json,experiments/pi_jwm_formal_p4_cpu_h20_repair_epoch8_seed20260831_retry/manifest.json:cd49b8451be314bf0bff9715568c25e6f9213516028af154eac4a28f3959f758;experiments/pi_jwm_formal_p4_cpu_h20_repair_epoch8_seed20260831_retry/config.json:bb209b9c3bd2da02d6aaba2c49101f9f3acff1d53e35e81006d378df3e357990;experiments/pi_jwm_formal_p4_cpu_h20_repair_epoch8_seed20260831_retry/run_summary.json:c51fb12fd84edaf6ea3480d82c270db468a68672a22a38080ac665088ba5699a,
experiments/pi_jwm_formal_p4_cpu_h20_repair_epoch8_seed20260832,experiments,unclassified,20260832,,false,19,9501501,1787917608306102700,experiments/pi_jwm_formal_p4_cpu_h20_repair_epoch8_seed20260832/config.json,experiments/pi_jwm_formal_p4_cpu_h20_repair_epoch8_seed20260832/manifest.json,experiments/pi_jwm_formal_p4_cpu_h20_repair_epoch8_seed20260832/run_summary.json,experiments/pi_jwm_formal_p4_cpu_h20_repair_epoch8_seed20260832/manifest.json:f947ab8a1aca9e6d1f9d02d50e15fcccdd866d08356be776f37823a2206c274d;experiments/pi_jwm_formal_p4_cpu_h20_repair_epoch8_seed20260832/config.json:b8edf2b51d750981262b425381ec65060d01bd097439f03b9bbe465f6ad5b8e3;experiments/pi_jwm_formal_p4_cpu_h20_repair_epoch8_seed20260832/run_summary.json:c51fb12fd84edaf6ea3480d82c270db468a68672a22a38080ac665088ba5699a,
experiments/pi_jwm_formal_p4_cpu_h20_repair_expanded_seed20260830,experiments,unclassified,20260830,,false,19,9502670,1787832705250589700,experiments/pi_jwm_formal_p4_cpu_h20_repair_expanded_seed20260830/config.json,experiments/pi_jwm_formal_p4_cpu_h20_repair_expanded_seed20260830/manifest.json,experiments/pi_jwm_formal_p4_cpu_h20_repair_expanded_seed20260830/run_summary.json,experiments/pi_jwm_formal_p4_cpu_h20_repair_expanded_seed20260830/manifest.json:f91f469768041b2a43065b6f0b017309eb64076312d4aada9dde0beda94f6a43;experiments/pi_jwm_formal_p4_cpu_h20_repair_expanded_seed20260830/config.json:1fd1d3d559b358514a7f962e291b71255a41d2df152a9cc33e90874eb5a56986;experiments/pi_jwm_formal_p4_cpu_h20_repair_expanded_seed20260830/run_summary.json:c51fb12fd84edaf6ea3480d82c270db468a68672a22a38080ac665088ba5699a,
experiments/pi_jwm_formal_p4_cpu_h20_repair_expanded_seed20260831,experiments,unclassified,20260831,,false,19,9501704,1787833742657855200,experiments/pi_jwm_formal_p4_cpu_h20_repair_expanded_seed20260831/config.json,experiments/pi_jwm_formal_p4_cpu_h20_repair_expanded_seed20260831/manifest.json,experiments/pi_jwm_formal_p4_cpu_h20_repair_expanded_seed20260831/run_summary.json,experiments/pi_jwm_formal_p4_cpu_h20_repair_expanded_seed20260831/manifest.json:45bcb694d946472ca8711fce5ce86c1c7f46694dbc1580e344176bdb4f896242;experiments/pi_jwm_formal_p4_cpu_h20_repair_expanded_seed20260831/config.json:95f6bdee7f748a0c8c62170d4b6c7c44d2444790b9c669d15263de77b633b725;experiments/pi_jwm_formal_p4_cpu_h20_repair_expanded_seed20260831/run_summary.json:c51fb12fd84edaf6ea3480d82c270db468a68672a22a38080ac665088ba5699a,
experiments/pi_jwm_formal_p4_cpu_h20_repair_expanded_seed20260832,experiments,unclassified,20260832,,false,19,9503044,1787835011602297500,experiments/pi_jwm_formal_p4_cpu_h20_repair_expanded_seed20260832/config.json,experiments/pi_jwm_formal_p4_cpu_h20_repair_expanded_seed20260832/manifest.json,experiments/pi_jwm_formal_p4_cpu_h20_repair_expanded_seed20260832/run_summary.json,experiments/pi_jwm_formal_p4_cpu_h20_repair_expanded_seed20260832/manifest.json:f44e9fb481eb767b7a04cfaed274adffcff1c7b37471c9e133cf10cc51941f43;experiments/pi_jwm_formal_p4_cpu_h20_repair_expanded_seed20260832/config.json:d7f030047b0b39f15516d4edd7261aa3713a4047fa6279a33022095c42789ddd;experiments/pi_jwm_formal_p4_cpu_h20_repair_expanded_seed20260832/run_summary.json:c51fb12fd84edaf6ea3480d82c270db468a68672a22a38080ac665088ba5699a,
experiments/pi_jwm_formal_p4_cpu_h20_repair_scale1_seed20260830,experiments,unclassified,20260830,,false,19,9501965,1787986787534498500,experiments/pi_jwm_formal_p4_cpu_h20_repair_scale1_seed20260830/config.json,experiments/pi_jwm_formal_p4_cpu_h20_repair_scale1_seed20260830/manifest.json,experiments/pi_jwm_formal_p4_cpu_h20_repair_scale1_seed20260830/run_summary.json,experiments/pi_jwm_formal_p4_cpu_h20_repair_scale1_seed20260830/manifest.json:120a413008de3bbf143c3c0cb15a9f1547e68fe56882146820649d1242a29e34;experiments/pi_jwm_formal_p4_cpu_h20_repair_scale1_seed20260830/config.json:6ce248ae132b183bae8556e851366bdfe8cd870cd88e91ca61112dcd02b53429;experiments/pi_jwm_formal_p4_cpu_h20_repair_scale1_seed20260830/run_summary.json:c51fb12fd84edaf6ea3480d82c270db468a68672a22a38080ac665088ba5699a,
experiments/pi_jwm_formal_p4_cpu_h20_repair_scale1_seed20260831,experiments,unclassified,20260831,,false,19,9501301,1787989354075803600,experiments/pi_jwm_formal_p4_cpu_h20_repair_scale1_seed20260831/config.json,experiments/pi_jwm_formal_p4_cpu_h20_repair_scale1_seed20260831/manifest.json,experiments/pi_jwm_formal_p4_cpu_h20_repair_scale1_seed20260831/run_summary.json,experiments/pi_jwm_formal_p4_cpu_h20_repair_scale1_seed20260831/manifest.json:077783bb109174ed7f46ed04f7ba2635ea563befd0167b1dd7ec05761ca91b94;experiments/pi_jwm_formal_p4_cpu_h20_repair_scale1_seed20260831/config.json:cf5f1d13b01ec7a98108a83300e420c0c4dc3dacc769fab275b62a9af7a048df;experiments/pi_jwm_formal_p4_cpu_h20_repair_scale1_seed20260831/run_summary.json:c51fb12fd84edaf6ea3480d82c270db468a68672a22a38080ac665088ba5699a,
experiments/pi_jwm_formal_p4_cpu_h20_repair_scale1_seed20260832,experiments,unclassified,20260832,,false,19,9502118,1787991712851582400,experiments/pi_jwm_formal_p4_cpu_h20_repair_scale1_seed20260832/config.json,experiments/pi_jwm_formal_p4_cpu_h20_repair_scale1_seed20260832/manifest.json,experiments/pi_jwm_formal_p4_cpu_h20_repair_scale1_seed20260832/run_summary.json,experiments/pi_jwm_formal_p4_cpu_h20_repair_scale1_seed20260832/manifest.json:6996d3d5eb36afa668e15b06b0996e53e5b41cf2d704a0ee61957873464fc36c;experiments/pi_jwm_formal_p4_cpu_h20_repair_scale1_seed20260832/config.json:58183a19abf632be71e8c64b31b64b0ef84a5288cbf2b7bcf4f4b5daffa5228a;experiments/pi_jwm_formal_p4_cpu_h20_repair_scale1_seed20260832/run_summary.json:c51fb12fd84edaf6ea3480d82c270db468a68672a22a38080ac665088ba5699a,
experiments/pi_jwm_formal_p4_cpu_h20_repair_seed20260828,experiments,unclassified,20260828,,false,19,9171661,1787818070821165100,experiments/pi_jwm_formal_p4_cpu_h20_repair_seed20260828/config.json,experiments/pi_jwm_formal_p4_cpu_h20_repair_seed20260828/manifest.json,experiments/pi_jwm_formal_p4_cpu_h20_repair_seed20260828/run_summary.json,experiments/pi_jwm_formal_p4_cpu_h20_repair_seed20260828/manifest.json:4ecbc4dc40f5bf48daced366ce6adb9c725bb3bd128b158d14defed83c36505b;experiments/pi_jwm_formal_p4_cpu_h20_repair_seed20260828/config.json:cccf406ffeda51210813dc962cdca2996534f20d5c04656f37ca4aa055331dea;experiments/pi_jwm_formal_p4_cpu_h20_repair_seed20260828/run_summary.json:ccdebcf272cf944c73da776701cf8fed9d0ba70e53664f6a0d3dc6c170cd2fd1,
experiments/pi_jwm_formal_p4_cpu_h20_repair_seed20260829,experiments,unclassified,20260829,,false,19,9172236,1787818224696112300,experiments/pi_jwm_formal_p4_cpu_h20_repair_seed20260829/config.json,experiments/pi_jwm_formal_p4_cpu_h20_repair_seed20260829/manifest.json,experiments/pi_jwm_formal_p4_cpu_h20_repair_seed20260829/run_summary.json,experiments/pi_jwm_formal_p4_cpu_h20_repair_seed20260829/manifest.json:a521af04fbe5dd5b042255f67044b200203b49a86ae2da8156d3e034044cab0e;experiments/pi_jwm_formal_p4_cpu_h20_repair_seed20260829/config.json:d9468547d98ad4d3a942e9fe1f7bf86c5e08cc7f65b3b679ff509cb1ccb36fea;experiments/pi_jwm_formal_p4_cpu_h20_repair_seed20260829/run_summary.json:ccdebcf272cf944c73da776701cf8fed9d0ba70e53664f6a0d3dc6c170cd2fd1,
experiments/pi_jwm_p4_complete_rssm_gpu_20260905_seed_20260831,experiments,unclassified,20260831,,false,20,9492524,1788621169210129600,experiments/pi_jwm_p4_complete_rssm_gpu_20260905_seed_20260831/config.json,experiments/pi_jwm_p4_complete_rssm_gpu_20260905_seed_20260831/manifest.json,experiments/pi_jwm_p4_complete_rssm_gpu_20260905_seed_20260831/run_summary.json,experiments/pi_jwm_p4_complete_rssm_gpu_20260905_seed_20260831/manifest.json:e15a358c46e2d1cd96bb44349e8eaa78fcef89a97aca50341ee77fc9312e8058;experiments/pi_jwm_p4_complete_rssm_gpu_20260905_seed_20260831/config.json:e3abcde4967adb11d9b880d03e13db4826dc4d90a6d60482b8a248c71688bea0;experiments/pi_jwm_p4_complete_rssm_gpu_20260905_seed_20260831/run_summary.json:6b8401c821e0ac1490d5833c417a4d5a3673783e87deea42c97e0eece2a78e46,
experiments/pi_jwm_p4_complete_rssm_gpu_20260905_seed_20260831_v2,experiments,unclassified,20260831,,false,20,9509551,1788622632663530500,experiments/pi_jwm_p4_complete_rssm_gpu_20260905_seed_20260831_v2/config.json,experiments/pi_jwm_p4_complete_rssm_gpu_20260905_seed_20260831_v2/manifest.json,experiments/pi_jwm_p4_complete_rssm_gpu_20260905_seed_20260831_v2/run_summary.json,experiments/pi_jwm_p4_complete_rssm_gpu_20260905_seed_20260831_v2/manifest.json:6a9066118b6791f6d06d845d4ac721f04e9166e035765adcda5415fe4bb8205d;experiments/pi_jwm_p4_complete_rssm_gpu_20260905_seed_20260831_v2/config.json:be6542f54c1362f20e6f327c4e77e83e878496a049cfc04a73ba688590eb4a49;experiments/pi_jwm_p4_complete_rssm_gpu_20260905_seed_20260831_v2/run_summary.json:6b8401c821e0ac1490d5833c417a4d5a3673783e87deea42c97e0eece2a78e46,
experiments/pi_jwm_p4_complete_rssm_gpu_20260905_seed_20260831_v3,experiments,unclassified,20260831,,false,20,9498169,1788624146643833000,experiments/pi_jwm_p4_complete_rssm_gpu_20260905_seed_20260831_v3/config.json,experiments/pi_jwm_p4_complete_rssm_gpu_20260905_seed_20260831_v3/manifest.json,experiments/pi_jwm_p4_complete_rssm_gpu_20260905_seed_20260831_v3/run_summary.json,experiments/pi_jwm_p4_complete_rssm_gpu_20260905_seed_20260831_v3/manifest.json:db5503e640ff65a3d1fcc12356721d216474c1b7335f32f4da0038122f558af1;experiments/pi_jwm_p4_complete_rssm_gpu_20260905_seed_20260831_v3/config.json:a26f6bb403491ea31acf49aa1890c216efd2030a85f51b2a825c637ee8588af4;experiments/pi_jwm_p4_complete_rssm_gpu_20260905_seed_20260831_v3/run_summary.json:2813be710ca41a33aca16bfdfdbeacf8972b2770d72626643bdc9b6a65b81b7c,
experiments/pi_jwm_p4_complete_rssm_node_x_safe_gpu_20260906_seed_20260831,experiments,unclassified,20260831,,false,20,9502129,1788667015489873600,experiments/pi_jwm_p4_complete_rssm_node_x_safe_gpu_20260906_seed_20260831/config.json,experiments/pi_jwm_p4_complete_rssm_node_x_safe_gpu_20260906_seed_20260831/manifest.json,experiments/pi_jwm_p4_complete_rssm_node_x_safe_gpu_20260906_seed_20260831/run_summary.json,experiments/pi_jwm_p4_complete_rssm_node_x_safe_gpu_20260906_seed_20260831/manifest.json:a589c96f79532f6aca4fefecb4eca8694998c8c510df1f4bbb57c2c30e5eae83;experiments/pi_jwm_p4_complete_rssm_node_x_safe_gpu_20260906_seed_20260831/config.json:b4b303a976212516c31f50ef5262d419226f4cad26c1f9452f770a81d9eda574;experiments/pi_jwm_p4_complete_rssm_node_x_safe_gpu_20260906_seed_20260831/run_summary.json:a44a6e3b0b65cd5700e94fbae966cb512e0a2da7828c6dc1c33dd845d037fd20,
experiments/pi_jwm_p4_edge_feedback_gru_input_gpu_20260831,experiments,unclassified,,,,19,9205296,1788175074596960400,,,,,
experiments/pi_jwm_p4_entity_rssm_cpu_gate_selector_20260906_v1,experiments,unclassified,20260831,,false,21,9487019,1788676013940772300,experiments/pi_jwm_p4_entity_rssm_cpu_gate_selector_20260906_v1/config.json,experiments/pi_jwm_p4_entity_rssm_cpu_gate_selector_20260906_v1/manifest.json,experiments/pi_jwm_p4_entity_rssm_cpu_gate_selector_20260906_v1/run_summary.json,experiments/pi_jwm_p4_entity_rssm_cpu_gate_selector_20260906_v1/manifest.json:7eb75ce80f5c0bffcf7f768bed29c35d3de06ce35d99e6c8d191b2e3d98f7d58;experiments/pi_jwm_p4_entity_rssm_cpu_gate_selector_20260906_v1/config.json:8483f0d28ed178c934c878953d7b90d17e45ff25c2c3775dca811be0803ad6fc;experiments/pi_jwm_p4_entity_rssm_cpu_gate_selector_20260906_v1/run_summary.json:79cfb9a18aee80a02057dec241b5979f721520b147dd2c62bff3385946d61530,
experiments/pi_jwm_p4_entity_rssm_cpu_micro_20260906_v1,experiments,unclassified,20260831,,false,20,9375720,1788675570048029300,experiments/pi_jwm_p4_entity_rssm_cpu_micro_20260906_v1/config.json,experiments/pi_jwm_p4_entity_rssm_cpu_micro_20260906_v1/manifest.json,experiments/pi_jwm_p4_entity_rssm_cpu_micro_20260906_v1/run_summary.json,experiments/pi_jwm_p4_entity_rssm_cpu_micro_20260906_v1/manifest.json:421a5f5dae92ae24f22c485ebf13ca8c45bd25d7a9d8bf46fad89899ff9dbe39;experiments/pi_jwm_p4_entity_rssm_cpu_micro_20260906_v1/config.json:8fb7f164b4ff6cf300e66d5df5871a7cad0d66b1fd311e0f31ce97df0b3bc7de;experiments/pi_jwm_p4_entity_rssm_cpu_micro_20260906_v1/run_summary.json:79cfb9a18aee80a02057dec241b5979f721520b147dd2c62bff3385946d61530,
experiments/pi_jwm_p4_entity_rssm_cpu_micro_20260906_v2,experiments,unclassified,20260831,,false,20,9375720,1788675813156829000,experiments/pi_jwm_p4_entity_rssm_cpu_micro_20260906_v2/config.json,experiments/pi_jwm_p4_entity_rssm_cpu_micro_20260906_v2/manifest.json,experiments/pi_jwm_p4_entity_rssm_cpu_micro_20260906_v2/run_summary.json,experiments/pi_jwm_p4_entity_rssm_cpu_micro_20260906_v2/manifest.json:14cc6c566240dfb2416f0eab6bf35a1c02a19e2bb0acbe3feb86846eb7141d41;experiments/pi_jwm_p4_entity_rssm_cpu_micro_20260906_v2/config.json:8fb7f164b4ff6cf300e66d5df5871a7cad0d66b1fd311e0f31ce97df0b3bc7de;experiments/pi_jwm_p4_entity_rssm_cpu_micro_20260906_v2/run_summary.json:79cfb9a18aee80a02057dec241b5979f721520b147dd2c62bff3385946d61530,
experiments/pi_jwm_p4_entity_rssm_gpu_formal_seed_20260830_live_evidence_20260908,experiments,unclassified,20260830,,false,182,78118508,1788920002809083400,,experiments/pi_jwm_p4_entity_rssm_gpu_formal_seed_20260830_live_evidence_20260908/manifest.json,,experiments/pi_jwm_p4_entity_rssm_gpu_formal_seed_20260830_live_evidence_20260908/manifest.json:8928c7ada000aaf54a5e9212965446168122841568e5c9d1568a4d30eeb79922,
experiments/pi_jwm_p4_entity_rssm_gpu_formal_seed_20260830_v1,experiments,unclassified,20260830,,false,80,48873199,1788922112424408600,experiments/pi_jwm_p4_entity_rssm_gpu_formal_seed_20260830_v1/config.json,experiments/pi_jwm_p4_entity_rssm_gpu_formal_seed_20260830_v1/manifest.json,experiments/pi_jwm_p4_entity_rssm_gpu_formal_seed_20260830_v1/run_summary.json,experiments/pi_jwm_p4_entity_rssm_gpu_formal_seed_20260830_v1/manifest.json:99bc33102ce401b6a14e0a90b03b05201527ea50cb8c16629cd39f328ee8e39b;experiments/pi_jwm_p4_entity_rssm_gpu_formal_seed_20260830_v1/config.json:76bb08dc7a9d44dce0bf01db7d7ee76cbab9ab58ab11cd7d04ac83e242f5e79b;experiments/pi_jwm_p4_entity_rssm_gpu_formal_seed_20260830_v1/run_summary.json:de9a890a69932c091e9b149e873e4e50aa9714f857f764230e72cca7814fa587,
experiments/pi_jwm_p4_entity_rssm_gpu_formal_seed_20260831_live_evidence_20260906,experiments,unclassified,20260831,,false,134,52961702,1788806464012991900,,experiments/pi_jwm_p4_entity_rssm_gpu_formal_seed_20260831_live_evidence_20260906/manifest.json,,experiments/pi_jwm_p4_entity_rssm_gpu_formal_seed_20260831_live_evidence_20260906/manifest.json:e88f9def95a9d4b56345442da06da514d3483f440534d260ea0f695a448c8f71,
experiments/pi_jwm_p4_entity_rssm_gpu_formal_seed_20260831_v1,experiments,unclassified,20260831,,false,80,48872697,1788806175292829600,experiments/pi_jwm_p4_entity_rssm_gpu_formal_seed_20260831_v1/config.json,experiments/pi_jwm_p4_entity_rssm_gpu_formal_seed_20260831_v1/manifest.json,experiments/pi_jwm_p4_entity_rssm_gpu_formal_seed_20260831_v1/run_summary.json,experiments/pi_jwm_p4_entity_rssm_gpu_formal_seed_20260831_v1/manifest.json:8a83b2ae02d779ac4e4a34f8eba7ff823a20645034d553857244ac14ac143e2d;experiments/pi_jwm_p4_entity_rssm_gpu_formal_seed_20260831_v1/config.json:d2257aa655b58145d7b6a4bae3fdd3d80656c12fe0761f8857c4cd777a4fa3ce;experiments/pi_jwm_p4_entity_rssm_gpu_formal_seed_20260831_v1/run_summary.json:de9a890a69932c091e9b149e873e4e50aa9714f857f764230e72cca7814fa587,
experiments/pi_jwm_p4_entity_rssm_gpu_sentinel_20260906_v1,experiments,unclassified,20260831,,false,20,9674685,1788690832616437600,experiments/pi_jwm_p4_entity_rssm_gpu_sentinel_20260906_v1/config.json,experiments/pi_jwm_p4_entity_rssm_gpu_sentinel_20260906_v1/manifest.json,experiments/pi_jwm_p4_entity_rssm_gpu_sentinel_20260906_v1/run_summary.json,experiments/pi_jwm_p4_entity_rssm_gpu_sentinel_20260906_v1/manifest.json:a812e6347589c144491eba1d547c6f8d72072003323c4fa02a13840b98168003;experiments/pi_jwm_p4_entity_rssm_gpu_sentinel_20260906_v1/config.json:0b6913ffae04f87bc8839711c954f6a16a7a81871c5d6b4eb58abedc4c32072a;experiments/pi_jwm_p4_entity_rssm_gpu_sentinel_20260906_v1/run_summary.json:fb0e3f8e2b1dddb9855123e5be0346780f7ddc8597732cda4722953c3c719f71,
experiments/pi_jwm_p4_h20_epoch8_gpu_20260829,experiments,unclassified,,,,57,27615148,1787932864000000000,,,,,
experiments/pi_jwm_p4_h20_scale1_gpu_20260829,experiments,unclassified,,,,57,27615965,1787995812922293600,,,,,
experiments/pi_jwm_p4_link_persistence_residual_cpu_micro_20260905,experiments,unclassified,20260831,,false,20,9262748,1788600875795235800,experiments/pi_jwm_p4_link_persistence_residual_cpu_micro_20260905/config.json,experiments/pi_jwm_p4_link_persistence_residual_cpu_micro_20260905/manifest.json,experiments/pi_jwm_p4_link_persistence_residual_cpu_micro_20260905/run_summary.json,experiments/pi_jwm_p4_link_persistence_residual_cpu_micro_20260905/manifest.json:412e2e3ffa538b9234a8fdea47ec79dfaa6ee0f800c486ea14d508d3f57d15fa;experiments/pi_jwm_p4_link_persistence_residual_cpu_micro_20260905/config.json:d577068f7f97dde218d60eec3300a79e1f19d1aa00587ef35588939dfff8a079;experiments/pi_jwm_p4_link_persistence_residual_cpu_micro_20260905/run_summary.json:0b0c6d4e52cb2c03c205582a6ba7983419be9bb4a829c8013ef9387ea9b253fd,
experiments/pi_jwm_p4_link_persistence_residual_gpu_20260905_seed_20260831,experiments,unclassified,20260831,,false,20,9400263,1788608462054925500,experiments/pi_jwm_p4_link_persistence_residual_gpu_20260905_seed_20260831/config.json,experiments/pi_jwm_p4_link_persistence_residual_gpu_20260905_seed_20260831/manifest.json,experiments/pi_jwm_p4_link_persistence_residual_gpu_20260905_seed_20260831/run_summary.json,experiments/pi_jwm_p4_link_persistence_residual_gpu_20260905_seed_20260831/manifest.json:24ba013006e278f37db10f9b066fd473d7a2d9a44dacec5e326d0b2366135264;experiments/pi_jwm_p4_link_persistence_residual_gpu_20260905_seed_20260831/config.json:bc491fe133ae0e2ae4c05b58e350dbcf52d1c59313786b0a952472d6baabfc3f;experiments/pi_jwm_p4_link_persistence_residual_gpu_20260905_seed_20260831/run_summary.json:cf99575fa20d8e14f980c6adcf063a27bb197fdcfa1513ce5f78c61077c7ef81,
experiments/pi_jwm_p4_recursive_cpu_20260829,experiments,unclassified,,,,59,28507059,1788008394727752700,,,,,
experiments/pi_jwm_v10_action_aligned_20260619,experiments,frozen_historical_best,,,,12,2895864,1781930150634941800,,,,,
experiments/pi_jwm_v10_fair_first_step_gpu_20260620,experiments,unclassified,,,,5,970347,1781936228586434200,,,,,
experiments/pi_jwm_v10_policy_bridge_codebook_gpu_20260620,experiments,unclassified,,,,19,57698,1781946653897868200,,,,,
experiments/pi_jwm_v10_policy_bridge_codebook_refine_gpu_20260620,experiments,unclassified,,,,21,63974,1781946664326858900,,,,,
experiments/pi_jwm_v10_policy_bridge_decoder_gpu_20260620,experiments,unclassified,,,,11,33814,1781940920948291500,,,,,
experiments/pi_jwm_v10_policy_bridge_gpu_20260620,experiments,unclassified,,,,7,499967,1782020405399421100,,,,,
experiments/pi_jwm_v10_policy_bridge_value_decoder_gpu_20260620,experiments,unclassified,,,,6,17508,1781941817233157400,,,,,
experiments/pi_jwm_v10_policy_bridge_value_scale_gpu_20260620,experiments,unclassified,,,,8,23113,1781942179968243100,,,,,
experiments/pi_jwm_v10_policy_bridge_value_specialist_gpu_20260620,experiments,unclassified,,,,5,13951,1781942838860584300,,,,,
experiments/pi_jwm_v10_policy_bridge_value_sweep_gpu_20260620,experiments,unclassified,,,,11,34034,1781941825025564200,,,,,
experiments/pi_jwm_v10_policy_bridge_world_aware_scale_gpu_20260620,experiments,unclassified,,,,11,33865,1781943847250485600,,,,,
experiments/pi_jwm_v11_activity_f1_backfill_20260622,experiments,existing_record,,,,2,7643,1782138283188291700,,,,,
experiments/pi_jwm_v11_adaptive_bridge_confirm_rbcpu450_20260621,experiments,unclassified,,v11,,1,2919,1782025420345740400,,,,,
experiments/pi_jwm_v11_adaptive_bridge_gatesweep_20260621,experiments,unclassified,,,,11,28978,1782024966533051400,,,,,
experiments/pi_jwm_v11_adaptive_bridge_rbcpu_neighborhood_20260621,experiments,unclassified,,,,8,18268,1782025327628097700,,,,,
experiments/pi_jwm_v11_adaptive_bridge_smoke_20260621,experiments,unclassified,,v11,,1,2662,1782024294425300200,,,,,
experiments/pi_jwm_v11_adaptive_candidate_oracle_cpu384_20260629,experiments,unclassified,,v11,,3,21972,1782666202960795100,,,,,
experiments/pi_jwm_v11_adaptive_gate_feature_sweep_cpu_20260621,experiments,unclassified,,v11,,3,6538,1782029130909476700,,,,,
experiments/pi_jwm_v11_adaptive_gate_high_active_confirm_cpu_20260621,experiments,unclassified,,,,23,74412,1782030545724325100,,,,,
experiments/pi_jwm_v11_adaptive_gate_reconfirm_cpu_20260629,experiments,unclassified,,,,6,13714,1782664366989881100,,,,,
experiments/pi_jwm_v11_adaptive_gate_refine_cpu_20260629,experiments,unclassified,,,,40,127019,1782664885536014600,,,,,
experiments/pi_jwm_v11_adaptive_gate_rule_sweep_cpu_20260621,experiments,unclassified,,,,33,109107,1782030545615677900,,,,,
experiments/pi_jwm_v11_adaptive_gate_rule_sweep_cpu_smoke_20260621,experiments,unclassified,,,,3,3731,1782029410063818600,,,,,
experiments/pi_jwm_v11_adaptive_gate_rule_targeted_cpu_20260621,experiments,unclassified,,,,17,52219,1782030545671871500,,,,,
experiments/pi_jwm_v11_adaptive_gate_threshold_cpu_smoke_20260629,experiments,unclassified,,v11,,2,5807,1782665134761438300,,,,,
experiments/pi_jwm_v11_adaptive_gate_threshold_gpu_e3_fixref_20260621,experiments,unclassified,,v11,,1,3074,1782028216923572300,,,,,
experiments/pi_jwm_v11_base_policy_tournament_512_20260626,experiments,unclassified,,v11,,3,79258,1782481768486126800,,,,,
experiments/pi_jwm_v11_base_policy_tournament_refine_top32_cpu_20260629,experiments,unclassified,,v11,,3,54165,1782699817585069200,,,,,
experiments/pi_jwm_v11_base_policy_tournament_smoke_20260626,experiments,unclassified,,v11,,3,5504,1782481448401201400,,,,,
experiments/pi_jwm_v11_branch_support_value_focus_1024_20260628,experiments,unclassified,,,,0,0,1782577429462302200,,,,,
experiments/pi_jwm_v11_branch_support_value_focus_256_20260628,experiments,unclassified,,v11,,4,36034,1782580381280847000,,,,,
experiments/pi_jwm_v11_branch_support_value_focus_tiny_20260628,experiments,unclassified,,v11,,4,14044,1782579960515471800,,,,,
experiments/pi_jwm_v11_branch_template_value_selector_cpu_20260629,experiments,continue_cpu_support_value_research,,v11,,4,205763,1782699468158489300,,,,,
experiments/pi_jwm_v11_branch_template_value_selector_cpu_triage_20260628,experiments,continue_cpu_support_value_research,,v11,,4,278788,1782613042557703800,,,,,
experiments/pi_jwm_v11_branch_template_value_selector_cpu_triage_refresh_20260628,experiments,continue_cpu_support_value_research,,v11,,4,194622,1782622248071691200,,,,,
experiments/pi_jwm_v11_branch_template_value_selector_refresh_20260629,experiments,method_not_ready_research_new_candidate,,v11,,4,205984,1782710083657918600,,,,,
experiments/pi_jwm_v11_branch_template_value_selector_refresh_smoke_included_20260629,experiments,gpu_ready_ranked_reference_beat,,v11,,4,212067,1782710107316072400,,,,,
experiments/pi_jwm_v11_bridge_calibration_sweep_narrow_20260620,experiments,unclassified,,,,33,139688,1781970967516074500,,,,,
experiments/pi_jwm_v11_bridge_calibration_sweep_smoke_20260620,experiments,unclassified,,,,5,9554,1781969209458383900,,,,,
experiments/pi_jwm_v11_bridge_calibration_sweep_train_median_fine_20260620,experiments,unclassified,,,,11,38016,1781971435244095900,,,,,
experiments/pi_jwm_v11_cem_planner_refiner_256_20260628,experiments,unclassified,,v11,,4,32305,1782613401849304400,,,,,
experiments/pi_jwm_v11_cem_planner_refiner_smoke_20260627,experiments,unclassified,,v11,,4,6999,1782547595403927900,,,,,
experiments/pi_jwm_v11_conservative_alpha_cpu384_20260629,experiments,unclassified,,v11,,4,359956,1782664013801268900,,,,,
experiments/pi_jwm_v11_conservative_newedge_cpu384_20260629,experiments,unclassified,,v11,,4,75153,1782663101932915700,,,,,
experiments/pi_jwm_v11_continuous_policy_active_value_weight_cpu512_e5_20260629,experiments,unclassified,,,,5,345618,1782712227438722100,,,,,
experiments/pi_jwm_v11_continuous_policy_active_value_weight_cpu_smoke_20260629,experiments,unclassified,,,,8,353855,1782711959329166600,,,,,
experiments/pi_jwm_v11_continuous_policy_activity_active_value_weight_cpu512_e5_20260629,experiments,unclassified,,,,5,345682,1782712565676620900,,,,,
experiments/pi_jwm_v11_continuous_policy_baseline_cpu_smoke_20260629,experiments,unclassified,,,,4,340327,1782711489478219300,,,,,
experiments/pi_jwm_v11_coupled_tokens_cpu_audit_20260620,experiments,unclassified,,,,2,15048,1781962035858407700,,,,,
experiments/pi_jwm_v11_coupled_tokens_cpu_full5_h64_20260620,experiments,unclassified,,,,7,1417943,1781962873158434900,,,,,
experiments/pi_jwm_v11_coupled_tokens_cpu_probe_1024x3_20260620,experiments,unclassified,,,,7,1416291,1781962673704977200,,,,,
experiments/pi_jwm_v11_coupled_tokens_cpu_smoke,experiments,unclassified,,,,7,462261,1781959586491055500,,,,,
experiments/pi_jwm_v11_coupled_tokens_edge_head_cpu384_e3_20260629,experiments,unclassified,,,,7,1772188,1782718569210321200,,,,,
experiments/pi_jwm_v11_coupled_tokens_gpu_early_h64_e5_20260620,experiments,unclassified,,,,9,1422691,1781964696440851500,,,,,
experiments/pi_jwm_v11_cpu_multischeme_stage2_posthoc_sweep4_20260621,experiments,unclassified,,,,7,18660,1782019550562075500,,,,,
experiments/pi_jwm_v11_cpu_recovered_v10_codebook_finesweep2_20260621,experiments,unclassified,,,,15,51778,1782022033105767800,,,,,
experiments/pi_jwm_v11_cpu_recovered_v10_codebook_finesweep_20260621,experiments,unclassified,,,,19,68630,1782021363428266300,,,,,
experiments/pi_jwm_v11_cpu_recovered_v10_codebook_neighborhood_20260621,experiments,unclassified,,,,12,38967,1782022837522819100,,,,,
experiments/pi_jwm_v11_cpu_recovered_v10_confirm_thr038_s1055_20260621,experiments,unclassified,,,,1,3190,1782022102977533400,,,,,
experiments/pi_jwm_v11_cpu_recovered_v10_repro_k9_t04_s105_20260621,experiments,unclassified,,,,1,3191,1782020478740814300,,,,,
experiments/pi_jwm_v11_diffusion_support_generator_256_20260628,experiments,unclassified,,v11,,4,25511,1782613523039133800,,,,,
experiments/pi_jwm_v11_diffusion_support_generator_smoke_20260627,experiments,unclassified,,v11,,4,7744,1782546140036213900,,,,,
experiments/pi_jwm_v11_direct_policy_error_decomp_20260628,experiments,unclassified,,,,4,12479,1782616416812484400,,,,,
experiments/pi_jwm_v11_discrete_value_policy_cpu_medium_20260620,experiments,unclassified,,,,4,365759,1781952984908338200,,,,,
experiments/pi_jwm_v11_discrete_value_policy_cpu_smoke2_20260620,experiments,unclassified,,,,4,120564,1781952565251212300,,,,,
experiments/pi_jwm_v11_discrete_value_policy_cpu_smoke_20260620,experiments,unclassified,,,,3,117350,1781952225470011000,,,,,
experiments/pi_jwm_v11_discrete_value_policy_cpu_weighted_smoke_20260620,experiments,unclassified,,,,3,119508,1781953537656259900,,,,,
experiments/pi_jwm_v11_edge_support_head_cpu512_e5_20260629,experiments,unclassified,,,,3,340736,1782717250653554700,,,,,
experiments/pi_jwm_v11_edge_support_head_select_edgef1_cpu512_e5_20260629,experiments,unclassified,,,,3,342829,1782717454255912300,,,,,
experiments/pi_jwm_v11_foundation_phase0_2_20260627,experiments,available,,,,13,48302,1782563850398972400,,,,,
experiments/pi_jwm_v11_gnn_greedy_scheduler_smoke_20260627,experiments,unclassified,,v11,,4,7387,1782546840592745000,,,,,
experiments/pi_jwm_v11_gpu_20260620,experiments,unclassified,,,,40,9443333,1781956164731318600,,,,,
experiments/pi_jwm_v11_gpu_candidate_batch_local_dryrun_20260627,experiments,unclassified,,,,28,188638,1782548070905403300,,,,,
experiments/pi_jwm_v11_graph_support_active_keep_384_20260628,experiments,unclassified,,v11,,4,26450,1782646034937996900,,,,,
experiments/pi_jwm_v11_graph_support_active_new_split_reconstruct384_20260628,experiments,unclassified,,v11,,4,15442,1782656888732414300,,,,,
experiments/pi_jwm_v11_graph_support_active_new_split_smoke128_20260628,experiments,unclassified,,v11,,4,26675,1782656707227824200,,,,,
experiments/pi_jwm_v11_graph_support_active_prune_384_20260628,experiments,unclassified,,v11,,4,56190,1782645543950646200,,,,,
experiments/pi_jwm_v11_graph_support_active_value_stepbudget_filter_top32_384_20260628,experiments,unclassified,,v11,,4,26382,1782648250472009400,,,,,
experiments/pi_jwm_v11_graph_support_active_value_stepbudget_top32_384_20260628,experiments,unclassified,,v11,,4,34642,1782647308959999900,,,,,
experiments/pi_jwm_v11_graph_support_all_candidate_bin_smoke_128_20260628,experiments,unclassified,,v11,,4,28433,1782627474515191100,,,,,
experiments/pi_jwm_v11_graph_support_allweighted_value_128_20260628,experiments,unclassified,,v11,,4,16999,1782625024611049800,,,,,
experiments/pi_jwm_v11_graph_support_candidate_bin_lowpos_smoke_128_20260628,experiments,unclassified,,v11,,4,28199,1782627247539481600,,,,,
experiments/pi_jwm_v11_graph_support_candidate_bin_smoke_128_20260628,experiments,unclassified,,v11,,4,28185,1782626953729792200,,,,,
experiments/pi_jwm_v11_graph_support_candidate_value_128_20260628,experiments,unclassified,,v11,,4,20531,1782625750026638300,,,,,
experiments/pi_jwm_v11_graph_support_conservative_new_smoke128_20260629,experiments,unclassified,,v11,,4,112153,1782709705200894100,,,,,
experiments/pi_jwm_v11_graph_support_fixed_family_384_20260628,experiments,unclassified,,v11,,4,14505,1782643131759234300,,,,,
experiments/pi_jwm_v11_graph_support_fixed_family_confirm512_20260628,experiments,unclassified,,v11,,4,25525,1782643620146074200,,,,,
experiments/pi_jwm_v11_graph_support_fixed_family_refine_384_20260628,experiments,unclassified,,v11,,4,32638,1782643363812527600,,,,,
experiments/pi_jwm_v11_graph_support_fixed_family_shuffle7_20260628,experiments,unclassified,,v11,,4,14700,1782644189702846400,,,,,
experiments/pi_jwm_v11_graph_support_fixed_family_window_start128_20260628,experiments,unclassified,,v11,,4,14737,1782644038399236300,,,,,
experiments/pi_jwm_v11_graph_support_fixed_topk_value_128_20260628,experiments,unclassified,,v11,,4,133177,1782627736912872800,,,,,
experiments/pi_jwm_v11_graph_support_fixed_topk_value_256_20260628,experiments,unclassified,,v11,,4,88020,1782628018880269900,,,,,
experiments/pi_jwm_v11_graph_support_focus_cpu256_20260629,experiments,unclassified,,v11,,4,219247,1782710585899688700,,,,,
experiments/pi_jwm_v11_graph_support_gated_step_reconstruct_smoke_128_20260628,experiments,unclassified,,v11,,4,85395,1782632197903057500,,,,,
experiments/pi_jwm_v11_graph_support_gated_value_128_20260628,experiments,unclassified,,v11,,4,27701,1782625216117823500,,,,,
experiments/pi_jwm_v11_graph_support_generator_512_20260627,experiments,unclassified,,v11,,4,63545,1782537634124261000,,,,,
experiments/pi_jwm_v11_graph_support_generator_candidate_pool_256_20260627,experiments,unclassified,,v11,,4,488814,1782539996217308500,,,,,
experiments/pi_jwm_v11_graph_support_generator_candidate_pool_smoke_20260627,experiments,unclassified,,v11,,4,172147,1782539225725375900,,,,,
experiments/pi_jwm_v11_graph_support_generator_hgb_hardneg_confirm_512_20260627,experiments,unclassified,,v11,,4,168691,1782540466333717200,,,,,
experiments/pi_jwm_v11_graph_support_generator_hgb_threshold_confirm_512_20260627,experiments,unclassified,,v11,,4,222983,1782541054517771600,,,,,
experiments/pi_jwm_v11_graph_support_generator_smoke_20260627,experiments,unclassified,,v11,,4,8011,1782537399697848100,,,,,
experiments/pi_jwm_v11_graph_support_lowbudget_smoke128_20260629,experiments,unclassified,,v11,,4,190519,1782709960600766200,,,,,
experiments/pi_jwm_v11_graph_support_new_topk_256_20260628,experiments,unclassified,,v11,,4,69115,1782636243563655000,,,,,
experiments/pi_jwm_v11_graph_support_oracle_alloc_active_value_top32_384_20260628,experiments,unclassified,,v11,,4,14723,1782649406771879100,,,,,
experiments/pi_jwm_v11_graph_support_plus_topk_step_budget_reconstruct_baselinescore_smoke_128_20260628,experiments,unclassified,,v11,,4,62153,1782631478033936300,,,,,
experiments/pi_jwm_v11_graph_support_plus_topk_step_budget_reconstruct_smoke_128_20260628,experiments,unclassified,,v11,,4,50590,1782631216612030400,,,,,
experiments/pi_jwm_v11_graph_support_plus_topk_step_budget_smoke_128_20260628,experiments,unclassified,,v11,,4,50178,1782630794263563400,,,,,
experiments/pi_jwm_v11_graph_support_positive_candidate_value_128_20260628,experiments,unclassified,,v11,,4,24290,1782625964721223300,,,,,
experiments/pi_jwm_v11_graph_support_positive_candidate_value_256_20260628,experiments,unclassified,,v11,,4,72665,1782626241978188500,,,,,
experiments/pi_jwm_v11_graph_support_pred_reconstruct_active_value_384_20260628,experiments,unclassified,,v11,,4,60793,1782646516014049600,,,,,
experiments/pi_jwm_v11_graph_support_pred_reconstruct_topk_expand_384_20260628,experiments,unclassified,,v11,,4,60382,1782646844144002100,,,,,
experiments/pi_jwm_v11_graph_support_pred_value_ops_small_256_20260628,experiments,unclassified,,v11,,4,202628,1782638270963063400,,,,,
experiments/pi_jwm_v11_graph_support_pred_value_slice384_20260628,experiments,unclassified,,v11,,4,97387,1782642929709194000,,,,,
experiments/pi_jwm_v11_graph_support_pruned_threshold_384_20260628,experiments,unclassified,,v11,,4,30457,1782645089337152500,,,,,
experiments/pi_jwm_v11_graph_support_quantile_value_128_20260628,experiments,unclassified,,v11,,4,27554,1782623796041962800,,,,,
experiments/pi_jwm_v11_graph_support_quantile_value_256_20260628,experiments,unclassified,,v11,,4,141489,1782624154057273500,,,,,
experiments/pi_jwm_v11_graph_support_quantile_value_deploy256_20260629,experiments,unclassified,,v11,,4,172249,1782726845829018900,,,,,
experiments/pi_jwm_v11_graph_support_rank_diagnostics_narrow_128_20260628,experiments,unclassified,,v11,,4,15387,1782623156198022500,,,,,
experiments/pi_jwm_v11_graph_support_selected_gate_smoke_128_20260628,experiments,unclassified,,v11,,4,88395,1782628543709722600,,,,,
experiments/pi_jwm_v11_graph_support_step_budget_baselinecount_smoke_128_20260628,experiments,unclassified,,v11,,4,36806,1782629765182613900,,,,,
experiments/pi_jwm_v11_graph_support_step_budget_baselineprio_smoke_128_20260628,experiments,unclassified,,v11,,4,27690,1782630108921591800,,,,,
experiments/pi_jwm_v11_graph_support_step_budget_filter_smoke_128_20260628,experiments,unclassified,,v11,,4,95206,1782633170246337500,,,,,
experiments/pi_jwm_v11_graph_support_step_budget_oracle_alloc_diag_128_20260628,experiments,unclassified,,v11,,4,81211,1782633594742001900,,,,,
experiments/pi_jwm_v11_graph_support_step_budget_recall_topk_smoke_128_20260628,experiments,unclassified,,v11,,4,49747,1782630444854404600,,,,,
experiments/pi_jwm_v11_graph_support_step_budget_smoke_128_20260628,experiments,unclassified,,v11,,4,41249,1782629560218172100,,,,,
experiments/pi_jwm_v11_graph_support_stepbudget_baseline_value_384_20260628,experiments,unclassified,,v11,,4,27371,1782647803794877700,,,,,
experiments/pi_jwm_v11_graph_support_stepbudget_newq_top32_384_20260628,experiments,unclassified,,v11,,4,26275,1782650342646803700,,,,,
experiments/pi_jwm_v11_graph_support_stepbudget_ranker_top32_384_20260628,experiments,unclassified,,v11,,4,26355,1782649149274071300,,,,,
experiments/pi_jwm_v11_graph_support_stepbudget_support_gain_top32_384_20260628,experiments,unclassified,,v11,,4,22636,1782649679165880900,,,,,
experiments/pi_jwm_v11_graph_support_stepgate_confirm_256_20260628,experiments,unclassified,,v11,,4,49122,1782634693844486800,,,,,
experiments/pi_jwm_v11_graph_support_stepgate_reconstruct_smoke_128_20260628,experiments,unclassified,,v11,,4,95431,1782634255476777100,,,,,
experiments/pi_jwm_v11_graph_support_supportscore_value_128_20260628,experiments,unclassified,,v11,,4,27477,1782624542175011800,,,,,
experiments/pi_jwm_v11_graph_support_threshold_value_256_20260628,experiments,unclassified,,v11,,4,43426,1782624739339931000,,,,,
experiments/pi_jwm_v11_graph_support_true_value_diag_256_20260628,experiments,unclassified,,v11,,4,21063,1782624302391414000,,,,,
experiments/pi_jwm_v11_graph_support_true_value_rank_256_20260628,experiments,unclassified,,v11,,4,49293,1782635438789823700,,,,,
experiments/pi_jwm_v11_graph_support_true_value_rank_stepbudget_top32_384_20260628,experiments,unclassified,,v11,,4,24270,1782650623882807200,,,,,
experiments/pi_jwm_v11_graph_support_value_source_diag_128_20260628,experiments,unclassified,,v11,,4,20139,1782623459691745200,,,,,
experiments/pi_jwm_v11_graph_support_value_source_diag_fixed_128_20260628,experiments,unclassified,,v11,,4,19670,1782623653978002300,,,,,
experiments/pi_jwm_v11_group_ranker_256_20260627,experiments,unclassified,,v11,,4,399277,1782544887762993800,,,,,
experiments/pi_jwm_v11_group_ranker_smoke_20260627,experiments,unclassified,,v11,,4,41045,1782544418489102000,,,,,
experiments/pi_jwm_v11_hier_tokens_edge_support_aw_a2_h2_t080_gpu1024_e10_20260629,experiments,unclassified,,,,5,30585,1782734213334360600,,,,,
experiments/pi_jwm_v11_hier_tokens_edge_support_aw_a3_h4_t080_gpu1024_e10_20260629,experiments,unclassified,,,,9,44445,1782734216920889600,,,,,
experiments/pi_jwm_v11_hier_tokens_edge_support_aw_a3_h4_t080_gpu1024_e10_epochsel_20260629,experiments,unclassified,,,,17,74057,1782735527313467200,,,,,
experiments/pi_jwm_v11_hier_tokens_edge_support_aw_a3_h4_t080_gpu2048_e12_20260629,experiments,unclassified,,,,5,33027,1782734218509598700,,,,,
experiments/pi_jwm_v11_hier_tokens_edge_tversky_a08_b02_w05_a3h4_gpu1024_e10_20260629,experiments,unclassified,,,,15,65794,1782736886187176400,,,,,
experiments/pi_jwm_v11_hier_tokens_edge_tversky_a08_b02_w20_a3h4_gpu1024_e10_20260629,experiments,unclassified,,,,6,34486,1782736893102264000,,,,,
experiments/pi_jwm_v11_hierarchical_tokens_cpu_probe_1024x3_h64_20260620,experiments,unclassified,,,,15,1514175,1781967699839936600,,,,,
experiments/pi_jwm_v11_hierarchical_tokens_cpu_smoke_20260620,experiments,unclassified,,,,7,478244,1781966878052598800,,,,,
experiments/pi_jwm_v11_hierarchical_tokens_edge_head_cpu1024_e10_20260629,experiments,unclassified,,,,29,1949130,1782732927421170300,,,,,
experiments/pi_jwm_v11_hierarchical_tokens_edge_head_cpu1024_e5_20260629,experiments,unclassified,,,,13,1884920,1782731772428715200,,,,,
experiments/pi_jwm_v11_hierarchical_tokens_edge_head_cpu384_e3_20260629,experiments,unclassified,,,,7,1862605,1782718805145912100,,,,,
experiments/pi_jwm_v11_hierarchical_tokens_edge_head_gpu_full_e15_20260629,experiments,unclassified,,,,4,33183,1782732922722218200,,,,,
experiments/pi_jwm_v11_hierarchical_tokens_edge_head_pos100_cpu512_e5_20260629,experiments,unclassified,,,,7,1865803,1782725632416408100,,,,,
experiments/pi_jwm_v11_hierarchical_tokens_edge_step_head_cpu512_e5_20260629,experiments,unclassified,,,,7,1960760,1782721851753937900,,,,,
experiments/pi_jwm_v11_hierarchical_tokens_edge_step_total_gpu4096_e15_20260629,experiments,unclassified,,,,5,37252,1782732921309174100,,,,,
experiments/pi_jwm_v11_hierarchical_tokens_gpu_early_h64_e5_20260620,experiments,unclassified,,,,10,1500646,1781968200749629200,,,,,
experiments/pi_jwm_v11_learned_point_selector_cpu384_20260629,experiments,unclassified,,v11,,3,12974,1782668614540420800,,,,,
experiments/pi_jwm_v11_learned_point_selector_cpu384_statsfix_20260629,experiments,unclassified,,v11,,3,13378,1782668911277194600,,,,,
experiments/pi_jwm_v11_learned_point_selector_smoke64_20260629,experiments,unclassified,,v11,,3,8746,1782668270346096700,,,,,
experiments/pi_jwm_v11_learned_point_selector_smoke64_20260629_rerun,experiments,unclassified,,v11,,3,8758,1782668373000102000,,,,,
experiments/pi_jwm_v11_local_tradeoff_diagnosis_20260627,experiments,unclassified,,pairwise_linear_pairwise,,11,1901235,1782550395631223600,,,,,
experiments/pi_jwm_v11_mass_preserve_conservative_smoke128_20260629,experiments,unclassified,,v11,,4,32404,1782661940326761600,,,,,
experiments/pi_jwm_v11_mass_preserve_cpu384_20260629,experiments,unclassified,,v11,,4,28531,1782662181412358200,,,,,
experiments/pi_jwm_v11_mass_preserve_smoke128_20260629,experiments,unclassified,,v11,,4,27657,1782661744883638900,,,,,
experiments/pi_jwm_v11_method_potential_compare_20260626,experiments,unclassified,,,,2,20683,1782482321358440400,,,,,
experiments/pi_jwm_v11_multi_point_oracle_cpu384_20260629,experiments,unclassified,,v11,,3,36000,1782666726753413000,,,,,
experiments/pi_jwm_v11_neural_value_reconstruction_512_20260622,experiments,unclassified,,v11,,5,15721,1782107279933426300,,,,,
experiments/pi_jwm_v11_neural_value_reconstruction_allrows_512_20260622,experiments,unclassified,,v11,,5,19503,1782107607112195700,,,,,
experiments/pi_jwm_v11_neural_value_reconstruction_rf_rank_allrows_512_20260622,experiments,unclassified,,v11,,5,19633,1782108029701776400,,,,,
experiments/pi_jwm_v11_neural_value_reconstruction_rf_rank_positive_512_20260622,experiments,unclassified,,v11,,5,19657,1782108167158934300,,,,,
experiments/pi_jwm_v11_neural_value_reconstruction_smoke_20260622,experiments,unclassified,,v11,,5,5311,1782107105813037400,,,,,
experiments/pi_jwm_v11_pairwise_ranker_confirm_512_20260627,experiments,unclassified,,v11,,4,150057,1782545259430794400,,,,,
experiments/pi_jwm_v11_point_pair_gate_limited_cpu384_20260629,experiments,unclassified,,v11,,3,24861,1782669195892717100,,,,,
experiments/pi_jwm_v11_pointer_support_generator_smoke_20260627,experiments,unclassified,,v11,,4,7554,1782547312359995000,,,,,
experiments/pi_jwm_v11_policy_action_proxy_20260629,experiments,unclassified,,v11,,90,351542,1782727761032258700,,,,,
experiments/pi_jwm_v11_policy_prior_ranked_allocation_hier_256_20260628,experiments,unclassified,,v11,,4,43041,1782616918601263700,,,,,
experiments/pi_jwm_v11_policy_prior_ranked_allocation_hier_topk_256_20260628,experiments,unclassified,,v11,,4,33825,1782617082639047400,,,,,
experiments/pi_jwm_v11_ranker_value_gain_256_20260627,experiments,unclassified,,v11,,4,99438,1782545461460338700,,,,,
experiments/pi_jwm_v11_ranker_value_gain_confirm_512_20260627,experiments,unclassified,,v11,,4,55861,1782549736102060000,,,,,
experiments/pi_jwm_v11_rate_aware_stepbudget_smoke128_20260628,experiments,unclassified,,v11,,4,23085,1782659915172615900,,,,,
experiments/pi_jwm_v11_rate_aware_support_smoke128_20260628,experiments,unclassified,,v11,,4,17435,1782659296567213500,,,,,
experiments/pi_jwm_v11_rb_shrink_gate_true_sweep_cpu_20260621,experiments,unclassified,,,,12,32326,1782039274745750500,,,,,
experiments/pi_jwm_v11_rb_shrink_sweep_cpu_20260621,experiments,unclassified,,,,12,31868,1782038968777552300,,,,,
experiments/pi_jwm_v11_rb_total_conditional_scale_full_confirm_20260622,experiments,unclassified,,v11,,5,13422,1782066143049347400,,,,,
experiments/pi_jwm_v11_rb_total_conditional_scale_gate_refine_20260622,experiments,unclassified,,,,1,556,1782064597550339400,,,,,
experiments/pi_jwm_v11_rb_total_conditional_scale_global_step_20260622,experiments,unclassified,,v11,,5,17777,1782064547969544800,,,,,
experiments/pi_jwm_v11_rb_total_conditional_scale_refine_small_20260622,experiments,unclassified,,v11,,5,18205,1782066009422206800,,,,,
experiments/pi_jwm_v11_rb_total_conditional_scale_smoke_20260622,experiments,unclassified,,v11,,5,8250,1782064412909696700,,,,,
experiments/pi_jwm_v11_rb_total_conditional_scale_true_full_confirm_20260622,experiments,unclassified,,v11,,5,6640,1782066305257486100,,,,,
experiments/pi_jwm_v11_rb_total_edge_grad_oracle_val_probe_20260621,experiments,unclassified,,identity,,2,5329,1782056442821446600,,,,,
experiments/pi_jwm_v11_rb_total_gate_scale_full_probe_20260622,experiments,unclassified,,v11,,5,38259,1782067007149528900,,,,,
experiments/pi_jwm_v11_rb_total_global_scale_full_curve_20260622,experiments,unclassified,,v11,,5,8416,1782066486916256800,,,,,
experiments/pi_jwm_v11_rb_total_group_calibration_20260622,experiments,unclassified,,v11,,5,39056,1782063762262083500,,,,,
experiments/pi_jwm_v11_rb_total_highload_gate_full_refine_20260622,experiments,unclassified,,v11,,5,30335,1782067455442934000,,,,,
experiments/pi_jwm_v11_rb_total_latent_blend_20260622,experiments,unclassified,,v11,,3,137160,1782062877861609100,,,,,
experiments/pi_jwm_v11_rb_total_latent_identifiability_20260622,experiments,unclassified,,v11,,3,35211,1782062000294713700,,,,,
experiments/pi_jwm_v11_rb_total_latent_identifiability_smoke_20260622,experiments,unclassified,,v11,,3,26378,1782061736350196100,,,,,
experiments/pi_jwm_v11_rb_total_latent_value_modes_20260622,experiments,unclassified,,v11,,3,60516,1782063384356336600,,,,,
experiments/pi_jwm_v11_rb_total_oracle_value_scope_diagnostic_20260622,experiments,unclassified,,v11,,3,57876,1782059767818326800,,,,,
experiments/pi_jwm_v11_rb_total_rank_gap_diagnostic_20260622,experiments,unclassified,,v11,,3,12545,1782058481722587200,,,,,
experiments/pi_jwm_v11_rb_total_repair_cpu_20260621,experiments,unclassified,,v11,,5,21999,1782046951256627200,,,,,
experiments/pi_jwm_v11_rb_total_risk_controlled_scale_full_20260622,experiments,unclassified,,v11,,7,53169,1782098250694744300,,,,,
experiments/pi_jwm_v11_rb_total_risk_controlled_scale_smoke_20260622,experiments,unclassified,,v11,,7,9568,1782097582359770300,,,,,
experiments/pi_jwm_v11_rb_total_scale_fine_local_20260627,experiments,unclassified,,v11,,5,59829,1782550343468646700,,,,,
experiments/pi_jwm_v11_rb_total_teacher_edge_grad_cpu_confirm_streamstats_20260621,experiments,unclassified,,v11,,6,27554,1782055381715144700,,,,,
experiments/pi_jwm_v11_rb_total_teacher_edge_grad_cpu_smoke_streamstats_20260621,experiments,unclassified,,v11,,6,28382,1782055245712536700,,,,,
experiments/pi_jwm_v11_rb_total_teacher_edge_grad_focal_cpu_confirm_streamstats_20260621,experiments,unclassified,,v11,,6,49248,1782055724728312400,,,,,
experiments/pi_jwm_v11_rb_total_teacher_edge_grad_pairwise_topk_cpu_confirm_streamstats_20260622,experiments,unclassified,,v11,,6,62510,1782058191725244200,,,,,
experiments/pi_jwm_v11_rb_total_teacher_edge_grad_retrieval_cpu_confirm_streamstats_20260621,experiments,unclassified,,v11,,6,54021,1782056027962121500,,,,,
experiments/pi_jwm_v11_rb_total_teacher_edge_grad_score_topk_cpu_confirm_streamstats_20260621,experiments,unclassified,,v11,,6,62353,1782056755309149500,,,,,
experiments/pi_jwm_v11_rb_total_teacher_edge_grad_state_cpu_confirm_streamstats_20260621,experiments,unclassified,,v11,,6,54969,1782056263035943000,,,,,
experiments/pi_jwm_v11_rb_total_teacher_step_cpu_smoke_20260621,experiments,unclassified,,v11,,6,26030,1782052917816346600,,,,,
experiments/pi_jwm_v11_rb_total_teacher_step_cpu_smoke_streamstats_20260621,experiments,unclassified,,v11,,6,27298,1782053686185918500,,,,,
experiments/pi_jwm_v11_rb_total_teacher_step_cpu_smoke_streamstats_fulltrain_20260621,experiments,unclassified,,v11,,6,27506,1782054292728098100,,,,,
experiments/pi_jwm_v11_rb_total_tree_identifiability_20260622,experiments,unclassified,,v11,,3,49188,1782060684223047300,,,,,
experiments/pi_jwm_v11_rb_total_tree_identifiability_state_20260622,experiments,unclassified,,v11,,3,49480,1782061106297172800,,,,,
experiments/pi_jwm_v11_rb_total_value_head_cpu_20260621,experiments,unclassified,,v11,,6,118666,1782054325531003800,,,,,
experiments/pi_jwm_v11_rb_total_value_head_cpu_quick_20260621,experiments,unclassified,,v11,,6,27166,1782054407771799300,,,,,
experiments/pi_jwm_v11_rb_total_value_head_cpu_smoke_20260621,experiments,unclassified,,v11,,6,26975,1782050065100650700,,,,,
experiments/pi_jwm_v11_rb_total_value_head_cpu_smoke_minrb1_20260621,experiments,unclassified,,v11,,6,27081,1782050261953534700,,,,,
experiments/pi_jwm_v11_rb_total_value_head_cpu_smoke_state_limited_minrb1_20260621,experiments,unclassified,,v11,,6,27060,1782052311132288900,,,,,
experiments/pi_jwm_v11_rb_total_value_reconstruction_ratio_512_20260622,experiments,unclassified,,v11,,3,65763,1782105955045610400,,,,,
experiments/pi_jwm_v11_rb_total_value_reconstruction_refine_512_20260622,experiments,unclassified,,v11,,5,48894,1782106223321454700,,,,,
experiments/pi_jwm_v11_rb_total_value_reconstruction_residual_512_20260622,experiments,unclassified,,v11,,3,139964,1782105601992964500,,,,,
experiments/pi_jwm_v11_rb_total_value_reconstruction_rf_confirm_1024_20260622,experiments,unclassified,,v11,,5,19115,1782106484013662900,,,,,
experiments/pi_jwm_v11_rb_total_value_reconstruction_smoke_20260622,experiments,unclassified,,v11,,3,6111,1782105026057815700,,,,,
experiments/pi_jwm_v11_reconstruct_gated_stepbudget_smoke128_20260628,experiments,unclassified,,v11,,4,28149,1782660361510028900,,,,,
experiments/pi_jwm_v11_repair_benefit_shortlist_512_20260622,experiments,unclassified,,v11,,3,56792,1782101670193553800,,,,,
experiments/pi_jwm_v11_repair_benefit_shortlist_alpha_probe_20260622,experiments,unclassified,,v11,,3,21393,1782102273235774700,,,,,
experiments/pi_jwm_v11_repair_benefit_shortlist_hgb_probe_20260622,experiments,unclassified,,v11,,3,9512,1782102433796436100,,,,,
experiments/pi_jwm_v11_repair_benefit_shortlist_oracle_diag_20260622,experiments,unclassified,,v11,,3,12945,1782102052605418600,,,,,
experiments/pi_jwm_v11_repair_benefit_shortlist_smoke_20260622,experiments,unclassified,,v11,,3,4770,1782101326440682700,,,,,
experiments/pi_jwm_v11_retrieval_action_generator_256_narrow_20260628,experiments,unclassified,,v11,,3,18024,1782622063155289100,,,,,
experiments/pi_jwm_v11_retrieval_action_generator_smoke_20260628,experiments,unclassified,,v11,,3,9574,1782621525946771900,,,,,
experiments/pi_jwm_v11_rollout_reward_template_selector_cpu256_20260629,experiments,unclassified,,v11,,3,26670,1782700641386414900,,,,,
experiments/pi_jwm_v11_rollout_reward_template_selector_errorreg_cpu256_20260629,experiments,unclassified,,v11,,3,33802,1782701303379626400,,,,,
experiments/pi_jwm_v11_rollout_reward_template_selector_expanded55_gpu1024_512_seed20260631_20260629,experiments,unclassified,,v11,,4,898557,1782745145642270200,,,,,
experiments/pi_jwm_v11_rollout_reward_template_selector_forecast_cpu256_20260629,experiments,unclassified,,v11,,3,30233,1782701002780413500,,,,,
experiments/pi_jwm_v11_rollout_reward_template_selector_impgate_cpu256_20260629,experiments,unclassified,,v11,,3,57644,1782703510487335300,,,,,
experiments/pi_jwm_v11_rollout_reward_template_selector_paircalib_cpu256_20260629,experiments,unclassified,,v11,,3,141628,1782707814939530200,,,,,
experiments/pi_jwm_v11_rollout_reward_template_selector_paircalib_cpu384_20260629,experiments,unclassified,,v11,,3,126363,1782708263664240900,,,,,
experiments/pi_jwm_v11_rollout_reward_template_selector_pairgain_global_cpu256_20260629,experiments,unclassified,,v11,,3,166557,1782706604471382000,,,,,
experiments/pi_jwm_v11_rollout_reward_template_selector_pairgain_global_cpu384_20260629,experiments,unclassified,,v11,,3,160120,1782707065623728800,,,,,
experiments/pi_jwm_v11_rollout_reward_template_selector_pairgate_calib_cpu256_20260629,experiments,unclassified,,v11,,3,125837,1782704578040344600,,,,,
experiments/pi_jwm_v11_rollout_reward_template_selector_pairgate_cpu256_20260629,experiments,unclassified,,v11,,3,80423,1782703886324059100,,,,,
experiments/pi_jwm_v11_rollout_reward_template_selector_pairgate_gb_cpu384_20260629,experiments,unclassified,,v11,,3,82978,1782705485836389600,,,,,
experiments/pi_jwm_v11_rollout_reward_template_selector_pairgate_models_cpu256_20260629,experiments,unclassified,,v11,,3,296422,1782705112053159900,,,,,
experiments/pi_jwm_v11_rollout_reward_template_selector_pairgate_richfeat_cpu256_20260629,experiments,unclassified,,v11,,3,176198,1782705868116532200,,,,,
experiments/pi_jwm_v11_rollout_reward_template_selector_pairoracle_cpu256_20260629,experiments,unclassified,,v11,,3,83967,1782704238697276200,,,,,
experiments/pi_jwm_v11_rollout_reward_template_selector_pairwise_gpu1024_512_fixed_20260629,experiments,unclassified,,v11,,4,257679,1782740033269417800,,,,,
experiments/pi_jwm_v11_rollout_reward_template_selector_pairwise_quota_gpu1024_512_20260629,experiments,unclassified,,v11,,4,311046,1782740399133309100,,,,,
experiments/pi_jwm_v11_rollout_reward_template_selector_pairwise_quota_gpu1024_512_seed20260631_20260629,experiments,unclassified,,v11,,4,310907,1782741082923164100,,,,,
experiments/pi_jwm_v11_rollout_reward_template_selector_pairwise_quota_gpu1024_valtest256_20260629,experiments,unclassified,,v11,,4,309619,1782740631188353900,,,,,
experiments/pi_jwm_v11_rollout_reward_template_selector_pairwise_quota_gpu1024_valtest256_seed20260630_20260629,experiments,unclassified,,v11,,4,309567,1782741079114854500,,,,,
experiments/pi_jwm_v11_rollout_reward_template_selector_pairwise_quota_gpu1024_valtest256_seed20260631_20260629,experiments,unclassified,,v11,,4,309521,1782741081044630700,,,,,
experiments/pi_jwm_v11_rollout_reward_template_selector_pairwise_rich_gpu1024_512_seed20260631_20260629,experiments,unclassified,,v11,,4,310741,1782745140853922900,,,,,
experiments/pi_jwm_v11_rollout_reward_template_selector_pairwise_trainval_gpu1024_512_seed20260631_20260629,experiments,unclassified,,v11,,4,310988,1782745142934492700,,,,,
experiments/pi_jwm_v11_rollout_reward_template_selector_smoke64_20260629,experiments,unclassified,,v11,,3,23883,1782700464723762800,,,,,
experiments/pi_jwm_v11_rollout_template_selector_narrow_256_20260628,experiments,unclassified,,v11,,4,33997,1782614477177757700,,,,,
experiments/pi_jwm_v11_rollout_value_calibrator_adaptive_baseline_e0_20260621,experiments,cpu_pipeline_smoke_only,20260621,v11,,2,16024,1782032747452187300,,,,,
experiments/pi_jwm_v11_rollout_value_calibrator_adaptive_bc_confirm_20260621,experiments,unclassified,,,,6,36052,1782033220685319600,,,,,
experiments/pi_jwm_v11_rollout_value_calibrator_adaptive_cpu_probe_64x2_20260621,experiments,unclassified,,,,6,35582,1782032984822346700,,,,,
experiments/pi_jwm_v11_rollout_value_calibrator_adaptive_gpu_confirm_bc4096_e5_20260621,experiments,cpu_pipeline_smoke_only,20260621,v11,,1,13087,1782037503824020200,,,,,
experiments/pi_jwm_v11_rollout_value_calibrator_adaptive_gpu_samples_diagnostic_20260621,experiments,unclassified,,,,7,57893,1782038049942593700,,,,,
experiments/pi_jwm_v11_rollout_value_calibrator_cpu_bc_confirm_20260621,experiments,unclassified,,,,6,36413,1782032335020800700,,,,,
experiments/pi_jwm_v11_rollout_value_calibrator_cpu_probe_64x2_20260621,experiments,unclassified,,,,8,52611,1782032094369509200,,,,,
experiments/pi_jwm_v11_rollout_value_calibrator_cpu_smoke_4x1_20260621,experiments,cpu_pipeline_smoke_only,20260621,v11,,2,11064,1782012448802839700,,,,,
experiments/pi_jwm_v11_rollout_value_calibrator_cpu_smoke_bridgefocus_4x1_20260621,experiments,cpu_pipeline_smoke_only,20260621,v11,,2,11052,1782012534697310200,,,,,
experiments/pi_jwm_v11_rollout_value_calibrator_cpu_smoke_purebridge_4x1_20260621,experiments,cpu_pipeline_smoke_only,20260621,v11,,2,11092,1782012657927393700,,,,,
experiments/pi_jwm_v11_rollout_value_calibrator_stagea_baseline_e0_20260621,experiments,cpu_pipeline_smoke_only,20260621,v11,,2,15900,1782031584693269700,,,,,
experiments/pi_jwm_v11_rollout_value_calibrator_stagea_v10_cpu_smoke_16x1_20260621,experiments,cpu_pipeline_smoke_only,20260621,v11,,2,16348,1782031728749109700,,,,,
experiments/pi_jwm_v11_scheduler_group_total_generation_512_20260622,experiments,unclassified,,v11,,5,8309,1782113401465323400,,,,,
experiments/pi_jwm_v11_scheduler_group_total_model_512_20260622,experiments,unclassified,,v11,,5,9027,1782113866556132900,,,,,
experiments/pi_jwm_v11_scheduler_pattern_generation_512_20260622,experiments,unclassified,,v11,,5,7777,1782113020883272000,,,,,
experiments/pi_jwm_v11_scheduler_pattern_generation_smoke_20260622,experiments,unclassified,,v11,,5,5306,1782112928870237300,,,,,
experiments/pi_jwm_v11_scheduler_pattern_group_total_512_20260626,experiments,unclassified,,v11,,5,10941,1782482214974223000,,,,,
experiments/pi_jwm_v11_scheduler_pattern_oracle_group_total_256_20260628,experiments,unclassified,,v11,,5,14990,1782613179743100600,,,,,
experiments/pi_jwm_v11_scheduler_ranked_allocation_512_20260622,experiments,unclassified,,v11,,4,124872,1782116430494139300,,,,,
experiments/pi_jwm_v11_scheduler_ranked_allocation_blend_alpha1_confirm_1024_20260622,experiments,unclassified,,v11,,4,15826,1782125262279927100,,,,,
experiments/pi_jwm_v11_scheduler_ranked_allocation_conservative_value_512_20260622,experiments,unclassified,,v11,,4,21387,1782121449058083100,,,,,
experiments/pi_jwm_v11_scheduler_ranked_allocation_conservative_value_smoke_20260622,experiments,unclassified,,v11,,4,17650,1782121297795902500,,,,,
experiments/pi_jwm_v11_scheduler_ranked_allocation_device_smoke_20260622,experiments,unclassified,,v11,,4,6131,1782127341873790100,,,,,
experiments/pi_jwm_v11_scheduler_ranked_allocation_f1_backfill_gate_20260622,experiments,unclassified,,v11,,4,8497,1782134145720104300,,,,,
experiments/pi_jwm_v11_scheduler_ranked_allocation_f1_backfill_train8192_20260622,experiments,unclassified,,v11,,4,8509,1782135006822350300,,,,,
experiments/pi_jwm_v11_scheduler_ranked_allocation_gpu_gate_confirm_20260622,experiments,unclassified,,v11,,6,21643,1782128387762593100,,,,,
experiments/pi_jwm_v11_scheduler_ranked_allocation_injection_calib_1024_20260622,experiments,unclassified,,v11,,4,85269,1782122082448432700,,,,,
experiments/pi_jwm_v11_scheduler_ranked_allocation_linkaware_alpha1_confirm_1024_20260622,experiments,unclassified,,v11,,4,28718,1782119943253850300,,,,,
experiments/pi_jwm_v11_scheduler_ranked_allocation_linkaware_confirm_1024_20260622,experiments,unclassified,,v11,,4,29086,1782119599518819600,,,,,
experiments/pi_jwm_v11_scheduler_ranked_allocation_linkaware_narrow_512_20260622,experiments,unclassified,,v11,,4,76678,1782119272118933100,,,,,
experiments/pi_jwm_v11_scheduler_ranked_allocation_linkaware_smoke_20260622,experiments,unclassified,,v11,,4,12699,1782117062628184700,,,,,
experiments/pi_jwm_v11_scheduler_ranked_allocation_model_feature_probe_512_20260622,experiments,unclassified,,v11,,4,9856,1782120174432526100,,,,,
experiments/pi_jwm_v11_scheduler_ranked_allocation_redistribute_512_20260622,experiments,unclassified,,v11,,4,145867,1782125005007826000,,,,,
experiments/pi_jwm_v11_scheduler_ranked_allocation_redistribute_smoke_20260622,experiments,unclassified,,v11,,4,7220,1782124627844522700,,,,,
experiments/pi_jwm_v11_scheduler_ranked_allocation_selector_target_1024_20260622,experiments,unclassified,,v11,,4,21297,1782123181142380100,,,,,
experiments/pi_jwm_v11_scheduler_ranked_allocation_selector_target_512_20260622,experiments,unclassified,,v11,,4,28632,1782122893511132600,,,,,
experiments/pi_jwm_v11_scheduler_ranked_allocation_selector_target_smoke_20260622,experiments,unclassified,,v11,,4,8761,1782122745064962100,,,,,
experiments/pi_jwm_v11_scheduler_ranked_allocation_smoke_20260622,experiments,unclassified,,v11,,4,12484,1782115522196572500,,,,,
experiments/pi_jwm_v11_scheduler_ranked_allocation_topk_confirm_1024_20260622,experiments,unclassified,,v11,,4,29179,1782120778672511900,,,,,
experiments/pi_jwm_v11_scheduler_ranked_allocation_train2048_confirm_20260622,experiments,unclassified,,v11,,4,11434,1782122377121767700,,,,,
experiments/pi_jwm_v11_scheduler_ranked_allocation_train4096_alpha_high_20260622,experiments,unclassified,,v11,,4,9323,1782125759675213400,,,,,
experiments/pi_jwm_v11_scheduler_ranked_allocation_train4096_confirm_20260622,experiments,unclassified,,v11,,4,7677,1782123670533769000,,,,,
experiments/pi_jwm_v11_scheduler_ranked_allocation_train4096_final_narrow_20260622,experiments,unclassified,,v11,,4,28809,1782126290165071900,,,,,
experiments/pi_jwm_v11_scheduler_ranked_allocation_train4096_valtest1024_20260622,experiments,unclassified,,v11,,4,28707,1782127029771760000,,,,,
experiments/pi_jwm_v11_scheduler_ranked_allocation_train8192_confirm_20260622,experiments,unclassified,,v11,,4,6443,1782124365761663300,,,,,
experiments/pi_jwm_v11_scheduler_ranked_allocation_train8192_fullvaltest_gpu_freeze_20260622,experiments,unclassified,,v11,,6,7487,1782129355088899100,,,,,
experiments/pi_jwm_v11_soft_stepbudget_diag128_20260628,experiments,unclassified,,v11,,4,32711,1782661302236810200,,,,,
experiments/pi_jwm_v11_soft_stepbudget_smoke128_20260628,experiments,unclassified,,v11,,4,27657,1782660863665845700,,,,,
experiments/pi_jwm_v11_step_support_value_reconstruction_512_20260622,experiments,unclassified,,v11,,5,72333,1782111916344230500,,,,,
experiments/pi_jwm_v11_step_support_value_reconstruction_confirm_1024_20260622,experiments,unclassified,,v11,,5,36317,1782112242539899900,,,,,
experiments/pi_jwm_v11_step_support_value_reconstruction_smoke_20260622,experiments,unclassified,,v11,,5,11105,1782111688959298100,,,,,
experiments/pi_jwm_v11_strategy_selector_pred_value_ops_small_256_20260628,experiments,unclassified,,xgb_rank_hard_negative__support_value__gbaseline_active_plus_topk__top4__alpha1__cap1.1__ecap1.15__newcap1,,4,11060,1782642488236548600,,,,,
experiments/pi_jwm_v11_strategy_selector_pred_value_slice384_20260628,experiments,unclassified,,xgb_rank_hard_negative__support_value__gbaseline_active_plus_new_topk__top8__alpha1__cap1.1__ecap1.15__newcap2,,4,11133,1782642946822796000,,,,,
experiments/pi_jwm_v11_struct_support_posthoc_bridge32_20260629,experiments,unclassified,,,,8,25842,1782738136919593800,,,,,
experiments/pi_jwm_v11_structured_branch_value_smoke128_20260628,experiments,unclassified,,v11,,4,24436,1782658820352740600,,,,,
experiments/pi_jwm_v11_structured_stepwise_penalty_smoke128_20260628,experiments,unclassified,,v11,,4,20259,1782658257588718700,,,,,
experiments/pi_jwm_v11_structured_stepwise_smoke128_20260628,experiments,unclassified,,v11,,4,20220,1782657943837098000,,,,,
experiments/pi_jwm_v11_support_gated_value_reconstruction_512_20260622,experiments,unclassified,,v11,,5,178557,1782110578449824600,,,,,
experiments/pi_jwm_v11_support_gated_value_reconstruction_smoke_20260622,experiments,unclassified,,v11,,5,7734,1782110122218379900,,,,,
experiments/pi_jwm_v11_template_policy_selector_512_20260627,experiments,unclassified,,v11,,4,31712,1782536539066623700,,,,,
experiments/pi_jwm_v11_template_policy_selector_rollout_label_512_20260627,experiments,unclassified,,v11,,4,32341,1782536898287121500,,,,,
experiments/pi_jwm_v11_template_policy_selector_smoke_20260627,experiments,unclassified,,v11,,4,10268,1782536373919301000,,,,,
experiments/pi_jwm_v11_two_endpoint_gate_sweep_cpu_20260629,experiments,unclassified,,,,24,73632,1782668007640867500,,,,,
experiments/pi_jwm_v11_value_gap_audit_20260628,experiments,unclassified,,v11,,3,6594,1782615563764038900,,,,,
experiments/pi_jwm_v11_value_weighted_activity_cpu_smoke_20260628,experiments,unclassified,,,,7,1487638,1782617518192998000,,,,,
experiments/pi_jwm_v11_weighted_rf_value_reconstruction_confirm_1024_20260622,experiments,unclassified,,v11,,5,9894,1782110868744699500,,,,,
experiments/pi_jwm_v11_wide_point_oracle_val384_20260629,experiments,unclassified,,v11,,3,47819,1782667613494383800,,,,,
experiments/pi_jwm_v11_xgb_rank_support_256_20260628,experiments,unclassified,,v11,,4,35968,1782613020282267100,,,,,
experiments/pi_jwm_v11_xgb_value_ranked_allocation_tiny_20260628,experiments,unclassified,,v11,,4,20606,1782615288855134000,,,,,
experiments/pi_jwm_v6_dual_graph,experiments,smoke,,,,4,7013612,1780065612944644500,,,,,
experiments/pi_jwm_v6_dual_graph_full80,experiments,smoke,,,,3,138805,1780066261929712600,,,,,
experiments/pi_jwm_v6_eval_cpu256,experiments,smoke,,,,6,514345,1780067086974226800,,,,,
experiments/pi_jwm_v6_eval_full80,experiments,smoke,,,,4,145164,1780067796368240300,,,,,
experiments/pi_jwm_v6_eval_smoke,experiments,smoke,,,,3,61130,1780066777490474700,,,,,
experiments/pi_jwm_v7_action_policy_cross_attention_200,experiments,unclassified,,,,2,186782,1780939779527751000,,,,,
experiments/pi_jwm_v7_action_policy_smoke,experiments,unclassified,,,,3,101408,1780936046719798800,,,,,
experiments/pi_jwm_v7_action_specialist,experiments,unclassified,,,,5,126736,1780939241451303000,,,,,
experiments/pi_jwm_v7_active_mixed_smoke,experiments,smoke,,,,3,183557,1780936165616035700,,,,,
experiments/pi_jwm_v7_active_rate_aux_cpu_smoke,experiments,smoke,,,,3,75137,1781411169305149600,,,,,
experiments/pi_jwm_v7_active_rate_auxiliary_comparison,experiments,unclassified,,,,2,3808,1781412258639825700,,,,,
experiments/pi_jwm_v7_active_rate_specialist,experiments,unclassified,,random_forest,,4,90094,1780937054520457000,,,,,
experiments/pi_jwm_v7_active_rate_teacher_cpu_smoke,experiments,smoke,,,,3,70245,1781410207693544900,,,,,
experiments/pi_jwm_v7_active_selected_comparison,experiments,unclassified,,,,2,4052,1781419254458438200,,,,,
experiments/pi_jwm_v7_activity_gated_comparison,experiments,unclassified,,,,2,2616,1781364470316833300,,,,,
experiments/pi_jwm_v7_activity_gated_rate_head_cpu_smoke,experiments,smoke,,,,3,62791,1781188472505021100,,,,,
experiments/pi_jwm_v7_aux_hard_zero_cpu_smoke,experiments,smoke,,,,3,75362,1781417686715778800,,,,,
experiments/pi_jwm_v7_aux_oracle_zero_cpu_smoke,experiments,smoke,,,,3,75361,1781417686700741100,,,,,
experiments/pi_jwm_v7_aux_soft_zero_cpu_smoke,experiments,smoke,,,,3,75361,1781417660525303300,,,,,
experiments/pi_jwm_v7_concat_active_mixed_200,experiments,smoke,,,,2,226478,1780939777173763700,,,,,
experiments/pi_jwm_v7_concat_activity_gated_active_mixed_200,experiments,smoke,,,,3,824708,1781364425544754400,,,,,
experiments/pi_jwm_v7_concat_fusion_full80,experiments,smoke,,,,2,49645,1780934511829832100,,,,,
experiments/pi_jwm_v7_cross_attention_active_mixed_200,experiments,smoke,,,,2,227318,1780939775912046900,,,,,
experiments/pi_jwm_v7_cross_attention_active_only_200,experiments,smoke,,,,2,226025,1780939778286008000,,,,,
experiments/pi_jwm_v7_cross_attention_active_rate_aux_active_mixed_200,experiments,smoke,,,,3,936632,1781411771171797600,,,,,
experiments/pi_jwm_v7_cross_attention_active_rate_aux_active_mixed_200_w10,experiments,smoke,,,,3,936649,1781412197864494200,,,,,
experiments/pi_jwm_v7_cross_attention_activity_gated_active_mixed_200,experiments,smoke,,,,3,863061,1781364419414292600,,,,,
experiments/pi_jwm_v7_cross_attention_aux_hard_zero_active_mixed_200,experiments,smoke,,,,3,936893,1781418483798636300,,,,,
experiments/pi_jwm_v7_cross_attention_aux_oracle_zero_active_mixed_200,experiments,smoke,,,,3,938332,1781418489351992300,,,,,
experiments/pi_jwm_v7_cross_attention_aux_soft_zero_active_mixed_200,experiments,smoke,,,,3,937219,1781418478879155200,,,,,
experiments/pi_jwm_v7_cross_attention_aux_soft_zero_ridge_teacher_w03_active_mixed_200,experiments,smoke,,,,3,942769,1781419201821912400,,,,,
experiments/pi_jwm_v7_cross_attention_aux_soft_zero_w10_active_mixed_200,experiments,smoke,,,,3,937395,1781419192997118400,,,,,
experiments/pi_jwm_v7_cross_attention_fusion_full80,experiments,smoke,,,,2,49680,1780934514306491200,,,,,
experiments/pi_jwm_v7_cross_attention_log1p_rate_active_mixed_200,experiments,smoke,,,,3,911891,1781414654182016400,,,,,
experiments/pi_jwm_v7_cross_attention_log1p_rate_clipped_active_mixed_200,experiments,smoke,,,,3,911443,1781415419252706700,,,,,
experiments/pi_jwm_v7_cross_attention_residual_activity_gated_active_mixed_200,experiments,smoke,,,,3,880399,1781409186325353400,,,,,
experiments/pi_jwm_v7_cross_attention_residual_last_rate_active_mixed_200,experiments,smoke,,,,3,913310,1781416600745976100,,,,,
experiments/pi_jwm_v7_cross_attention_ridge_teacher_active_mixed_200_w03,experiments,smoke,,,,3,899740,1781410802142663600,,,,,
experiments/pi_jwm_v7_cross_attention_smoke,experiments,smoke,,,,3,182764,1780933684921353600,,,,,
experiments/pi_jwm_v7_fusion_full80,experiments,unclassified,,,,1,1139,1780934734789770800,,,,,
experiments/pi_jwm_v7_gated_fusion_full80,experiments,smoke,,,,2,49576,1780934512813355300,,,,,
experiments/pi_jwm_v7_gated_fusion_smoke,experiments,smoke,,,,3,177781,1780933684878728400,,,,,
experiments/pi_jwm_v7_gated_synthetic_check,experiments,smoke,,,,2,1413,1780933825394416100,,,,,
experiments/pi_jwm_v7_hybrid_attention_active_mixed_200,experiments,smoke,,,,2,226930,1780939780639605500,,,,,
experiments/pi_jwm_v7_log_rate_clipped_cpu_smoke,experiments,smoke,,,,3,72309,1781414825661948600,,,,,
experiments/pi_jwm_v7_log_rate_clipped_cpu_smoke_v2,experiments,smoke,,,,3,72305,1781415025987439600,,,,,
experiments/pi_jwm_v7_log_rate_cpu_smoke,experiments,smoke,,,,3,72195,1781414283360302600,,,,,
experiments/pi_jwm_v7_rate_head_comparison,experiments,unclassified,,,,2,2098,1781409221090609800,,,,,
experiments/pi_jwm_v7_rate_target_transform_comparison,experiments,unclassified,,,,2,1821,1781415448076284100,,,,,
experiments/pi_jwm_v7_residual_activity_gated_cpu_smoke,experiments,smoke,,,,3,70193,1781406561884574500,,,,,
experiments/pi_jwm_v7_residual_baseline_comparison,experiments,unclassified,,,,2,2442,1781416729362880200,,,,,
experiments/pi_jwm_v7_residual_last_rate_cpu_smoke,experiments,smoke,,,,3,72297,1781415836139114700,,,,,
experiments/pi_jwm_v7_ridge_teacher_cpu_smoke,experiments,smoke,,,,3,70142,1781410495571696000,,,,,
experiments/pi_jwm_v7_teacher_distillation_comparison,experiments,unclassified,,,,2,2669,1781410842800519100,,,,,
experiments/pi_jwm_v8_active_heavy_c6_candidate_prune_20260615,experiments,unclassified,,,,14,6450465,1781524190270891000,,,,,
experiments/pi_jwm_v8_active_heavy_c6_candidate_prune_cpu_smoke_20260615,experiments,training_smoke,,,,4,229483,1781519393240010100,,,,,
experiments/pi_jwm_v8_active_heavy_c6_cpu_smoke_20260615,experiments,training_smoke,,,,4,226300,1781507516169183500,,,,,
experiments/pi_jwm_v8_active_heavy_c6_fp_cpu_smoke_20260615,experiments,training_smoke,,,,4,226488,1781514187171326400,,,,,
experiments/pi_jwm_v8_active_heavy_c6_fp_penalty_20260615,experiments,unclassified,,,,15,6418730,1781519398659426900,,,,,
experiments/pi_jwm_v8_active_heavy_c6_loss_repair_20260615,experiments,unclassified,,,,9,777540,1781513014742796600,,,,,
experiments/pi_jwm_v8_active_heavy_c6_rate_only_cpu_smoke_20260615,experiments,training_smoke,,,,4,229588,1781523131098534500,,,,,
experiments/pi_jwm_v8_active_heavy_c6_rate_only_prune_20260615,experiments,unclassified,,,,5,2155904,1781524201534928800,,,,,
experiments/pi_jwm_v8_active_heavy_v1_residual_calibration_20260615,experiments,unclassified,,,,12,7087314,1781502401409397600,,,,,
experiments/pi_jwm_v8_active_heavy_v1_retrain_20260615,experiments,unclassified,,,,11,4504029,1781502257896361000,,,,,
experiments/pi_jwm_v8_active_rate_error_diagnosis_20260615,experiments,unclassified,,,,10,100113,1781490441535191200,,,,,
experiments/pi_jwm_v8_active_rate_residual_calibration_20260615,experiments,unclassified,,uncalibrated,,6,937108,1781491495001504400,,,,,
experiments/pi_jwm_v8_cross_attention_aux_soft_zero_cpu128_e2,experiments,training_smoke,,,,3,226550,1781431690025426300,,,,,
experiments/pi_jwm_v8_full_smoke,experiments,smoke,,,,2,1414,1781425665993688200,,,,,
experiments/pi_jwm_v8_full_training_cpu128_e2,experiments,training_smoke,,,,3,209506,1781427395731510200,,,,,
experiments/pi_jwm_v8_full_training_smoke,experiments,training_smoke,,,,3,85166,1781426689644508700,,,,,
experiments/pi_jwm_v8_full_training_smoke_refactor_check,experiments,training_smoke,,,,3,85981,1781427120725875800,,,,,
experiments/pi_jwm_v8_gpu_combined_stack_20260615,experiments,unclassified,,,,16,12230926,1781487131384342100,,,,,
experiments/pi_jwm_v8_gpu_full_ablation_20260614,experiments,unclassified,,,,18,3595115,1781490220486004300,,,,,
experiments/pi_jwm_v8_gpu_m5_loss_balance_20260614,experiments,unclassified,,,,24,12195702,1781481829004497300,,,,,
experiments/pi_jwm_v8_gpu_stgcn_full_ablation_20260614,experiments,unclassified,,,,2,276755,1781447845285885800,,,,,
experiments/pi_jwm_v8_local_compare_v7_6_smoke,experiments,smoke,,,,3,75364,1781426757227968600,,,,,
experiments/pi_jwm_v8_m5_recurrent_composite_cpu128_e2,experiments,training_smoke,,,,4,555119,1781448854404925500,,,,,
experiments/pi_jwm_v8_moe_cross_aux_cpu128_e2,experiments,training_smoke,,,,3,243960,1781437657714331900,,,,,
experiments/pi_jwm_v8_recurrent_latent_cross_aux_cpu128_e2,experiments,training_smoke,,,,3,280227,1781435349293352100,,,,,
experiments/pi_jwm_v8_stgcn_full_cross_aux_cpu128_e2,experiments,training_smoke,,,,4,964181,1781446974726722600,,,,,
experiments/pi_jwm_v8_stgcn_light_cross_aux_cpu128_e2,experiments,training_smoke,,,,3,424360,1781436298414903200,,,,,
experiments/pi_jwm_v8_temporal_conv_cross_aux_cpu128_e2,experiments,training_smoke,,,,3,358068,1781432595887953200,,,,,
experiments/pi_jwm_v9_active_mass_allocator_20260617,experiments,unclassified,,,,23,12884881,1781708645552729200,,,,,
experiments/pi_jwm_v9_active_mass_allocator_cpu_smoke_20260617,experiments,training_smoke,20260614,,,4,257641,1781702287057380500,,,,,
experiments/pi_jwm_v9_adaptive_sparse_edge_20260616,experiments,unclassified,,,,9,1056958,1781628211048895400,,,,,
experiments/pi_jwm_v9_balanced_rate_gpu_20260619,experiments,unclassified,,,,46,21289024,1781881045170342600,,,,,
experiments/pi_jwm_v9_bmc_cpu_smoke_20260619,experiments,training_smoke,20260614,,,4,148626,1781865311483778400,,,,,
experiments/pi_jwm_v9_bmc_expanded_v2_cpu_smoke_20260619,experiments,training_smoke,20260614,,,4,148524,1781866969601306500,,,,,
experiments/pi_jwm_v9_bmc_sigma5_cpu_smoke_20260619,experiments,training_smoke,20260614,,,4,148641,1781866031445177400,,,,,
experiments/pi_jwm_v9_bottleneck_diagnosis_20260619,experiments,unclassified,,,,12,95922,1781865048855434800,,,,,
experiments/pi_jwm_v9_bottleneck_diagnosis_multi_20260619,experiments,unclassified,,,,12,192515,1781866125910979600,,,,,
experiments/pi_jwm_v9_c9_dual_head_20260617,experiments,unclassified,,,,13,2484804,1781682906609112100,,,,,
experiments/pi_jwm_v9_c9_dual_head_cpu_smoke_20260617,experiments,training_smoke,20260614,,,4,239808,1781669868728408900,,,,,
experiments/pi_jwm_v9_c9_repair_20260617,experiments,unclassified,,,,13,2140637,1781682932035071000,,,,,
experiments/pi_jwm_v9_candidate_hurdle_event_20260615,experiments,unclassified,,,,10,1214504,1781530245522997100,,,,,
experiments/pi_jwm_v9_cpu_gate_20260619,experiments,cpu_gate_passed_gpu_not_started,,,,1,3686,1781867243553928600,,,,,
experiments/pi_jwm_v9_dynamic_hard_negative_20260617,experiments,unclassified,,,,9,1131971,1781632286019140800,,,,,
experiments/pi_jwm_v9_dynamic_hard_negative_cpu_smoke_20260617,experiments,training_smoke,,,,4,228693,1781628763656220500,,,,,
experiments/pi_jwm_v9_event_memory_activity_routing_20260616,experiments,unclassified,,,,10,2137319,1781623935020675900,,,,,
experiments/pi_jwm_v9_existing_checkpoint_operating_search_fast_20260617,experiments,unclassified,20260614,,,6,680102,1781688031453062500,,,,,
experiments/pi_jwm_v9_expanded_v2_gpu_20260619,experiments,unclassified,20260619,,,40,20133818,1781884574201099800,,,,,
experiments/pi_jwm_v9_gate_aware_selection_20260617,experiments,unclassified,,,,12,1552301,1781638337104515000,,,,,
experiments/pi_jwm_v9_gate_aware_selection_cpu_smoke_20260617,experiments,training_smoke,,,,4,229253,1781633625738614800,,,,,
experiments/pi_jwm_v9_gate_calibration_cpu_smoke_20260617,experiments,unclassified,,,,3,6295,1781632685590403700,,,,,
experiments/pi_jwm_v9_gate_mode_cpu_smoke_20260616,experiments,training_smoke,,,,4,236451,1781596663893425700,,,,,
experiments/pi_jwm_v9_gate_scale_calibration_20260617,experiments,unclassified,,,,3,122372,1781659339234299200,,,,,
experiments/pi_jwm_v9_hard_rate_gate_calibration_20260617,experiments,unclassified,,,,3,242304,1781659799506573300,,,,,
experiments/pi_jwm_v9_high_rate_link_balance_20260617,experiments,unclassified,,,,11,1651989,1781658854716661400,,,,,
experiments/pi_jwm_v9_high_rate_weight_20260617,experiments,unclassified,,,,11,1651212,1781654628248824300,,,,,
experiments/pi_jwm_v9_hurdle_event_cpu_smoke_20260615,experiments,training_smoke,,,,4,236093,1781525823095022600,,,,,
experiments/pi_jwm_v9_hurdle_gate_calibration_20260617,experiments,unclassified,,,,3,89440,1781633013709659400,,,,,
experiments/pi_jwm_v9_hurdle_gate_mode_20260616,experiments,unclassified,,,,9,990337,1781609190180510900,,,,,
experiments/pi_jwm_v9_hurdle_refine_20260615,experiments,unclassified,,,,17,2272057,1781538646214200400,,,,,
experiments/pi_jwm_v9_hybrid_activity_rate_20260616,experiments,unclassified,,,,8,12694,1781610599290462900,,,,,
experiments/pi_jwm_v9_lds_cpu_smoke64_20260619,experiments,training_smoke,20260614,,,4,151977,1781865510598203900,,,,,
experiments/pi_jwm_v9_lds_cpu_smoke_20260619,experiments,training_smoke,20260614,,,4,151039,1781864999147690800,,,,,
experiments/pi_jwm_v9_positive_rate_specialist_20260616,experiments,unclassified,,,,14,2870328,1781620943860896600,,,,,
experiments/pi_jwm_v9_positive_rate_specialist_cpu_smoke_20260616,experiments,training_smoke,,,,4,205879,1781613712720715500,,,,,
experiments/pi_jwm_v9_predicted_w1_repro_20260617,experiments,unclassified,,,,9,1234129,1781668435142736400,,,,,
experiments/pi_jwm_v9_research_20260616,experiments,unclassified,,,,12,136764,1781616226061415200,,,,,
experiments/pi_jwm_v9_selective_soft_gate_small_20260617,experiments,unclassified,,,,3,49834,1781649243411808800,,,,,
experiments/pi_jwm_v9_teacher_gate_high_rate_20260617,experiments,unclassified,,,,11,1651590,1781664256665094200,,,,,
experiments/pi_jwm_v9_topk_checkpoint_20260617,experiments,unclassified,,,,23,27271159,1781701213431679900,,,,,
experiments/pi_jwm_v9_train_gate_power_20260617,experiments,unclassified,,,,11,1595794,1781647180600936500,,,,,
experiments/pi_jwm_v9_train_gate_power_calibration_20260617,experiments,unclassified,,,,3,85333,1781647383340291000,,,,,
experiments/pi_jwm_v9_tweedie_positive_rate_20260617,experiments,unclassified,,,,11,1581482,1781642867628701600,,,,,
experiments/smoke,experiments,unclassified,20260824,,false,19,8871324,1787743176000000000,experiments/smoke/config.json,experiments/smoke/manifest.json,experiments/smoke/run_summary.json,experiments/smoke/manifest.json:5744b7fb880d427da241f7cb866cb1c6b0a069f8181a6ef0f03507be66fdc1c9;experiments/smoke/config.json:b382025f246b224b5c7b4d605f031f458cffc49dd6bd74a605894d7c883786e1;experiments/smoke/run_summary.json:145f3759d9b62a5d47c1648004b53cf9853a5bb7cf96eec54d6c8ba4c0d09288,
formal_data/pi_jwm_v4_formal_candidate_v2,formal_data,unclassified,10000,,,610,6866462256,1787136642048005200,,formal_data/pi_jwm_v4_formal_candidate_v2/manifest.json,formal_data/pi_jwm_v4_formal_candidate_v2/validation_report.json,formal_data/pi_jwm_v4_formal_candidate_v2/manifest.json:2a2907e22a8a0ef4deeb4550c80942bb7a58bbf12a0280184c3fde4245b0faa7;formal_data/pi_jwm_v4_formal_candidate_v2/validation_report.json:c93005b5a57ec89d8418a4a666f90605c903fc93f4ea970c4a74b31238899126,
formal_data/pi_jwm_v4_formal_candidate_v3,formal_data,unclassified,10000,,,610,3906359803,1787153418904741900,,formal_data/pi_jwm_v4_formal_candidate_v3/manifest.json,formal_data/pi_jwm_v4_formal_candidate_v3/validation_report.json,formal_data/pi_jwm_v4_formal_candidate_v3/manifest.json:727abf282c857323f6722e6956344a273a4be857955e62c4bf7e2fa5455875ff;formal_data/pi_jwm_v4_formal_candidate_v3/validation_report.json:f5ca5d18973c50d5cf16035badc6f165fa14c9d817e635e368d27087def8b815,
formal_data/pi_jwm_v4_formal_candidate_v3_failed_time_alignment_20260819,formal_data,unclassified,10000,,,610,3066828502,1787146137209768700,,formal_data/pi_jwm_v4_formal_candidate_v3_failed_time_alignment_20260819/manifest.json,formal_data/pi_jwm_v4_formal_candidate_v3_failed_time_alignment_20260819/validation_report.json,formal_data/pi_jwm_v4_formal_candidate_v3_failed_time_alignment_20260819/manifest.json:4ed41cef6b9280d08da7afbbd476b7ce0e337985c988ea81eb7e64aa58c6f31f;formal_data/pi_jwm_v4_formal_candidate_v3_failed_time_alignment_20260819/validation_report.json:b963519274857a69c2d868ee8e3b0ccb8453d329755812ecca11fbb3f86eab10,
formal_data/pi_jwm_v4_formal_candidate_v4_unlocked_20260821,formal_data,unclassified,10000,,,549,7563004682,1787310976833771700,,formal_data/pi_jwm_v4_formal_candidate_v4_unlocked_20260821/manifest.json,formal_data/pi_jwm_v4_formal_candidate_v4_unlocked_20260821/validation_report.json,formal_data/pi_jwm_v4_formal_candidate_v4_unlocked_20260821/manifest.json:5e58475bbbbebef121490e1ee5a679a3f2ed07a40f73180a4d3f7665d57a0f55;formal_data/pi_jwm_v4_formal_candidate_v4_unlocked_20260821/validation_report.json:7fbd878afb2298f57bb23b63889f71c0472814264949d5aaec3dc073f154a760,
formal_data/pi_jwm_v4_formal_candidate_v5_rb_v1_unlocked_20260821,formal_data,unclassified,10000,,,549,7619659800,1787322920848644100,,formal_data/pi_jwm_v4_formal_candidate_v5_rb_v1_unlocked_20260821/manifest.json,formal_data/pi_jwm_v4_formal_candidate_v5_rb_v1_unlocked_20260821/validation_report.json,formal_data/pi_jwm_v4_formal_candidate_v5_rb_v1_unlocked_20260821/manifest.json:3b9e3f7e2da272b311b1b735fee5580b6141b37e36264133f32aaf84c7a73b19;formal_data/pi_jwm_v4_formal_candidate_v5_rb_v1_unlocked_20260821/validation_report.json:7fbd878afb2298f57bb23b63889f71c0472814264949d5aaec3dc073f154a760,
formal_data/pi_jwm_v4_formal_candidate_v6_rb_v1_unlocked_20260821,formal_data,unclassified,10000,,,549,7619661204,1787331378470673900,,formal_data/pi_jwm_v4_formal_candidate_v6_rb_v1_unlocked_20260821/manifest.json,formal_data/pi_jwm_v4_formal_candidate_v6_rb_v1_unlocked_20260821/validation_report.json,formal_data/pi_jwm_v4_formal_candidate_v6_rb_v1_unlocked_20260821/manifest.json:5e58475bbbbebef121490e1ee5a679a3f2ed07a40f73180a4d3f7665d57a0f55;formal_data/pi_jwm_v4_formal_candidate_v6_rb_v1_unlocked_20260821/validation_report.json:7fbd878afb2298f57bb23b63889f71c0472814264949d5aaec3dc073f154a760,
formal_tensor/pi_jwm_v4_tensor_v1,formal_tensor,unclassified,,,,114,30294402,1787154597818442600,,formal_tensor/pi_jwm_v4_tensor_v1/manifest.json,formal_tensor/pi_jwm_v4_tensor_v1/validation_report.json,formal_tensor/pi_jwm_v4_tensor_v1/manifest.json:498cb48260a325256ffa1b9b386acdc2f7d1c070988ddb1707c7b0c5307c6b69;formal_tensor/pi_jwm_v4_tensor_v1/validation_report.json:f1ef5889fb6eacad293117302111d6174ba02b27938e1e307ba6a269568658a5,
formal_tensor/pi_jwm_v4_tensor_v1_failed_duplicate_snapshot_20260819,formal_tensor,unclassified,,,,2,1198588,1787139079106795600,,,,,
formal_tensor/pi_jwm_v4_tensor_v1_failed_legacy_return_compat_20260819,formal_tensor,unclassified,,,,2,1194334,1787153770101032400,,,,,
formal_tensor/pi_jwm_v4_tensor_v1_failed_return_action_field_20260819,formal_tensor,unclassified,,,,2,1194334,1787153587771051900,,,,,
formal_tensor/pi_jwm_v4_tensor_v2_unlocked_20260821,formal_tensor,unclassified,,,,114,81330302,1787312438545421900,,formal_tensor/pi_jwm_v4_tensor_v2_unlocked_20260821/manifest.json,formal_tensor/pi_jwm_v4_tensor_v2_unlocked_20260821/validation_report.json,formal_tensor/pi_jwm_v4_tensor_v2_unlocked_20260821/manifest.json:6bb16e354d63f8e29fff1de0e752b9d35d2bdb1c7b87afe4bb20bbcdd9e60d7a;formal_tensor/pi_jwm_v4_tensor_v2_unlocked_20260821/validation_report.json:f1ef5889fb6eacad293117302111d6174ba02b27938e1e307ba6a269568658a5,
formal_tensor/pi_jwm_v4_tensor_v3_rb_v1_unlocked_20260821,formal_tensor,unclassified,,,,114,92777443,1787365033635170200,,formal_tensor/pi_jwm_v4_tensor_v3_rb_v1_unlocked_20260821/manifest.json,formal_tensor/pi_jwm_v4_tensor_v3_rb_v1_unlocked_20260821/validation_report.json,formal_tensor/pi_jwm_v4_tensor_v3_rb_v1_unlocked_20260821/manifest.json:d91f3bca7404bef844215b3eb1467b2fc41a68f3f50dcbd5316b73a030e4ce8c;formal_tensor/pi_jwm_v4_tensor_v3_rb_v1_unlocked_20260821/validation_report.json:f1ef5889fb6eacad293117302111d6174ba02b27938e1e307ba6a269568658a5,
formal_tensor/pi_jwm_v4_tensor_v4_rule_contract_h20_node_type_fix_unlocked_20260827,formal_tensor,unclassified,,,,114,82014006,1787811211784879600,,formal_tensor/pi_jwm_v4_tensor_v4_rule_contract_h20_node_type_fix_unlocked_20260827/manifest.json,formal_tensor/pi_jwm_v4_tensor_v4_rule_contract_h20_node_type_fix_unlocked_20260827/validation_report.json,formal_tensor/pi_jwm_v4_tensor_v4_rule_contract_h20_node_type_fix_unlocked_20260827/manifest.json:51b5057e49d4c743d4f9be667fd991c28325497d8b79bd4b49b5e5ae5ad19830;formal_tensor/pi_jwm_v4_tensor_v4_rule_contract_h20_node_type_fix_unlocked_20260827/validation_report.json:f1ef5889fb6eacad293117302111d6174ba02b27938e1e307ba6a269568658a5,
formal_tensor/pi_jwm_v4_tensor_v4_rule_contract_h20_rb_repair_unlocked_20260827,formal_tensor,unclassified,,,,114,93157071,1787815602205172000,,formal_tensor/pi_jwm_v4_tensor_v4_rule_contract_h20_rb_repair_unlocked_20260827/manifest.json,formal_tensor/pi_jwm_v4_tensor_v4_rule_contract_h20_rb_repair_unlocked_20260827/validation_report.json,formal_tensor/pi_jwm_v4_tensor_v4_rule_contract_h20_rb_repair_unlocked_20260827/manifest.json:d5c9edb4200840ad085adaab970855555c19198ed0031234513ea1f078660781;formal_tensor/pi_jwm_v4_tensor_v4_rule_contract_h20_rb_repair_unlocked_20260827/validation_report.json:f1ef5889fb6eacad293117302111d6174ba02b27938e1e307ba6a269568658a5,
formal_tensor/pi_jwm_v4_tensor_v4_rule_contract_h20_unlocked_20260826,formal_tensor,unclassified,,,,114,93143149,1787739749474782800,,formal_tensor/pi_jwm_v4_tensor_v4_rule_contract_h20_unlocked_20260826/manifest.json,formal_tensor/pi_jwm_v4_tensor_v4_rule_contract_h20_unlocked_20260826/validation_report.json,formal_tensor/pi_jwm_v4_tensor_v4_rule_contract_h20_unlocked_20260826/manifest.json:37a6e561823a7da8872efe91ff750d9f24b5409af98e64f5ef91604df013c315;formal_tensor/pi_jwm_v4_tensor_v4_rule_contract_h20_unlocked_20260826/validation_report.json:f1ef5889fb6eacad293117302111d6174ba02b27938e1e307ba6a269568658a5,
formal_tensor/pi_jwm_v4_tensor_v4_rule_contract_unlocked_20260823,formal_tensor,unclassified,,,,114,93160441,1787496251187340600,,formal_tensor/pi_jwm_v4_tensor_v4_rule_contract_unlocked_20260823/manifest.json,formal_tensor/pi_jwm_v4_tensor_v4_rule_contract_unlocked_20260823/validation_report.json,formal_tensor/pi_jwm_v4_tensor_v4_rule_contract_unlocked_20260823/manifest.json:8722b2f801e20cb8c26d233c6d7538b21461fc66beb373223814358323075b91;formal_tensor/pi_jwm_v4_tensor_v4_rule_contract_unlocked_20260823/validation_report.json:f1ef5889fb6eacad293117302111d6174ba02b27938e1e307ba6a269568658a5,
formal_tensor/pi_jwm_v4_tensor_v5_causal_motion_h20_unlocked_20260906,formal_tensor,unclassified,,,false,115,96028798,1788674127818505600,,formal_tensor/pi_jwm_v4_tensor_v5_causal_motion_h20_unlocked_20260906/manifest.json,formal_tensor/pi_jwm_v4_tensor_v5_causal_motion_h20_unlocked_20260906/validation_report.json,formal_tensor/pi_jwm_v4_tensor_v5_causal_motion_h20_unlocked_20260906/manifest.json:85e50b5ecf1742cfaecb859522587efaed3412d03a74f1a00e322164ae8861f6;formal_tensor/pi_jwm_v4_tensor_v5_causal_motion_h20_unlocked_20260906/validation_report.json:dc1c98e32c4fbb66ed26191499b42343a39cf2af5d082643d6cec5c1fb1bd1fa,
formal_training/formal_directed_v2_1_seed20260802_h64_b32_e20_8eac4e9,formal_training,unclassified,20260802,,false,19,5920859,1785720136005850300,formal_training/formal_directed_v2_1_seed20260802_h64_b32_e20_8eac4e9/config.json,formal_training/formal_directed_v2_1_seed20260802_h64_b32_e20_8eac4e9/manifest.json,formal_training/formal_directed_v2_1_seed20260802_h64_b32_e20_8eac4e9/run_summary.json,formal_training/formal_directed_v2_1_seed20260802_h64_b32_e20_8eac4e9/manifest.json:000359e964e46050fdbd2cd18d1c18a277f57e6d08a5e4dbd62f8c4b61f4236b;formal_training/formal_directed_v2_1_seed20260802_h64_b32_e20_8eac4e9/config.json:626d1888b287ce4d2cc2576d7fbfb6af6441aafc1a90fb1b11b1930633c92e1e;formal_training/formal_directed_v2_1_seed20260802_h64_b32_e20_8eac4e9/run_summary.json:8c4fbc3c1517374d5ef2b4e0fd1d4ceb84c5aa4e8affe3df6b7f8a75644aa0e3,
formal_training/formal_directed_v2_1_seed20260802_h64_b32_e20_8eac4e9_system_eval,formal_training,computed,8,coupled_directed_dynamic_residual_v2,false,11,357828,1785720432488767500,,formal_training/formal_directed_v2_1_seed20260802_h64_b32_e20_8eac4e9_system_eval/manifest.json,,formal_training/formal_directed_v2_1_seed20260802_h64_b32_e20_8eac4e9_system_eval/manifest.json:2a8111c309272c881dc696d73b72d125e28c9f395d7fe1d3ef14ba949a937154,
formal_training/formal_seed20260802_h64_b32_e20_39e359a,formal_training,unclassified,20260802,,false,22,7452134,1785659119000000000,formal_training/formal_seed20260802_h64_b32_e20_39e359a/config.json,formal_training/formal_seed20260802_h64_b32_e20_39e359a/manifest.json,formal_training/formal_seed20260802_h64_b32_e20_39e359a/run_summary.json,formal_training/formal_seed20260802_h64_b32_e20_39e359a/manifest.json:3d151c7589088b13570c55c50eea327fad3c019d2bf71be777b295562710a54f;formal_training/formal_seed20260802_h64_b32_e20_39e359a/config.json:28d1fb47e3643b7e9713459906a796e45fb054c79040c50d9323690d85dfbb8f;formal_training/formal_seed20260802_h64_b32_e20_39e359a/run_summary.json:7fefd4d0fb92e0c5126bb07def555c18e6d3c0032ce86bf009bf4c9fd23f17b4,
formal_training/pi_jwm_r4_gpu_screening_v1,formal_training,reference,20260803,reference,false,47,9297545,1785860892889762400,,formal_training/pi_jwm_r4_gpu_screening_v1/manifest.json,,formal_training/pi_jwm_r4_gpu_screening_v1/manifest.json:32827c21f5a9c573ddd71c7a483a96a7a80d865ce58b03b6f62ad546ab894112,
formal_training/pi_jwm_r5_gpu_training_v1,formal_training,completed,20260803,,false,87,32800179,1785977958000000000,,formal_training/pi_jwm_r5_gpu_training_v1/manifest.json,,formal_training/pi_jwm_r5_gpu_training_v1/manifest.json:ba895e46117c763c02034b35f0bc40177547ccaa2b0681a7067c2a357ced3000,
formal_training/pi_jwm_r5_module_confirmation_analysis_v1,formal_training,unclassified,20260803,,false,9,582359,1786071313865098600,,formal_training/pi_jwm_r5_module_confirmation_analysis_v1/manifest.json,,formal_training/pi_jwm_r5_module_confirmation_analysis_v1/manifest.json:c29e09e057c3556a885017dde00c75732f34dbb7e0e5c6dc59cba19ab2696914,
formal_training/pi_jwm_r5_module_confirmation_v1,formal_training,completed,20260803,,false,73,28279963,1786051307000000000,,formal_training/pi_jwm_r5_module_confirmation_v1/manifest.json,,formal_training/pi_jwm_r5_module_confirmation_v1/manifest.json:1d745127aa5449c97e8f17b9e64b833032756ca817b32b4aada8db1102427a61,
formal_training/pi_jwm_r5_multi_seed_analysis_v1,formal_training,unclassified,,,false,6,82938,1785979890678526700,,formal_training/pi_jwm_r5_multi_seed_analysis_v1/manifest.json,,formal_training/pi_jwm_r5_multi_seed_analysis_v1/manifest.json:5d53f03d3fd7270823e85ba446d0b9d6bcb6974fe721a7fb675ee6de50cdcb98,
formal_training/pi_jwm_r5_multi_seed_analysis_v2,formal_training,unclassified,,,false,7,115388,1785980109059596500,,formal_training/pi_jwm_r5_multi_seed_analysis_v2/manifest.json,,formal_training/pi_jwm_r5_multi_seed_analysis_v2/manifest.json:3c2fd3143399aad4e3a6468c50f0168aeb18b4c87245e2472d7639bbc31e1e3b,
formal_training/pi_jwm_r5_multi_seed_analysis_v3,formal_training,unclassified,,,false,8,339436,1785981687631127200,,formal_training/pi_jwm_r5_multi_seed_analysis_v3/manifest.json,,formal_training/pi_jwm_r5_multi_seed_analysis_v3/manifest.json:9a115dee7665b3416851fe69b5f8b0674069972fb4f7f89a788282f052800269,
formal_training/pi_jwm_r5_multi_seed_analysis_v4,formal_training,unclassified,,,false,8,339446,1785982169171637800,,formal_training/pi_jwm_r5_multi_seed_analysis_v4/manifest.json,,formal_training/pi_jwm_r5_multi_seed_analysis_v4/manifest.json:75b3250d6420f1ef114a64f73a7fd6991bb320fc68a6fdd50a4849e68fff7b9f,
formal_training/pi_jwm_r6_cpu_paired_closed_loop_v1,formal_training,unclassified,,,false,9,24642299,1786120616175699400,,formal_training/pi_jwm_r6_cpu_paired_closed_loop_v1/manifest.json,,formal_training/pi_jwm_r6_cpu_paired_closed_loop_v1/manifest.json:a89be3372dd90d0d28c3422a854011882cadd2680d3bd4664997f37550d83071,
formal_training/pi_jwm_r6_cpu_paired_smoke_v1,formal_training,unclassified,,,false,8,4543,1786115555184235400,,formal_training/pi_jwm_r6_cpu_paired_smoke_v1/manifest.json,,formal_training/pi_jwm_r6_cpu_paired_smoke_v1/manifest.json:498964095f874219c893a6ed0b7478ffa3978ebaa6139cc8e496f2b03531c798,
formal_training/pi_jwm_r6_cpu_paired_smoke_v2,formal_training,unclassified,,,false,9,4928,1786115821190526100,,formal_training/pi_jwm_r6_cpu_paired_smoke_v2/manifest.json,,formal_training/pi_jwm_r6_cpu_paired_smoke_v2/manifest.json:c0d7d1049b67cf6fcd88027bb951b7ee185f7ebce084bc7d5bb8cbf0124ef295,
formal_training/pi_jwm_r6_cpu_paired_smoke_v3,formal_training,unclassified,,,false,9,222049,1786116023118045700,,formal_training/pi_jwm_r6_cpu_paired_smoke_v3/manifest.json,,formal_training/pi_jwm_r6_cpu_paired_smoke_v3/manifest.json:68e784014a9c6e31914ec64defc1f6ed480cc5e09616c7d9e4a845225d17dfb8,
formal_training/pi_jwm_r6_cpu_preflight_v1,formal_training,unclassified,,,false,7,205012,1786112600397524000,,formal_training/pi_jwm_r6_cpu_preflight_v1/manifest.json,,formal_training/pi_jwm_r6_cpu_preflight_v1/manifest.json:8a030ca162e33d8e7eb9aad34f69457da7dd04dcd88a84fc4279e4c17cf89b2d,
formal_training/pi_jwm_r6_gpu_training_formal_short_local_v1,formal_training,failed,,,false,3,779,1786202693259597000,,,,,
formal_training/pi_jwm_r6_gpu_training_smoke_local_v3,formal_training,unclassified,,,,0,0,1786202022659761500,,,,,
formal_training/pi_jwm_r6_gpu_training_smoke_v1,formal_training,complete,,,false,4,16084,1786199578191581000,,,,,
formal_training/pi_jwm_r6_gpu_training_v3,formal_training,complete,,,false,165,4857190,1786256459514858700,,,,,
formal_training/system_outcomes_20260802,formal_training,unclassified,,,,25,1975438,1785671468000000000,,,,,
main_experiment_readiness/diagnostic_exp04,main_experiment_readiness,direct,0,,,13,130604,1785076967472987300,,main_experiment_readiness/diagnostic_exp04/manifest.json,main_experiment_readiness/diagnostic_exp04/validation_report.json,main_experiment_readiness/diagnostic_exp04/manifest.json:df858c3c5ae72ed75f96eb06d0adcd93adc6c2283c00683f9a73e0e41778bf16;main_experiment_readiness/diagnostic_exp04/validation_report.json:b323714b39ef375afab3e34be5b0109ec2563c3e00a904baab6dcb13291dcced,
main_experiment_readiness/formal_airfogsim_v1,main_experiment_readiness,not_modeled,,,,4,11746,1785598754029069400,,main_experiment_readiness/formal_airfogsim_v1/manifest.json,,main_experiment_readiness/formal_airfogsim_v1/manifest.json:89257e672c85a2c60f0fc5cdedcd467cef8e4bbaa864e3720ce5dc71f4e6acc0,
main_experiment_readiness/readiness_v1,main_experiment_readiness,not_modeled,,,,4,10868,1785078164533397100,,main_experiment_readiness/readiness_v1/manifest.json,,main_experiment_readiness/readiness_v1/manifest.json:7b9cc8d3f56a72a1c0093c34e0c359003818d6626fd5a03693ea5499a098174e,
preflight/_r5_debug,preflight,computed,20260803,,false,18,1827726,1785920484205771500,,preflight/_r5_debug/manifest.json,preflight/_r5_debug/protocol.json,preflight/_r5_debug/manifest.json:3953dd713dd208e19cd5a30a706b766fc39e103d57ac398c4bf4d783938170bd;preflight/_r5_debug/protocol.json:f3b5eba5e52371934de7a2a2e272df652d0d42b1b23ac45c40ec4ee09f81441c,
preflight/_r5_debug_subset,preflight,computed,20260803,,false,14,548802,1785920551468403400,,preflight/_r5_debug_subset/manifest.json,preflight/_r5_debug_subset/protocol.json,preflight/_r5_debug_subset/manifest.json:ee41fcadc02847dbcd83463fca49973be54d837e80d715c2cfead50524aed869;preflight/_r5_debug_subset/protocol.json:f3b5eba5e52371934de7a2a2e272df652d0d42b1b23ac45c40ec4ee09f81441c,
preflight/archive,preflight,unclassified,,,,9,471755,1785810757257047900,,,,,
preflight/pi_jwm_complete_rssm_cpu_preflight_20260905,preflight,reference,20260804,complete_graph_rssm_v1,false,10,387202,1788611840263311900,,preflight/pi_jwm_complete_rssm_cpu_preflight_20260905/manifest.json,,preflight/pi_jwm_complete_rssm_cpu_preflight_20260905/manifest.json:2c6e3b930feb16d83b8bfb767c85349e705182a1700ae7ad802b83fb3993214b,
preflight/pi_jwm_complete_rssm_cpu_preflight_20260905_retry,preflight,reference,20260804,complete_graph_rssm_v1,false,10,387080,1788611962427070200,,preflight/pi_jwm_complete_rssm_cpu_preflight_20260905_retry/manifest.json,,preflight/pi_jwm_complete_rssm_cpu_preflight_20260905_retry/manifest.json:717bc0631ca490bfc5093e20dd53e7777dfebc3ec39e1de02049115f81b41e85,
preflight/pi_jwm_complete_rssm_cpu_preflight_20260905_teacher_reconstruction,preflight,reference,20260804,complete_graph_rssm_v1,false,10,387092,1788614093917322300,,preflight/pi_jwm_complete_rssm_cpu_preflight_20260905_teacher_reconstruction/manifest.json,,preflight/pi_jwm_complete_rssm_cpu_preflight_20260905_teacher_reconstruction/manifest.json:4a5e111724a59ef3dd6da497ba3335737801f441cc995a5115201be25b7e98f5,
preflight/pi_jwm_complete_rssm_cpu_preflight_20260905_teacher_reconstruction_v2,preflight,reference,20260804,complete_graph_rssm_v1,false,10,387059,1788615081739522100,,preflight/pi_jwm_complete_rssm_cpu_preflight_20260905_teacher_reconstruction_v2/manifest.json,,preflight/pi_jwm_complete_rssm_cpu_preflight_20260905_teacher_reconstruction_v2/manifest.json:a41446a068e6c0182478ce2103c4cf28b23967407e23955dd6d6db0dda334bb9,
preflight/pi_jwm_cpu_inner_rule_v1,preflight,implemented_and_preflight_verified,,,false,5,8195,1786601817757736300,,preflight/pi_jwm_cpu_inner_rule_v1/manifest.json,,preflight/pi_jwm_cpu_inner_rule_v1/manifest.json:42ce5672bb9d7d7791c461225fa0952d73cc06c0174d1a29a3c44dac130aee2c,
preflight/pi_jwm_cpu_inner_rule_v1_pre_self_review_20260813,preflight,implemented_and_preflight_verified,,,false,5,8069,1786601227743049300,,preflight/pi_jwm_cpu_inner_rule_v1_pre_self_review_20260813/manifest.json,,preflight/pi_jwm_cpu_inner_rule_v1_pre_self_review_20260813/manifest.json:e3dc3ef05a68f6d60efb517de91cb89c191cbee8db61b53c6735f22bee308625,
preflight/pi_jwm_formal_complete_rssm_cpu_consistency_20260905,preflight,unclassified,20260831,,false,20,9291684,1788619557371273500,preflight/pi_jwm_formal_complete_rssm_cpu_consistency_20260905/config.json,preflight/pi_jwm_formal_complete_rssm_cpu_consistency_20260905/manifest.json,preflight/pi_jwm_formal_complete_rssm_cpu_consistency_20260905/run_summary.json,preflight/pi_jwm_formal_complete_rssm_cpu_consistency_20260905/manifest.json:fa2e32d702e3a55754c0adb6d11475efda0ed0a2b3d6aa6577c06da4c410da32;preflight/pi_jwm_formal_complete_rssm_cpu_consistency_20260905/config.json:77e413b5ca374d48eda5388bd45420b1f9fe28cba65af4669d105deea415573d;preflight/pi_jwm_formal_complete_rssm_cpu_consistency_20260905/run_summary.json:5c8f7762d7b1c083eccc1d8a51fe5996fb4874326f68e8e8b493da023307c352,
preflight/pi_jwm_formal_complete_rssm_cpu_consistency_20260905_v2,preflight,unclassified,20260831,,false,20,9304243,1788621332957351200,preflight/pi_jwm_formal_complete_rssm_cpu_consistency_20260905_v2/config.json,preflight/pi_jwm_formal_complete_rssm_cpu_consistency_20260905_v2/manifest.json,preflight/pi_jwm_formal_complete_rssm_cpu_consistency_20260905_v2/run_summary.json,preflight/pi_jwm_formal_complete_rssm_cpu_consistency_20260905_v2/manifest.json:3eb69dfb5def8dd786596a11aec790eeb67437d9160b0c8319fa097ab9def5b4;preflight/pi_jwm_formal_complete_rssm_cpu_consistency_20260905_v2/config.json:77e413b5ca374d48eda5388bd45420b1f9fe28cba65af4669d105deea415573d;preflight/pi_jwm_formal_complete_rssm_cpu_consistency_20260905_v2/run_summary.json:5c8f7762d7b1c083eccc1d8a51fe5996fb4874326f68e8e8b493da023307c352,
preflight/pi_jwm_formal_complete_rssm_cpu_consistency_20260905_v3,preflight,unclassified,20260831,,false,20,9293409,1788622811703189000,preflight/pi_jwm_formal_complete_rssm_cpu_consistency_20260905_v3/config.json,preflight/pi_jwm_formal_complete_rssm_cpu_consistency_20260905_v3/manifest.json,preflight/pi_jwm_formal_complete_rssm_cpu_consistency_20260905_v3/run_summary.json,preflight/pi_jwm_formal_complete_rssm_cpu_consistency_20260905_v3/manifest.json:8d8020b483090c283fa6407c1e530ffc5fa8da7c99ada48b053305a1523fd8c3;preflight/pi_jwm_formal_complete_rssm_cpu_consistency_20260905_v3/config.json:9f6a5033ef3c32f06f5eae43a4f86d44b93c37d3af6a7b0edb7c0abd6779f993;preflight/pi_jwm_formal_complete_rssm_cpu_consistency_20260905_v3/run_summary.json:5c8f7762d7b1c083eccc1d8a51fe5996fb4874326f68e8e8b493da023307c352,
preflight/pi_jwm_formal_complete_rssm_cpu_consistency_20260905_v4,preflight,unclassified,20260831,,false,20,9293551,1788622907303753400,preflight/pi_jwm_formal_complete_rssm_cpu_consistency_20260905_v4/config.json,preflight/pi_jwm_formal_complete_rssm_cpu_consistency_20260905_v4/manifest.json,preflight/pi_jwm_formal_complete_rssm_cpu_consistency_20260905_v4/run_summary.json,preflight/pi_jwm_formal_complete_rssm_cpu_consistency_20260905_v4/manifest.json:5fe9ac69112fc05a422f2fc74e820680eb05c3328bfbd27eba51804d18a42ade;preflight/pi_jwm_formal_complete_rssm_cpu_consistency_20260905_v4/config.json:2d02ed8a487955ef5e587abfdf6e3dac54363574faa5bf279aa278ea5663b5b8;preflight/pi_jwm_formal_complete_rssm_cpu_consistency_20260905_v4/run_summary.json:86ac03267379de3da8e718da473ae3bd74828e880bb502f78905b5fe111b4400,
preflight/pi_jwm_formal_complete_rssm_node_x_safe_cpu_20260906_v1,preflight,unclassified,20260831,,false,20,9302338,1788625776201358700,preflight/pi_jwm_formal_complete_rssm_node_x_safe_cpu_20260906_v1/config.json,preflight/pi_jwm_formal_complete_rssm_node_x_safe_cpu_20260906_v1/manifest.json,preflight/pi_jwm_formal_complete_rssm_node_x_safe_cpu_20260906_v1/run_summary.json,preflight/pi_jwm_formal_complete_rssm_node_x_safe_cpu_20260906_v1/manifest.json:b7e5e423850dd6c8bf50ae83ee31aa2ee8262b6a25bcef32c4b325c2a9d438a6;preflight/pi_jwm_formal_complete_rssm_node_x_safe_cpu_20260906_v1/config.json:c87761793e019a5fd5da694f87178ea15769c3b6c75536351e4a931ae3415e38;preflight/pi_jwm_formal_complete_rssm_node_x_safe_cpu_20260906_v1/run_summary.json:cb6fca16c38b762b4ea4cb18112cb2dfebab1b5e1d294ad03d6b46b6f2591168,
preflight/pi_jwm_p2_full_dual_graph_collector_v1,preflight,unclassified,0,,false,8,15483024,1786689236290070400,,preflight/pi_jwm_p2_full_dual_graph_collector_v1/manifest.json,preflight/pi_jwm_p2_full_dual_graph_collector_v1/validation_report.json,preflight/pi_jwm_p2_full_dual_graph_collector_v1/manifest.json:c8383d3bce0e1936753c38086548417d23cf61c5b46caf0bb91b0f0dc2e88770;preflight/pi_jwm_p2_full_dual_graph_collector_v1/validation_report.json:de3ba06f52b91360b6a69d02f13be0a0473e4f687d1067804fe02fcb84060eb3,
preflight/pi_jwm_p2_full_dual_graph_collector_v1_pre_portable_source_keys_fix_20260814,preflight,unclassified,0,,false,8,15484575,1786689024353929900,,preflight/pi_jwm_p2_full_dual_graph_collector_v1_pre_portable_source_keys_fix_20260814/manifest.json,preflight/pi_jwm_p2_full_dual_graph_collector_v1_pre_portable_source_keys_fix_20260814/validation_report.json,preflight/pi_jwm_p2_full_dual_graph_collector_v1_pre_portable_source_keys_fix_20260814/manifest.json:c5d94d3151cbf066bf3526326f79208f68ffcfcdddcecf10b791dca6c73f630c;preflight/pi_jwm_p2_full_dual_graph_collector_v1_pre_portable_source_keys_fix_20260814/validation_report.json:de3ba06f52b91360b6a69d02f13be0a0473e4f687d1067804fe02fcb84060eb3,
preflight/pi_jwm_p2_full_dual_graph_collector_v1_pre_source_closure_fix_20260814,preflight,unclassified,0,,false,8,15468156,1786674931556892400,,preflight/pi_jwm_p2_full_dual_graph_collector_v1_pre_source_closure_fix_20260814/manifest.json,preflight/pi_jwm_p2_full_dual_graph_collector_v1_pre_source_closure_fix_20260814/validation_report.json,preflight/pi_jwm_p2_full_dual_graph_collector_v1_pre_source_closure_fix_20260814/manifest.json:8713092bbece67b11e7858143b4795110518f6c9859f4611a0ef91e31e0ea009;preflight/pi_jwm_p2_full_dual_graph_collector_v1_pre_source_closure_fix_20260814/validation_report.json:de3ba06f52b91360b6a69d02f13be0a0473e4f687d1067804fe02fcb84060eb3,
preflight/pi_jwm_p2_full_dual_graph_collector_v2_candidate_20260814,preflight,"{""candidate_rollout_planner_complete"": false, ""final_method_frozen"": false, ""gpu_started"": false, ""locked_test_accessed"": false, ""model_training_started"": false, ""training_eligible"": false, ""v4_collector_implemented"": true, ""v4_dataset_complete"": false}",0,,false,9,14625729,1786712454071985500,,preflight/pi_jwm_p2_full_dual_graph_collector_v2_candidate_20260814/manifest.json,preflight/pi_jwm_p2_full_dual_graph_collector_v2_candidate_20260814/validation_report.json,preflight/pi_jwm_p2_full_dual_graph_collector_v2_candidate_20260814/manifest.json:0a305c0c5f0c6561b68f88d22fbb653788bc3bea47a8d0b2a0bba501bbc41320;preflight/pi_jwm_p2_full_dual_graph_collector_v2_candidate_20260814/validation_report.json:d6fba01b2e8fd51ba3fe80c23ed5e134ddb03520a433391f76ef1e236135a502,
preflight/pi_jwm_p2_multistep_collector_v1,preflight,unclassified,0,,false,8,41610,1786614219224845600,,preflight/pi_jwm_p2_multistep_collector_v1/manifest.json,preflight/pi_jwm_p2_multistep_collector_v1/validation_report.json,preflight/pi_jwm_p2_multistep_collector_v1/manifest.json:8893befc692336b6dabdd28feb94a0438748f1cc05583179008a93f5fb849664;preflight/pi_jwm_p2_multistep_collector_v1/validation_report.json:2f14791832611fbdb101f30858376cb38fe7ebd4128d70bcb52019718413761c,
preflight/pi_jwm_p2_multistep_collector_v1_pre_dependency_closure_20260813,preflight,unclassified,0,,false,8,39503,1786612484346964300,,preflight/pi_jwm_p2_multistep_collector_v1_pre_dependency_closure_20260813/manifest.json,preflight/pi_jwm_p2_multistep_collector_v1_pre_dependency_closure_20260813/validation_report.json,preflight/pi_jwm_p2_multistep_collector_v1_pre_dependency_closure_20260813/manifest.json:1fdddabeb9e5750f70c6ad0bcccdec3f20f725b4df5738f0016f92cd9065b03b;preflight/pi_jwm_p2_multistep_collector_v1_pre_dependency_closure_20260813/validation_report.json:2f14791832611fbdb101f30858376cb38fe7ebd4128d70bcb52019718413761c,
preflight/pi_jwm_p2_multistep_collector_v1_pre_latest_test_hash_refresh_20260813,preflight,unclassified,0,,false,8,39503,1786612180281501200,,preflight/pi_jwm_p2_multistep_collector_v1_pre_latest_test_hash_refresh_20260813/manifest.json,preflight/pi_jwm_p2_multistep_collector_v1_pre_latest_test_hash_refresh_20260813/validation_report.json,preflight/pi_jwm_p2_multistep_collector_v1_pre_latest_test_hash_refresh_20260813/manifest.json:37e41a78371414fa0df7e4a5be0db605717cddf07f18f1edf6787185b02a9733;preflight/pi_jwm_p2_multistep_collector_v1_pre_latest_test_hash_refresh_20260813/validation_report.json:2f14791832611fbdb101f30858376cb38fe7ebd4128d70bcb52019718413761c,
preflight/pi_jwm_p2_multistep_collector_v1_pre_runtime_closure_20260813,preflight,unclassified,0,,false,8,41307,1786613695727316800,,preflight/pi_jwm_p2_multistep_collector_v1_pre_runtime_closure_20260813/manifest.json,preflight/pi_jwm_p2_multistep_collector_v1_pre_runtime_closure_20260813/validation_report.json,preflight/pi_jwm_p2_multistep_collector_v1_pre_runtime_closure_20260813/manifest.json:8ff8741029548439946a1911d491439923cfda4ce3ef5eacf4a1722e8b4bea79;preflight/pi_jwm_p2_multistep_collector_v1_pre_runtime_closure_20260813/validation_report.json:2f14791832611fbdb101f30858376cb38fe7ebd4128d70bcb52019718413761c,
preflight/pi_jwm_p2_single_step_collector_v1,preflight,unclassified,0,,false,9,79775,1786614189641353300,,preflight/pi_jwm_p2_single_step_collector_v1/manifest.json,preflight/pi_jwm_p2_single_step_collector_v1/validation_report.json,preflight/pi_jwm_p2_single_step_collector_v1/manifest.json:07545efdeb7674bcb41c5617a2cf256ace8f2f0ce07debcd1cc83105898f7fd1;preflight/pi_jwm_p2_single_step_collector_v1/validation_report.json:29a18dbc5b76d5db481450bccd2e9bed904dab76ef17e63c3b1286f3adadaece,
preflight/pi_jwm_p2_single_step_collector_v1_pre_atomic_manifest_review,preflight,unclassified,0,,false,9,33687,1786606631675688500,,preflight/pi_jwm_p2_single_step_collector_v1_pre_atomic_manifest_review/manifest.json,preflight/pi_jwm_p2_single_step_collector_v1_pre_atomic_manifest_review/validation_report.json,preflight/pi_jwm_p2_single_step_collector_v1_pre_atomic_manifest_review/manifest.json:69dbde211232f2b2b00618710af0782e51f43ca7e8468c87f71e4e0b72480af3;preflight/pi_jwm_p2_single_step_collector_v1_pre_atomic_manifest_review/validation_report.json:b88dc7b0644815d554d43a9c15fa1905c0b08cc790175b1471eca576bd353abb,
preflight/pi_jwm_p2_single_step_collector_v1_pre_dependency_closure_20260813,preflight,unclassified,0,,false,9,78857,1786612476976609800,,preflight/pi_jwm_p2_single_step_collector_v1_pre_dependency_closure_20260813/manifest.json,preflight/pi_jwm_p2_single_step_collector_v1_pre_dependency_closure_20260813/validation_report.json,preflight/pi_jwm_p2_single_step_collector_v1_pre_dependency_closure_20260813/manifest.json:a4bf64e0b7581a27ecc8ed9548c82d1e6db0dfa570652c7c38fe8aa59aa1f419;preflight/pi_jwm_p2_single_step_collector_v1_pre_dependency_closure_20260813/validation_report.json:29a18dbc5b76d5db481450bccd2e9bed904dab76ef17e63c3b1286f3adadaece,
preflight/pi_jwm_p2_single_step_collector_v1_pre_e0_cpu_target_gate,preflight,unclassified,0,,false,9,62409,1786606965825172200,,preflight/pi_jwm_p2_single_step_collector_v1_pre_e0_cpu_target_gate/manifest.json,preflight/pi_jwm_p2_single_step_collector_v1_pre_e0_cpu_target_gate/validation_report.json,preflight/pi_jwm_p2_single_step_collector_v1_pre_e0_cpu_target_gate/manifest.json:836f927592d9f74e6c48ebdf021f2b2595646d3b26266a1c04c92de780d49b30;preflight/pi_jwm_p2_single_step_collector_v1_pre_e0_cpu_target_gate/validation_report.json:78c435399ac31cd35f08f276242f74831a69f14642fd64ebf3278b0fd4c028d8,
preflight/pi_jwm_p2_single_step_collector_v1_pre_latest_test_hash_refresh_20260813,preflight,unclassified,0,,false,9,78857,1786611263996867200,,preflight/pi_jwm_p2_single_step_collector_v1_pre_latest_test_hash_refresh_20260813/manifest.json,preflight/pi_jwm_p2_single_step_collector_v1_pre_latest_test_hash_refresh_20260813/validation_report.json,preflight/pi_jwm_p2_single_step_collector_v1_pre_latest_test_hash_refresh_20260813/manifest.json:02455b4d7ef3d8e9cb82f82de1205b2d8d683adb27c3f5d42c775a44d42c9412;preflight/pi_jwm_p2_single_step_collector_v1_pre_latest_test_hash_refresh_20260813/validation_report.json:29a18dbc5b76d5db481450bccd2e9bed904dab76ef17e63c3b1286f3adadaece,
preflight/pi_jwm_p2_single_step_collector_v1_pre_plan_sync_gate,preflight,unclassified,0,,false,9,65069,1786607112561053600,,preflight/pi_jwm_p2_single_step_collector_v1_pre_plan_sync_gate/manifest.json,preflight/pi_jwm_p2_single_step_collector_v1_pre_plan_sync_gate/validation_report.json,preflight/pi_jwm_p2_single_step_collector_v1_pre_plan_sync_gate/manifest.json:bb846533344cb9a7354023b3c25452de0c679993b0276d00874cb9af934b5888;preflight/pi_jwm_p2_single_step_collector_v1_pre_plan_sync_gate/validation_report.json:29a18dbc5b76d5db481450bccd2e9bed904dab76ef17e63c3b1286f3adadaece,
preflight/pi_jwm_p2_single_step_collector_v1_pre_runtime_closure_20260813,preflight,unclassified,0,,false,9,79472,1786613736429729400,,preflight/pi_jwm_p2_single_step_collector_v1_pre_runtime_closure_20260813/manifest.json,preflight/pi_jwm_p2_single_step_collector_v1_pre_runtime_closure_20260813/validation_report.json,preflight/pi_jwm_p2_single_step_collector_v1_pre_runtime_closure_20260813/manifest.json:f9b7f7fe3169b7a8908395f2c2b5a9981a453dce73dbc58844129000c3ef9ed9;preflight/pi_jwm_p2_single_step_collector_v1_pre_runtime_closure_20260813/validation_report.json:29a18dbc5b76d5db481450bccd2e9bed904dab76ef17e63c3b1286f3adadaece,
preflight/pi_jwm_p2_single_step_collector_v1_pre_self_review,preflight,unclassified,0,,false,9,31349,1786606448881290900,,preflight/pi_jwm_p2_single_step_collector_v1_pre_self_review/manifest.json,preflight/pi_jwm_p2_single_step_collector_v1_pre_self_review/validation_report.json,preflight/pi_jwm_p2_single_step_collector_v1_pre_self_review/manifest.json:0c8efd0cc6f385c455299e9db3d37da96a03ad9f9006eaf1d79c6fddcd7ce566;preflight/pi_jwm_p2_single_step_collector_v1_pre_self_review/validation_report.json:5cb951c04e28e112e8b4a9d69c17652d9ee9a334ea10200c8c31247ad4d9a997,
preflight/pi_jwm_p2_single_step_collector_v1_pre_single_factor_review,preflight,unclassified,0,,false,9,34503,1786606773680330800,,preflight/pi_jwm_p2_single_step_collector_v1_pre_single_factor_review/manifest.json,preflight/pi_jwm_p2_single_step_collector_v1_pre_single_factor_review/validation_report.json,preflight/pi_jwm_p2_single_step_collector_v1_pre_single_factor_review/manifest.json:e0b582c1b530125e53cc7324cf69a94a72fb8f8b8462cc53e0505af95845cdf5;preflight/pi_jwm_p2_single_step_collector_v1_pre_single_factor_review/validation_report.json:b88dc7b0644815d554d43a9c15fa1905c0b08cc790175b1471eca576bd353abb,
preflight/pi_jwm_p2_single_step_collector_v1_pre_temporal_fix_20260813,preflight,unclassified,0,,false,9,65069,1786607450558485500,,preflight/pi_jwm_p2_single_step_collector_v1_pre_temporal_fix_20260813/manifest.json,preflight/pi_jwm_p2_single_step_collector_v1_pre_temporal_fix_20260813/validation_report.json,preflight/pi_jwm_p2_single_step_collector_v1_pre_temporal_fix_20260813/manifest.json:bb846533344cb9a7354023b3c25452de0c679993b0276d00874cb9af934b5888;preflight/pi_jwm_p2_single_step_collector_v1_pre_temporal_fix_20260813/validation_report.json:29a18dbc5b76d5db481450bccd2e9bed904dab76ef17e63c3b1286f3adadaece,
preflight/pi_jwm_p4_edge_feedback_gru_input_cpu_micro_20260830,preflight,unclassified,20260831,,false,19,9390240,1788104244995220700,preflight/pi_jwm_p4_edge_feedback_gru_input_cpu_micro_20260830/config.json,preflight/pi_jwm_p4_edge_feedback_gru_input_cpu_micro_20260830/manifest.json,preflight/pi_jwm_p4_edge_feedback_gru_input_cpu_micro_20260830/run_summary.json,preflight/pi_jwm_p4_edge_feedback_gru_input_cpu_micro_20260830/manifest.json:ecdab93e39e3eb7e0aaca829164e0001bc59c898bd1d02b0bcfb3ca20e52dc54;preflight/pi_jwm_p4_edge_feedback_gru_input_cpu_micro_20260830/config.json:76232165d431d988a5545fea94aa721f133f4c67248aacd44d6a2609a2b45335;preflight/pi_jwm_p4_edge_feedback_gru_input_cpu_micro_20260830/run_summary.json:98942151d7934713236d1cdd34c9905441f578d4231986206f88804f90422717,
preflight/pi_jwm_r3_cpu_preflight_v1,preflight,computed,,zero_state,false,9,489843,1785819591770435600,,preflight/pi_jwm_r3_cpu_preflight_v1/manifest.json,,preflight/pi_jwm_r3_cpu_preflight_v1/manifest.json:e4dfba835dadd22288ba3dfe8279dd11cf2d4069f02865b22d08bb47b6acee1d,
preflight/pi_jwm_r3_cpu_preflight_v1_reaudit_candidate,preflight,computed,,zero_state,false,9,489843,1785819591770435600,,preflight/pi_jwm_r3_cpu_preflight_v1_reaudit_candidate/manifest.json,,preflight/pi_jwm_r3_cpu_preflight_v1_reaudit_candidate/manifest.json:e4dfba835dadd22288ba3dfe8279dd11cf2d4069f02865b22d08bb47b6acee1d,
preflight/pi_jwm_r4_cpu_preflight_v1,preflight,reference,20260804,reference,false,21,3093845,1785848132693395100,,preflight/pi_jwm_r4_cpu_preflight_v1/manifest.json,,preflight/pi_jwm_r4_cpu_preflight_v1/manifest.json:93b70cc5785dfdce5f8871411437238a04533deb5ffe01f9aa63daed0a677e70,
preflight/pi_jwm_r4_cpu_preflight_v1_failed_20260804,preflight,reference,20260804,reference,false,18,2322337,1785847033875471400,,preflight/pi_jwm_r4_cpu_preflight_v1_failed_20260804/manifest.json,,preflight/pi_jwm_r4_cpu_preflight_v1_failed_20260804/manifest.json:bbdf4df5fe5dbd0eda8a1fc280e2f8c5e7c6ecdbfd97fa0618885c68d1011689,
preflight/pi_jwm_r4_cpu_preflight_v1_failed_20260804_run2,preflight,reference,20260804,reference,false,20,2839031,1785847808053599700,,preflight/pi_jwm_r4_cpu_preflight_v1_failed_20260804_run2/manifest.json,,preflight/pi_jwm_r4_cpu_preflight_v1_failed_20260804_run2/manifest.json:daeb01f23aa9568936839e7f744a717a28e2e8fd6343a226782016a7020750c8,
preflight/pi_jwm_r5_cpu_preflight_v1,preflight,computed,20260803,,false,27,4772425,1785920829186940100,,preflight/pi_jwm_r5_cpu_preflight_v1/manifest.json,preflight/pi_jwm_r5_cpu_preflight_v1/protocol.json,preflight/pi_jwm_r5_cpu_preflight_v1/manifest.json:58287ad7bd3e7722d71e93e428275d98f06fc02d01985be022f462127f80d352;preflight/pi_jwm_r5_cpu_preflight_v1/protocol.json:f3b5eba5e52371934de7a2a2e272df652d0d42b1b23ac45c40ec4ee09f81441c,
preflight/pi_jwm_r5_module_confirmation_audit_v1,preflight,unclassified,,,false,2,5115,1785990945054462500,,preflight/pi_jwm_r5_module_confirmation_audit_v1/manifest.json,,preflight/pi_jwm_r5_module_confirmation_audit_v1/manifest.json:d5c1a4662651e6264f3e15eb84a8f4dfcf9cb154b6ea8c0a74ed7a673951215b,
preflight/pi_jwm_r5_module_confirmation_v1,preflight,unclassified,20260803,,false,5,4649,1785982048173868500,,preflight/pi_jwm_r5_module_confirmation_v1/manifest.json,,preflight/pi_jwm_r5_module_confirmation_v1/manifest.json:65913852f712ae9f841a2ac0ccd2627f72dd1cbad14675185cea65145b1fe918,
preflight/pi_jwm_r5_module_confirmation_v2,preflight,unclassified,20260803,,false,5,8290,1785989811079537900,,preflight/pi_jwm_r5_module_confirmation_v2/manifest.json,,preflight/pi_jwm_r5_module_confirmation_v2/manifest.json:26523d36cef390520e5501f079ebf785863e0e76b94e1749c7e0eb0272bce2b5,
preflight/pi_jwm_r6_joint_policy_gpu_readiness_v1,preflight,unclassified,20260803,actor_critic,false,7,25776,1786181130764917400,,preflight/pi_jwm_r6_joint_policy_gpu_readiness_v1/manifest.json,,preflight/pi_jwm_r6_joint_policy_gpu_readiness_v1/manifest.json:32ace017c481679bb99763d17a3a588f1e44c007dee6f16f660d9420d4584af8,
preflight/pi_jwm_r6_launcher_dry_run_v1,preflight,unclassified,,,false,1,9076,1786207155830133900,,,,,
preflight/pi_jwm_r6_launcher_stage1_dry_run_v1,preflight,unclassified,,,false,1,10248,1786208071240452700,,,,,
preflight/pi_jwm_r6_learning_policy_cpu_preflight_v1,preflight,unclassified,,,false,8,5442,1786165492928696900,,preflight/pi_jwm_r6_learning_policy_cpu_preflight_v1/manifest.json,,preflight/pi_jwm_r6_learning_policy_cpu_preflight_v1/manifest.json:c2b71a5537f1997b59be30d3cd399f4ae951bc3af60734b1ad5cd7b67bdf9334,
preflight/pi_jwm_r6_online_32step_benchmark_v1,preflight,complete,,,false,5,29903,1786206607954927400,,,,,
preflight/pi_jwm_r6_online_32step_benchmark_v2,preflight,complete,,,false,6,101468,1786207271236963600,,,,,
preflight/pi_jwm_r6_online_closed_loop_smoke_v1,preflight,unclassified,,,,0,0,1786205885343598700,,,,,
preflight/pi_jwm_r6_online_closed_loop_smoke_v2,preflight,unclassified,,,,0,0,1786206090512487000,,,,,
preflight/pi_jwm_r6_online_closed_loop_smoke_v3,preflight,unclassified,,,,0,0,1786206152667149900,,,,,
preflight/pi_jwm_r6_online_closed_loop_smoke_v4,preflight,complete,,,false,5,26368,1786206283113306500,,,,,
preflight/pi_jwm_r6_online_gpu_readiness_v2,preflight,rejected; formal route uses live AirFogSim state and feedback,20260803,actor_critic,false,2,15780,1786208070996048400,,,,,
preflight/pi_jwm_r6_online_six_mode_smoke_v1,preflight,complete,,,false,25,126519,1786206529965244500,,,,,
preflight/pi_jwm_r6_resume_smoke_v1,preflight,complete,,,false,6,98843,1786206844181171700,,,,,
preflight/pi_jwm_r6_reward_surrogate_v1,preflight,unclassified,,,false,4,204595,1786203914422941600,,preflight/pi_jwm_r6_reward_surrogate_v1/manifest.json,,preflight/pi_jwm_r6_reward_surrogate_v1/manifest.json:5a976465d83a869d36b886c13403b49d587a048aedf2fad27dde17a42161effc,
preflight/pi_jwm_r6_validation_gate_smoke_v1,preflight,complete,,,false,8,123312,1786206886175992600,,,,,
protocol/pi_jwm_p4_entity_rssm_frozen_protocol_20260906_v1,protocol,ready_for_gpu_batch_probe,20260831,entity_aligned_dual_graph_rssm_v1,false,2,4417,1788676300843114100,,protocol/pi_jwm_p4_entity_rssm_frozen_protocol_20260906_v1/manifest.json,protocol/pi_jwm_p4_entity_rssm_frozen_protocol_20260906_v1/protocol.json,protocol/pi_jwm_p4_entity_rssm_frozen_protocol_20260906_v1/manifest.json:06f8aca891897fdf9128574f438628500d628894760f98d8eda6c127624cd674;protocol/pi_jwm_p4_entity_rssm_frozen_protocol_20260906_v1/protocol.json:13691c23e89587186d965a80c82fb26aacc274124794e9b419e40636100f63d6,
protocol/pi_jwm_p4_entity_rssm_frozen_protocol_20260906_v2,protocol,ready_for_gpu_batch_probe,20260831,entity_aligned_dual_graph_rssm_v1,false,2,4417,1788676601375904000,,protocol/pi_jwm_p4_entity_rssm_frozen_protocol_20260906_v2/manifest.json,protocol/pi_jwm_p4_entity_rssm_frozen_protocol_20260906_v2/protocol.json,protocol/pi_jwm_p4_entity_rssm_frozen_protocol_20260906_v2/manifest.json:95d1cb9397743240c7fd987db9ec1d63cc9776c7ea0aab41a272c05ce5ee64d1;protocol/pi_jwm_p4_entity_rssm_frozen_protocol_20260906_v2/protocol.json:804111ce68d8955520b73089a5d34bf630e10d842debe33cfde21dc68a4c9365,
protocols/pi_jwm_p4_complete_rssm_gpu_protocol_20260905,protocols,ready_for_gpu_sentinel,20260831,complete_rssm_dual_graph_v1,false,1,2302,1788619785234584700,,,protocols/pi_jwm_p4_complete_rssm_gpu_protocol_20260905/protocol.json,protocols/pi_jwm_p4_complete_rssm_gpu_protocol_20260905/protocol.json:bed4b492132ded7c3300ef13ca6c2e8df36e069f46c4bb0e3352b456a3e36fbf,
protocols/pi_jwm_p4_complete_rssm_gpu_protocol_20260905_v2,protocols,ready_for_gpu_sentinel,20260831,complete_rssm_dual_graph_v1,false,1,2539,1788621368627229700,,,protocols/pi_jwm_p4_complete_rssm_gpu_protocol_20260905_v2/protocol.json,protocols/pi_jwm_p4_complete_rssm_gpu_protocol_20260905_v2/protocol.json:a3dd04f4baf0424cb3fd97e17ae51715a5329fb977febea88c3d23405edba823,
protocols/pi_jwm_p4_complete_rssm_gpu_protocol_20260905_v3,protocols,ready_for_gpu_sentinel,20260831,complete_rssm_dual_graph_v1,false,1,2576,1788622945087425800,,,protocols/pi_jwm_p4_complete_rssm_gpu_protocol_20260905_v3/protocol.json,protocols/pi_jwm_p4_complete_rssm_gpu_protocol_20260905_v3/protocol.json:8ec80682e3bc1cf812d6325675b7b7f04c57d0c3dda2b957efc0e220a97ec246,
protocols/pi_jwm_p4_complete_rssm_node_x_safe_protocol_20260906_v1,protocols,ready_for_protocol_freeze,20260831,complete_rssm_node_x_safe_dual_graph_v1,false,1,3476,1788626051850558800,,,protocols/pi_jwm_p4_complete_rssm_node_x_safe_protocol_20260906_v1/protocol.json,protocols/pi_jwm_p4_complete_rssm_node_x_safe_protocol_20260906_v1/protocol.json:a93b1499a8decfdb6d015c5bd1eb2467d7045fc40a5c75bde8b5828bc63951f5,
protocols/pi_jwm_p4_edge_feedback_gru_input_gpu_protocol_20260831,protocols,sentinel_authorized_by_user,,coupled_dual_gnn_residual,false,1,3225,1788173333162661700,,,protocols/pi_jwm_p4_edge_feedback_gru_input_gpu_protocol_20260831/protocol.json,protocols/pi_jwm_p4_edge_feedback_gru_input_gpu_protocol_20260831/protocol.json:1c0738840a822a68007f3653d7e57e2d68b1d79463094411b6ded57d0879fab3,
protocols/pi_jwm_r6_reward_protocol_v1,protocols,unclassified,,,false,3,1806,1786172362224968900,,protocols/pi_jwm_r6_reward_protocol_v1/manifest.json,,protocols/pi_jwm_r6_reward_protocol_v1/manifest.json:927a10532efccca9f33850c80f9a7ea669bfcc126a845b814aacdceef8996e46,
reports/governance_verification_20260711,reports,unclassified,,,,8,194890,1783786264608671500,,,,,
reports/pi_jwm_energy_reward_diagnostic_20260713,reports,unclassified,,,,22,471265,1783940743787580000,,,,,
reports/pi_jwm_energy_reward_horizon_study_20260713,reports,unclassified,,,,54,2203267,1784187683859877300,,,,,
reports/pi_jwm_v11_candidate_benefit_identifiability_20260718,reports,unclassified,,,,93,1333099,1784360857076759000,,,,,
reports/pi_jwm_v11_candidate_benefit_identifiability_20260720,reports,unclassified,,,,11,590924,1784518983837452000,,,,,
reports/pi_jwm_v11_gpu_handoff_20260719,reports,passed,17,,,13,332727,1784484359785499400,,,,,
reports/pi_jwm_v11_gpu_handoff_20260720,reports,unclassified,,,,3,37094,1784523853266261000,,,,,
reports/pi_jwm_v11_objective_aligned_local_smoke64_20260718,reports,unclassified,17,objective_aligned_opportunity_benefit_selector,,8,66826,1784351083863769900,,,,,
reports/pi_jwm_v11_objective_aligned_optional_smoke64_20260718,reports,unclassified,17,objective_aligned_opportunity_benefit_selector,,10,73618,1784351852024209600,,,,,
reports/pi_jwm_v11_objective_aligned_selector_20260718,reports,unclassified,,,,59,10177301,1784354429873950500,,,,,
reports/pi_jwm_v11_physical_benefit_bridge_20260719,reports,physical_bridge_not_identifiable,,,,147,1421557789,1784481175575496700,,,,,
reports/pi_jwm_v11_schema6_edge_step_interactions_20260718,reports,unclassified,,,,65,10008684,1784389258032764400,,,,,
reports/pi_jwm_v11_selector_finalization_20260719,reports,unclassified,18,v11,,261,131744962,1784523974735336800,,,,,
reports/pi_jwm_v11_selector_helper_seed_crossfit_20260719,reports,completed,,v11,,188,519125326,1784459077392569500,,,,,
reports/pi_jwm_v11_selector_refinement_20260717,reports,unclassified,,v11,,99,123414108,1784214544973355200,,,,,
reports/pi_jwm_v11_temporal_candidate_protocol_20260719,reports,ready_for_formal_label_generation,,,,94,2170191,1784472624005789800,,,,,
reports/ppt_v11_candidate_20260629,reports,ok,,rollout_reward_pairwise_gb_identity_gate_p0p5,,2,26065,1782745200954670700,,,,,
reports/strategy_value_research_20260620,reports,unclassified,,,,10,31928,1781953338618063900,,,,,
reports/v11_candidate_subgroup_refresh_20260621,reports,unclassified,,v11,,10,42929,1782042485102088000,,,,,
reports/v11_counterfactual_value_attribution_20260621,reports,unclassified,,v11,,7,60985,1782044293733466300,,,,,
reports/v11_counterfactual_value_attribution_adaptive_20260621,reports,unclassified,,v11,,7,61861,1782045179383437300,,,,,
reports/v11_cpu_multi_scheme_20260621,reports,unclassified,,,,36,69636,1782025930504424000,,,,,
reports/v11_next_plan_20260620,reports,unclassified,,,,12,44210,1781971570279434400,,,,,
reports/v11_policy_direction_review_20260621,reports,unclassified,,,,5,29478,1782012773505902300,,,,,
reports/v11_rb_total_code_audit_and_broad_research_20260622,reports,unclassified,,,,10,94187,1782106583677979600,,,,,
reports/v11_rb_total_method_literature_20260621,reports,unclassified,,,,7,27825,1782048104133497300,,,,,
reports/v11_strategy_refresh_20260621,reports,unclassified,,,,1,12145,1782040446667559000,,,,,
reports/v11_strategy_reset_after_review_20260621,reports,unclassified,,,,1,7524,1782043490302998400,,,,,
reports/v11_value_calibrator_drift_cpu_bc128_e2_20260621,reports,unclassified,,,,12,18112,1782038443959634700,,,,,
reports/v11_value_calibrator_drift_gpu512_e2_20260621,reports,unclassified,,,,12,18139,1782038313426538400,,,,,
research_notes/2026-07-26_framework_research,research_notes,unclassified,,,,3,26066,1785047460021336600,,,,,
small_experiments/exp00_strict_dual_graph_validity,small_experiments,unclassified,,,,10,344136,1785049782063956300,,,small_experiments/exp00_strict_dual_graph_validity/validation_report.json,small_experiments/exp00_strict_dual_graph_validity/validation_report.json:fee19f0c9a9afd86ca334931e08c4f25bf583ed7e7dd3c411dd27012cad6d94d,
small_experiments/exp01_data_contract_field_audit,small_experiments,unclassified,,,,10,49414,1785055450500639100,,,small_experiments/exp01_data_contract_field_audit/validation_report.json,small_experiments/exp01_data_contract_field_audit/validation_report.json:f302aebcba33c0c357f3322be9c52015a1a58fc06f331576841a7249ebacc96d,
small_experiments/exp02_airfogsim_strict_dual_graph,small_experiments,unclassified,,,,47,699535,1785066804608282800,,,,,
small_experiments/exp03_05_training_preflight,small_experiments,unclassified,,,,4,17724,1785069892268343800,,,,,
small_experiments/exp03_airfogsim_cross_graph_evidence,small_experiments,unclassified,,,,36,1452954,1785077341955512600,,,,,
small_experiments/exp04_task_resource_conservation,small_experiments,unclassified,,,,30,1494808,1785077815830007400,,,,,
small_experiments/exp05_paired_action_sensitivity,small_experiments,unclassified,,,,24,1147266,1785077458884325600,,,,,
small_experiments/exp06_airfogsim_dual_graph_v2,small_experiments,unclassified,,,,46,36052391,1785504338187312900,,,,,
small_experiments/exp07_airfogsim_tensor_smoke_v2,small_experiments,unclassified,,,,7,52683,1785518325111288900,small_experiments/exp07_airfogsim_tensor_smoke_v2/config.json,small_experiments/exp07_airfogsim_tensor_smoke_v2/manifest.json,small_experiments/exp07_airfogsim_tensor_smoke_v2/config.json,small_experiments/exp07_airfogsim_tensor_smoke_v2/manifest.json:4631db7cf2e8fc2c8ec366c0d16d6d97294b70e390514070f73b1f5adff2f21e;small_experiments/exp07_airfogsim_tensor_smoke_v2/config.json:ab4cf93814a08857b2a402608b16b7249e27a8aac851df3e2b66c50ba869803b,
small_experiments/exp08_airfogsim_sparse_event_diagnostic_v2,small_experiments,unclassified,,,,10,162734,1785551015757563900,small_experiments/exp08_airfogsim_sparse_event_diagnostic_v2/config.json,small_experiments/exp08_airfogsim_sparse_event_diagnostic_v2/manifest.json,small_experiments/exp08_airfogsim_sparse_event_diagnostic_v2/config.json,small_experiments/exp08_airfogsim_sparse_event_diagnostic_v2/manifest.json:1c083c078ce8569d8de9aa38117a157383f51648883e27daa8464585395f8fea;small_experiments/exp08_airfogsim_sparse_event_diagnostic_v2/config.json:59c6be65354b91a790363880b4952b270ef744291247e13264b3b77dc5b94e9d,
small_experiments/exp_formal_directed_dynamic_v2_1_cpu_smoke_8eac4e9,small_experiments,unclassified,20260802,,false,19,2638080,1785679022902611800,small_experiments/exp_formal_directed_dynamic_v2_1_cpu_smoke_8eac4e9/config.json,small_experiments/exp_formal_directed_dynamic_v2_1_cpu_smoke_8eac4e9/manifest.json,small_experiments/exp_formal_directed_dynamic_v2_1_cpu_smoke_8eac4e9/run_summary.json,small_experiments/exp_formal_directed_dynamic_v2_1_cpu_smoke_8eac4e9/manifest.json:c9df97b18728bacf0d6e8df6a406b83da6195eae49cec9037d7d8410aaaaa77d;small_experiments/exp_formal_directed_dynamic_v2_1_cpu_smoke_8eac4e9/config.json:099c390373ce97fce6ec3846b775bd5f992d67e9cb9bcd47f258aa535c47a9c5;small_experiments/exp_formal_directed_dynamic_v2_1_cpu_smoke_8eac4e9/run_summary.json:67f05c5f515fde5ce7fcffb9c961042bbe0ea4b464283926d0b0e1468e2f1884,
small_experiments/exp_formal_directed_dynamic_v2_cpu_smoke_99c8d68,small_experiments,unclassified,20260802,,false,19,2638069,1785678466144696800,small_experiments/exp_formal_directed_dynamic_v2_cpu_smoke_99c8d68/config.json,small_experiments/exp_formal_directed_dynamic_v2_cpu_smoke_99c8d68/manifest.json,small_experiments/exp_formal_directed_dynamic_v2_cpu_smoke_99c8d68/run_summary.json,small_experiments/exp_formal_directed_dynamic_v2_cpu_smoke_99c8d68/manifest.json:7f778b66913f01386170ab1b1943bebc6e64bcfb122c3bc0221399d9d63680da;small_experiments/exp_formal_directed_dynamic_v2_cpu_smoke_99c8d68/config.json:1b169268bc50a55e98a58c57ac839ba02ea98cd7ab6c888e0f475b03244fcd80;small_experiments/exp_formal_directed_dynamic_v2_cpu_smoke_99c8d68/run_summary.json:c4665c1ec408f53ecbada10336ae17b1eaa5c01c83365f207e5b5888807708bd,
small_experiments/exp_formal_directed_dynamic_v2_cpu_smoke_c8805e4,small_experiments,unclassified,20260802,,false,19,2637328,1785677116930954600,small_experiments/exp_formal_directed_dynamic_v2_cpu_smoke_c8805e4/config.json,small_experiments/exp_formal_directed_dynamic_v2_cpu_smoke_c8805e4/manifest.json,small_experiments/exp_formal_directed_dynamic_v2_cpu_smoke_c8805e4/run_summary.json,small_experiments/exp_formal_directed_dynamic_v2_cpu_smoke_c8805e4/manifest.json:f808fe8520aeda72259e005c32c1440e5a6b10ec0323b972ec9a236e075002e1;small_experiments/exp_formal_directed_dynamic_v2_cpu_smoke_c8805e4/config.json:f1d9d97add2aede1ede7766b371f232d9f5ca7efa6141fcfe6ed4ee8fe71201b;small_experiments/exp_formal_directed_dynamic_v2_cpu_smoke_c8805e4/run_summary.json:d20ccaddb899b8d0972bcf0784e4afe4ec4fbeaeae5bb41af094e8479a685c88,
small_experiments/exp_formal_dual_graph_cpu_v1,small_experiments,unclassified,,,,44,7727845,1785603902575753600,,,,,
