path,size_bytes,sha256,category,lifecycle_status,evidence_role
.gitattributes,213,7b1560e99c78893516f61587fbc92b1f02c9d1b41d5121409fc51dbabc022c27,project_file,support,support
.gitignore,963,a7153efc53568c63009fcb59cabd5ff731d30d7d8df5dcb0e017b05b2d341e7e,project_file,support,support
AGENTS.md,21377,b86a585628b625b8bb0afaaf670e2a5c63b14fed7e2e6b03925695808383e873,governance,current,authority
AI_CONTEXT/00_PROJECT_STATE.md,4862,ff6ce95e6f032a3e68a3791c6741e53a450b48d37a90bc26ed5ec43afb151aff,project_file,support,support
AI_CONTEXT/01_RESEARCH_CONTEXT.md,3523,21af9e438cc9528237c44e81e37ed425198396715b5ced20ee75ad5fc1edec62,project_file,support,support
AI_CONTEXT/02_ARCHITECTURE.md,4550,b5e262f19aec8124ac8f4ef9618cfea99fe11aa5dbaeba1dee16381ccdb20876,project_file,support,support
AI_CONTEXT/03_DATA_FLOW.md,5686,c6a7d170d74c8d76a5412f5b7a6daa3a97869c3ff45c669de36c31cdb71a1897,project_file,support,support
AI_CONTEXT/04_MODULE_MAP.md,4755,6d5793a601744bc5eb7b6122d10bbb23ceb78be516f50c5574aad5deec0737de,project_file,support,support
AI_CONTEXT/05_EXPERIMENTS.md,4126,2dcf4c2686bc1c22ebdb2ed95003970125ed97f8ba8f344e5ae26fec20d76567,project_file,support,support
AI_CONTEXT/06_DECISIONS.md,4625,78ba266825fd40573af32cfdc8da835d4ffc9b3d3d9687823e695cfe969704b2,project_file,support,support
AI_CONTEXT/07_KNOWN_ISSUES.md,5922,8436bbfc445ab343d99236513f87d9e515bf5660ecefbfc806768b608a35febd,project_file,support,support
AI_CONTEXT/08_CHANGELOG.md,3789,4f93d5b83ffdf87fd4c9d4ee4029624dc687546c8ae765847a908b21481450ea,project_file,support,support
PROJECT_CONTEXT.md,28080,94ad4fe8aafffb3b53a1693699bbe5417d14f162f39abc5a37eb1fd62d25bb69,documentation,current,navigation
README.md,6524,e1bbcb7c962127e60c013d88d638500228d0e44cd9a4093b984381f0603c8d62,documentation,current,navigation
code/artifacts/README.md,4016,e325f9f202fde31cc831ee9f795d39e912017dbeb5ecd91e84e70e3dab9dff8f,artifact_metadata,support,machine_evidence_index
code/artifacts/audit/pi_jwm_new_definition_step01_20260918/cpu_existing_tests.json,525,08f494650b4c983e856b028fb71ed0dd07a9ae89e57c30fe5f2438236de36958,artifact_metadata,support,machine_evidence_index
code/artifacts/audit/pi_jwm_new_definition_step01_20260918/cpu_existing_tests.log,9960,a6b58d87fc4b79a83741ddc834ceb48108432d5cfb2872c7aa606a033eb03478,artifact_metadata,support,machine_evidence_index
code/artifacts/audit/pi_jwm_new_definition_step01_20260918/initial_snapshot.json,79145,e9b4fc5e4877212ee261e094032afc06dec9f6f520ce67cdc1c597df1c4a6fb7,artifact_metadata,support,machine_evidence_index
code/artifacts/manifests/quarantined_experiments.csv,5019,bce4c04429a27acb0e2c6baf8f3b4dd578a76ed810930ef08fac3f8db2dcfd13,artifact_metadata,support,machine_evidence_index
code/artifacts/manifests/referenced_paths.txt,22336,364f88a14b2ba7745603e9e44a17d0b7fd9f4f670ef5c032dbff7774d72181a5,artifact_metadata,support,machine_evidence_index
code/artifacts/manifests/retained_experiments.csv,99864,cd4d0702f8051ff16a1306002208153514a79530bfbcc00df7ab897d753185a1,artifact_metadata,support,machine_evidence_index
code/artifacts/protocols/pi_jwm_communication_outcome_semantics_v1_20260919/manifest.json,2251,4e6a92662be582a7fa787231fd4e40a7444262d6536aec08aac2a73be5b9f582,artifact_metadata,support,machine_evidence_index
code/artifacts/protocols/pi_jwm_communication_outcome_semantics_v1_20260919/real_communication_outcome_semantics.json,1825576,91c88796d34b4fce3c10f3ee5b040891766031376e46e659446c470879bc686f,artifact_metadata,support,machine_evidence_index
code/artifacts/protocols/pi_jwm_model_ready_sample_v1_20260919/manifest.json,2128,e39afcc6bc1c35769df399e72ae226885eb9be390626d0d1684a12ed5117c02e,artifact_metadata,support,machine_evidence_index
code/artifacts/protocols/pi_jwm_model_ready_sample_v1_20260919/model_ready_sample.json,37661,a71c1cc060cc61b4791e7083e33430e6ece0f33960e1e597941e6587c15f69b6,artifact_metadata,support,machine_evidence_index
code/artifacts/protocols/pi_jwm_raw_contract_causal_complete_v2_20260919/manifest.json,2165,b6b09f0eaa298f9208b132027af379cf60bfdc691fd2dbe9fabef79f4327d590,artifact_metadata,support,machine_evidence_index
code/artifacts/protocols/pi_jwm_raw_contract_causal_complete_v2_20260919/real_raw_contract_finalization.json,2479541,d2422e9c69f3c68c177f36e4eb93cb709d6e873cc4665ac52bc0efc129b04e26,artifact_metadata,support,machine_evidence_index
code/artifacts/protocols/pi_jwm_raw_multi_decision_step_real_airfogsim_v2_20260919/manifest.json,2364,d0aead5c6aff348fda42d2a8b63741787c6951ebf73352336b74d0bc7a35f447,artifact_metadata,support,machine_evidence_index
code/artifacts/protocols/pi_jwm_raw_multi_decision_step_real_airfogsim_v2_20260919/real_multi_step.json,154664,0879c649933bcded25d8a2f024dbb2cad96b63fde17513807dbe935c3494272f,artifact_metadata,support,machine_evidence_index
code/artifacts/protocols/pi_jwm_raw_single_decision_step_contract_v1_20260918/contract.json,2281,2d30f603501334abb844a6c4ebf97145a1f4e019c86d0a4f8f5ea02b01b6150a,artifact_metadata,support,machine_evidence_index
code/artifacts/protocols/pi_jwm_raw_single_decision_step_contract_v1_20260918/historical_real_evidence.json,559,ef09b810bf5c4e070bd2538708a3c826d4a1647225884bb0e9a31b23f345a3f2,artifact_metadata,support,machine_evidence_index
code/artifacts/protocols/pi_jwm_raw_single_decision_step_contract_v1_20260918/minimum_closure.json,411,e7691138348296c26d0dc01f717b33b7fc772615a3bc489dcb6a5c22ae5c3353,artifact_metadata,support,machine_evidence_index
code/artifacts/protocols/pi_jwm_raw_single_decision_step_contract_v1_20260918/validation_summary.json,270,227ae1c7e15eca87ea10df258e728bbaa8c4745294e172ad95e386b37a45c549,artifact_metadata,support,machine_evidence_index
code/artifacts/protocols/pi_jwm_raw_single_decision_step_real_airfogsim_v4_20260919/manifest.json,1632,0028136ce35741969712473506827d7d5bc1c221c4feb604e63330e85e9eba08,artifact_metadata,support,machine_evidence_index
code/artifacts/protocols/pi_jwm_raw_single_decision_step_real_airfogsim_v4_20260919/real_single_step.json,29378,7f1718eaf2e0bf072a2c225750868db2bc793e6f6e1c9536810b4f3070bb0daf,artifact_metadata,support,machine_evidence_index
code/artifacts/reports/pi_jwm_v11_selector_finalization_20260719/findings.md,9965,7e3616fd049a77881aefdd3f504cfdbfb0a79e84925a00b13a2687b5068771bd,artifact_metadata,support,machine_evidence_index
code/artifacts/reports/pi_jwm_v11_selector_finalization_20260719/literature_method_map.md,5847,55b041c6dcea844b5cc13d4b1a94650b37201642a9533d725ee808efd1dac36d,artifact_metadata,support,machine_evidence_index
code/artifacts/reports/pi_jwm_v11_selector_finalization_20260719/progress.md,8898,637a6832a5161efb22395f69f325c2639aa1698db2326421c71c5e20cae06000,artifact_metadata,support,machine_evidence_index
code/artifacts/reports/pi_jwm_v11_selector_finalization_20260719/task_plan.md,4605,6ba589cfd0a66910dedd2d746c8afec2a49081b9ebfd31b5de18b6cecd10bf3b,artifact_metadata,support,machine_evidence_index
code/reference/README.md,677,e8b4516c2362bf0e9ae8efe96bcdbb30189fad9ee96ce5ec7b7edab83b644eb5,project_file,support,support
code/requirements-core.txt,27,fadcf3d2e4031ac6a7d58a5edd3c9e892fa9b6caabde5e13c1b385d07a77ced9,project_file,support,support
code/requirements-experiments.txt,77,ce0f9c7c7b5382216176127541e7f33eb1b283510edc79d0c27d7892be487de7,project_file,support,support
code/scripts/README.md,1263,b141de3ffb4eaa168f1ff2dc31add112ca45e0668e18a448cf320efdb41fb2b8,runnable_script,support,execution_entry
code/scripts/analyze_pi_jwm_horizon_stage_diagnostic.py,15930,d4637ca958dc2ab737bd08f4257d5548916064d1f7b3cf602fb5ed22bb2e4088,runnable_script,support,execution_entry
code/scripts/analyze_r5_module_confirmation.py,12464,e924171555d1ec9dc46130ffbe225f9d2f2e4da0efb4c344419bd16ffd8a70eb,runnable_script,historical,execution_entry
code/scripts/analyze_r5_multi_seed.py,4229,44a687dc4b3fc4de6f0b6af26e31cef7eb2d206068511cc227d52d6b8b61f364,runnable_script,historical,execution_entry
code/scripts/analyze_r6_10k_gate.py,3226,993b634e5a5ebb92060fc7b4249202b4e2cfa27ba7400f8fbba03cde1f52880b,runnable_script,historical,execution_entry
code/scripts/analyze_v11_coupled_token_policy.py,13961,0a5663de653be4834c28e1d8299bff2dd1125a88706202b2c8f004956d8419aa,runnable_script,historical,execution_entry
code/scripts/analyze_v11_discrete_policy.py,4898,2bd2484431eb1047c08e301cfbf19cb9c686784b102d0a7441801e03abfe6ee5,runnable_script,historical,execution_entry
code/scripts/analyze_v11_policy_action_proxy.py,31444,75ba5eb2b62864f23c99fdd5be7b6d8aee7ab1c1c07c845cbe8c73a0c2c5b8c0,runnable_script,historical,execution_entry
code/scripts/analyze_v11_strategy_selector.py,8305,9902e5a5792936a3c580af47735a82b8787de52eb818ec27c0150ac70c5b4e21,runnable_script,historical,execution_entry
code/scripts/analyze_v8_active_rate_errors.py,22446,6192bd7fcc91c33b28ae6a84b8bc32509fed3b146bdfd0beefb5ecce6fc2e8a2,runnable_script,historical,execution_entry
code/scripts/audit_information_edge_contract_v4.py,28119,1bdf9c991766d3e99a609ef99967e1b36f3e4a18211ff6bc121c717d4520a8c2,runnable_script,support,execution_entry
code/scripts/audit_r5_module_confirmation_readiness.py,13045,d5a78761d7175b07b4b78b4428c1f427dcee455026e679a85d5acf0ee10fbfaa,runnable_script,support,execution_entry
code/scripts/audit_repository_layout_migration.py,15887,9e96f61a57423d72f14848444451a2b551ae6c4a273dbd9f3780c2dc96f3115d,runnable_script,support,execution_entry
code/scripts/audit_temporal_candidate_protocol.py,9771,ce0949bf15749aed300567e4133efc4771d0fdf9a2b8eebcc4093a11026d544c,runnable_script,support,execution_entry
code/scripts/audit_v11_candidate_benefit_identifiability.py,30224,e61f54fb000c96acc52d208bc8f56e6dcf863dd18da8368e6122af6a0171acd0,runnable_script,historical,execution_entry
code/scripts/audit_v11_crossfit_candidate_shift.py,9193,efac3c552b13462acd020012ef14ef87ff5f7c9ae3c978d72ccf43a3828d1c7f,runnable_script,historical,execution_entry
code/scripts/audit_v11_foundation_phase0_2.py,27846,d952111ca6e23be771cf33e826def7e792c82768f085ca737e561f93f95ef0b8,runnable_script,historical,execution_entry
code/scripts/audit_v11_gpu_handoff.py,16631,3544c1dfbe11ffc078d22b6d3e6733427f7fbb16391f9fe64d8e81b1acf750fc,runnable_script,historical,execution_entry
code/scripts/audit_v11_selector_physical_safety.py,5422,b6cf3f36a8eaac4f6c7222e7aae8398fa5d36512bb54cfcd0a183786bfd0cb45,runnable_script,historical,execution_entry
code/scripts/build_action_proxy_v0.py,11181,480ec3da1b1cd3f6e3ae6a76545bacc52bd01a76bcb3515ea734ed1aafb7899a,runnable_script,support,execution_entry
code/scripts/build_airfogsim_multiseed_v2.py,18129,42a4141462985b4f6e3416ed7edc468b23576fb22d768de7a3d04b5ffc63af03,runnable_script,support,execution_entry
code/scripts/build_airfogsim_teacher_aligned_v3.py,23682,51c1ce592e8094533fcb0f71c67c2114cceaff1a5e7c45a571295e2d5d54e635,runnable_script,support,execution_entry
code/scripts/build_airfogsim_tensor_v2.py,8614,61f97770346cfe26ef8cafc54fc5433e84afa19dccceee1797285c4f657cb667,runnable_script,support,execution_entry
code/scripts/build_dataset_multiseed_v0.py,14116,d0a44c18d30e1ad8f34fd79ebfcc7ea89601cf77aa932cd6982c6a539b798254,runnable_script,support,execution_entry
code/scripts/build_dataset_v0.py,14489,7f280794d4417679ea204e55636c0abd50d0a723d6f3284a3fbfbd3baa2d9477,runnable_script,support,execution_entry
code/scripts/build_edge_action_v0.py,8906,15b7ba44b92cedff2ccd048b331ed0ed0738aa1076553af7f4f5a9f1adb279f5,runnable_script,support,execution_entry
code/scripts/build_formal_airfogsim_dataset_v1.py,23802,18ece6148e780139ad6709d21d397f572a9bf039d7e6b300c1784c465d26cbc6,runnable_script,support,execution_entry
code/scripts/build_formal_airfogsim_tensor_v1.py,14118,af744c10dac3eb794ee0e4efb7a4fcd882fe2426c2ff67e96543d3369698018a,runnable_script,support,execution_entry
code/scripts/build_formal_causal_motion_tensor_v1.py,11552,66aa3000c97e7736e3e814f7a9ed511a197a75b9c93f06353eb6ad81b89d3dfd,runnable_script,current,execution_entry
code/scripts/build_formal_system_targets_v1.py,8657,210f5b2212964ba3d90bad009e4ef81e47cc94190d845c3f0d916d48da95eb32,runnable_script,support,execution_entry
code/scripts/build_main_experiment_readiness_v1.py,6007,d014f7c5873b8cbba9c832f73502ce6752d55271311ceb8a03a91442b59ca1c8,runnable_script,support,execution_entry
code/scripts/build_project_knowledge_index_v1.py,35135,aab2dde16f52c8631a62b49bf23284d59557d799f6011bd135cf1b4653a29820,runnable_script,current,execution_entry
code/scripts/build_r5_module_confirmation_bundle.py,1732,84547ddb2911034f18720a52eb1423864f81b7f1377c517f85ac779d176c13b9,runnable_script,support,execution_entry
code/scripts/build_r6_online_gpu_readiness.py,10716,f24954cba86eaac456e90d9aff60c55740a4c9be58bf6355d367e4f2524d5f11,runnable_script,support,execution_entry
code/scripts/build_step3_1_minimal_real_model_ready_sample_v1.py,2485,742ee24a4212dea5586cb2dec64ce221c84ef470a86c3d70fdcd44122559c787,runnable_script,support,execution_entry
code/scripts/build_teacher_evaluation_protocol_v3.py,1273,baf7d329985791ac9b96491c60a920b816e40500ad7bf3bed40ffa02a3d77263,runnable_script,support,execution_entry
code/scripts/build_v11_physical_benefit_bridge.py,17067,8d4489f8865b03900c8d4ad84f1ee141ec3abeed1791ab5a7fcecf41edafaf42,runnable_script,support,execution_entry
code/scripts/build_world_model_dataset_v0.py,8399,aeec1678fc86383bd081194d3650462ff43699f1288ad2b024d9e0da9d41218e,runnable_script,support,execution_entry
code/scripts/calibrate_formal_airfogsim_scenarios_v1.py,8567,3bc733fe8b098128d939ac99474a610da90c4a99dfc082b9bbf97ed5d50ec6bb,runnable_script,support,execution_entry
code/scripts/calibrate_v8_active_rate_residuals.py,20202,cda78aa93529b534902283fdd4d8ff401d76bf1a9df449ca31545a963081f0bc,runnable_script,support,execution_entry
code/scripts/compare_v11_base_policy_candidates.py,17762,9caecbe5c32f154f6584d02c778c2041135ebc50b1df41ea40284627b9227391,runnable_script,support,execution_entry
code/scripts/compare_v11_branch_template_value_selector.py,21107,abb811515a6928549c5f3d45f210ddbd9a9475952292fcab349269effc19dc5b,runnable_script,support,execution_entry
code/scripts/compare_v11_cem_planner_refiner.py,15158,ff5619316fa43c64fdd0153a1d2f11ab62f96b0d094f1c78fab66f3298611030,runnable_script,support,execution_entry
code/scripts/compare_v11_diffusion_support_generator.py,25500,823ab047a125e7e3c1c30b1ade79d625704b2bc08c8902bb137931049ee75adc,runnable_script,support,execution_entry
code/scripts/compare_v11_gnn_greedy_scheduler.py,23363,2c5418e32c01a65a273630858859441ac6ff352efffa5691b615a6378f4bcae6,runnable_script,support,execution_entry
code/scripts/compare_v11_graph_support_generator.py,189756,637148d805e5050767abe66d1a4e865469bc00b9ab7d6e9664838090a0bbc4ad,runnable_script,support,execution_entry
code/scripts/compare_v11_learned_point_selector.py,12645,e4a7ab6630da5a37a4e1f816b6c7ee8bf5acf15bd2e71aa09f2204349428a690,runnable_script,support,execution_entry
code/scripts/compare_v11_point_pair_gate_limited.py,8451,0d53099a85bd2a969f0a162f3ac6d80452e66fbdbf9cc0e3129f1f03601509df,runnable_script,support,execution_entry
code/scripts/compare_v11_pointer_support_generator.py,17619,183c7204a4d0224afa8dcfef6cf0d61df7790a3fd9bc33909bcc6d39642dc834,runnable_script,support,execution_entry
code/scripts/compare_v11_retrieval_action_generator.py,18858,22e21b3c1a1f7458b59d49ebee5ce3a6c8b3cc48976f48594d8cb0dcb9902425,runnable_script,support,execution_entry
code/scripts/compare_v11_rollout_reward_template_selector.py,61601,d38d9c5ecef7fccf22a6ade3ed23c747dd53beab114a42437f157d6468921f32,runnable_script,support,execution_entry
code/scripts/compare_v11_template_policy_selector.py,31279,245795b355df101a411f70950d524d8719d14a2fef734871bba6206836f7f9aa,runnable_script,support,execution_entry
code/scripts/diagnose_v11_adaptive_candidate_oracle.py,22123,7295377b614a95fb5e214576c20073ca6330faa497edad0c92c7e182168ab606,runnable_script,historical,execution_entry
code/scripts/diagnose_v11_bridge_operating_point.py,21633,d10b20bfe7d1735b801e15aeba8402c9e43500f43dd0056933c3db66c6b0e07f,runnable_script,historical,execution_entry
code/scripts/diagnose_v11_candidate_subgroups.py,22402,8d7bc81720254df61142669ac3d631bd60adf9c294b0d509403da9da9e2b48c1,runnable_script,historical,execution_entry
code/scripts/diagnose_v11_counterfactual_value_attribution.py,16422,1341ab70e60912944016b8686d8401bcbccffb5258f9111022c3d23d61ccd936,runnable_script,historical,execution_entry
code/scripts/diagnose_v11_rb_total_conditional_scale.py,12343,055858abd3186b171b7437e9ff22b8689ad136040f72618a37579add193962e3,runnable_script,historical,execution_entry
code/scripts/diagnose_v11_rb_total_group_calibration.py,8422,59680f511319b3ec22216bad8a7a3cba783d9b702fdb41bf7d75e82cfb4c32c5,runnable_script,historical,execution_entry
code/scripts/diagnose_v11_rb_total_latent_identifiability.py,25124,ff13bf5c33af06b4467e5888e78c8bdbef50dd7bfb3c876254489d3fde1aa3f4,runnable_script,historical,execution_entry
code/scripts/diagnose_v11_rb_total_oracle_value_scope.py,20291,8155eaaa72818986cf593e7dd0ff98821307cf5d7cf498c89b8a2afa35b985d7,runnable_script,historical,execution_entry
code/scripts/diagnose_v11_rb_total_risk_controlled_scale.py,11559,e5dca7626d56d31ec33ab9c48e9f72f13ce8841b868cb0d5da760d9f8343f595,runnable_script,historical,execution_entry
code/scripts/diagnose_v11_rb_total_tree_identifiability.py,12888,0befddb3aa34867f324926f8122fcdb108711165059a026939e1770a40926e7a,runnable_script,historical,execution_entry
code/scripts/diagnose_v11_rb_total_value_reconstruction.py,54193,54e25df0161e6bb2384159c5006c718a9a6531623a3c744d2b6e86eeee8c484f,runnable_script,historical,execution_entry
code/scripts/diagnose_v11_repair_benefit_shortlist.py,27680,1bf55053cead84d30ae795c7e1b51c5b03b3443adaa9dcbf15fb9bc22535f81b,runnable_script,historical,execution_entry
code/scripts/diagnose_v11_scheduler_pattern_generation.py,20003,8df202c2909c3d8c9f41548f0729968bdf19b8e0eaa90b569cdc7c9d60b31dc2,runnable_script,historical,execution_entry
code/scripts/diagnose_v11_scheduler_ranked_allocation.py,34309,6ddb39ca75c4208e5e0077057f6a2c8bde6cb3bb296d192f44a9d267b87bd980,runnable_script,historical,execution_entry
code/scripts/diagnose_v11_value_calibrator_drift.py,13400,8085967eb9e1d56c7dff8c5fea8cafb879cc2bf413d18f7d654130e5473b717f,runnable_script,historical,execution_entry
code/scripts/diagnose_v11_value_gap_audit.py,11828,2aa315406d861c8f7aa8f00fd218451c49cf985c6255107d156c20bf4cb1c4b8,runnable_script,historical,execution_entry
code/scripts/diagnose_v11_world_model_trust_phase2.py,14146,f805e9449175df07081d143987d2322766f192b9a81a6722170ece8be606df5a,runnable_script,historical,execution_entry
code/scripts/evaluate_formal_system_outcomes_v1.py,12760,716562481cde2c5400086037265ab73288afb147a380bedbee37ce9210e786a5,runnable_script,support,execution_entry
code/scripts/evaluate_v10_policy_bridge.py,87765,f808000aecff2ec079b1cfbf5a590c005ad89335bd71f8283b48267b3fd3b24e,runnable_script,historical,execution_entry
code/scripts/evaluate_v11_adaptive_bridge.py,11071,f2e8cd1d50ad20ae4369f05236c85a1d4a45c54a1a100d80d0201675d4fec2b4,runnable_script,historical,execution_entry
code/scripts/evaluate_v11_frozen_selector.py,21871,f137601d5ef7ea4f0597d43c198e64758e5253b048ca8ad88ca640e326ed28b2,runnable_script,historical,execution_entry
code/scripts/evaluate_v9_action_ablation.py,9241,e16f05eaa0487e0b063692c35021bc4755cf0b12872bd33619956d342e4ed5e4,runnable_script,historical,execution_entry
code/scripts/evaluate_v9_hurdle_gate_calibration.py,25688,f25b1dd5c7d0d8f5774cc20c6348f711466001a1a0989fae0a6c11f8ca3c83d7,runnable_script,historical,execution_entry
code/scripts/evaluate_v9_hybrid_activity_rate.py,9424,f3b6f9fcb50fecb15da7054e983c00833db326c1e60c319c09802d8b787c0807,runnable_script,historical,execution_entry
code/scripts/export_dataset_demo.py,10428,f56d6fd314449042bac1f6a20204e8038774fc132834fd2f7535f593550967e2,runnable_script,support,execution_entry
code/scripts/export_multiseed_dataset_v0.py,7352,9149c9bb32ba305fa51e255eccd02b9c0048d91e60797ed03d1f37e69dc67e47,runnable_script,support,execution_entry
code/scripts/export_strict_actions_v0.py,22703,212d8ba5faaa93667ea0b446c45980bb500f957e8bb498a20217f0974932c4da,runnable_script,support,execution_entry
code/scripts/finalize_v11_selector_report.py,6318,870b8ee6404d4cd0d3ada3834fcaae46e38341242a0af5222965209ee65342af,runnable_script,historical,execution_entry
code/scripts/formal_airfogsim_runtime_v1.py,9773,29b781757284e2692ee1a10f0732cd3022a5550bdf9d2a75575fcc89803e85de,runnable_script,support,execution_entry
code/scripts/freeze_formal_p4_entity_rssm_protocol_v1.py,7053,eeee8e37b69be2cb195b72ab04c6e7e764956f5110bc4a2583e46913814acccb,runnable_script,current,execution_entry
code/scripts/governance_quarantine.py,6936,b6ab2274c59117a06921a0b55c8002b419bea251bc685674f30f1bbba54332b9,runnable_script,support,execution_entry
code/scripts/launch_r6_gpu_training_matrix.py,9317,4a8e45dc18de159e5b6f04bebe572be22e796f9da2da1096984bd0c652f60965,runnable_script,historical,execution_entry
code/scripts/make_531_internship_summary_docx.py,18497,e00f5cbaa4a74fff3e65ce4e92b6dd7f06bf4de1503c872d0794d624dee86dd5,runnable_script,support,execution_entry
code/scripts/make_531_internship_summary_docx_v2.py,48343,93997e7e4f4ebd907b7482327e82752ceb9a79274e5288847296a7d5943a158c,runnable_script,support,execution_entry
code/scripts/make_531_internship_summary_latex.py,49959,ff7783c0c6132f770c8bb6920a9f19e68edd7b31cd7c9d03203ef27fdbcd6d32,runnable_script,support,execution_entry
code/scripts/make_609_group_meeting_update.py,33643,1d68db3edfbf8d5c555c46ce032b30af4ae3b6042c4f6e747b990cc261e3fa87,runnable_script,support,execution_entry
code/scripts/make_airfogsim_analysis_v0.py,3452,80d4dc2a46649fd619ba71b5a2a59cb687302ee313a328914136f86114740131,runnable_script,support,execution_entry
code/scripts/make_interview_real_stage_charts.py,28422,343952cbd717c46e1d7587186e1dac4eddb6eacfd539e0dfa1527ebe439628b8,runnable_script,support,execution_entry
code/scripts/make_interview_version_change_figures.py,43279,c3c71ca754ccd51cda8808712b37419c1e5f3b532ca56e5400a5d8faf565d2b1,runnable_script,support,execution_entry
code/scripts/make_model_comparison_v0.py,5998,b2211e08f5988b1da035c3a61882fcbf4fbe7bbe39d7bec13ac9140ce6ac71af,runnable_script,support,execution_entry
code/scripts/make_v7_fusion_full80_report.py,10370,d33beeded2819f180604cc67566e44236e1da7de25fc728a598aa9d87b4cb25b,runnable_script,support,execution_entry
code/scripts/make_v7_optimization_summary.py,14199,4ee35659d19a7754cdf386405daee558f9172eb6aec9f25a7f4eaf174044ac04,runnable_script,support,execution_entry
code/scripts/make_v7_ppt_focus_figures.py,4330,d76063c90959ad94efbfcd2cd19786dfa76c0d796806b2af2e833adf384acf3c,runnable_script,support,execution_entry
code/scripts/make_weekly_summary_visuals_v0.py,3582,5ab1b76f93d408f72bbfe2b39c9a2490b00c0c6ec7802f429dbd5bc97c423c92,runnable_script,support,execution_entry
code/scripts/merge_v11_selector_crossfit_labels.py,5026,b5da639cd3b292b62a58e446dbeca655ccf339f4d12a634b48dd326bb5cbbdff,runnable_script,historical,execution_entry
code/scripts/plot_module1_candidate_results_v1.py,6247,5b5f56af34b1f72ffc6c710eb39cae7d3aead829fa416156e07342da45306ae0,runnable_script,support,execution_entry
code/scripts/prepare_active_heavy_dataset_v1.py,8046,621fd1c55d84be30264e78e1545955da45cd1dea4f7782b0c11d364fb9fb94dd,runnable_script,support,execution_entry
code/scripts/query_project_knowledge_v1.py,11092,38c527de0567509d8009498398139cbe6868bf1ba16696ae4a52359f53700366,runnable_script,current,execution_entry
code/scripts/reevaluate_formal_cpu_runs_v1.py,7988,d77aa79ff779b1638ce5e4835b3c87850e255438e6b4e04344432237f2979199,runnable_script,support,execution_entry
code/scripts/run_action_conditioned_baseline_v0.py,11694,86998bf0b20a7c8400891cbb01f1eb4bfd59000fcdd6f57720081318c80e129b,runnable_script,support,execution_entry
code/scripts/run_airfogsim_counterfactual_action_smoke_v0.py,17076,c19ad1e88a4c8362bbafe9b763545dc8ebd7430d1c42fc71d838bd1aa80bdd2d,runnable_script,support,execution_entry
code/scripts/run_airfogsim_counterfactual_label_dataset_v0.py,6521,c675c43604de61985ee107e48a80f9cd9e669fcd695e5094c75b0e6f5d779050,runnable_script,support,execution_entry
code/scripts/run_airfogsim_counterfactual_multifamily_v0.py,32485,205dbbafdf4eae1ce3d49895f105cb87ac045d4eccaa661c9a129788854b1ff2,runnable_script,support,execution_entry
code/scripts/run_airfogsim_sparse_event_diagnostic_v2.py,13890,5941e06e8b0daf741fcc3b3a1bbd8588aa7f6d18ddef8911c41ffeda7b69b574,runnable_script,support,execution_entry
code/scripts/run_airfogsim_tensor_smoke_v2.py,15259,287eb37b22eabcd07fe7464f1a6a9d57eb92316ceb70de465f158eb0629f394a,runnable_script,support,execution_entry
code/scripts/run_cpu_inner_rule_preflight_v1.py,19172,2a52dc0e4b44ecbc2e36492de6ed23db8c80b412622aa6cb6173c7c889f521e9,runnable_script,support,execution_entry
code/scripts/run_cross_seed_baseline_v0.py,9744,d7d8395cce3591c033ef4c4a4c0afe8631e2f081ad02acfe86a5d424a391f14a,runnable_script,support,execution_entry
code/scripts/run_edge_action_link_model_v0.py,15762,eca84c6d5d69288cd1cc76dffbcd605bdcebd5b57c7e9ffb0fe6a75d2848ff26,runnable_script,support,execution_entry
code/scripts/run_edge_level_link_prediction_v0.py,16700,206d3034423bc17824068bc3a16145e61c332c28bdf1b181b4bb1b9fd618f84a,runnable_script,support,execution_entry
code/scripts/run_formal_airfogsim_data_audit_v1.py,4065,93566a02531a059dd5309352f7bf7ec0decb51c83343f81e0f62f30635a0f898,runnable_script,support,execution_entry
code/scripts/run_formal_airfogsim_protocol_audit_v1.py,4365,f3b8f8a0899f5b7ffac5cb7a9fbbab31881244b08c4432f6b75606fdf3f7e1a9,runnable_script,support,execution_entry
code/scripts/run_formal_candidate_consistency_audit_v1.py,11762,b6e8c8658155b35abd56fbe979203881694a13383616b433b41f3f91c5afc4ce,runnable_script,support,execution_entry
code/scripts/run_formal_candidate_rollout_planner_audit_v1.py,4731,43944be5fc87787f796c8bac79dc33e55f52d6a528a3c0a0c6d1a9bf9f9db8e0,runnable_script,prototype,execution_entry
code/scripts/run_formal_complete_rssm_consistency_audit_v1.py,13745,b88f416c4fd453101931e2ea3365b85fefc7814653bab785434bbc988ba9bf61,runnable_script,support,execution_entry
code/scripts/run_formal_complete_rssm_node_correction_diagnosis_v1.py,7907,378c80f8a491b54c821e38455d64bc8475598c45ae3c848c76efbcd745a535de,runnable_script,support,execution_entry
code/scripts/run_formal_complete_rssm_protocol_gate_v1.py,5331,5429afcbfcea1a73ff2dc1b29fcdbe908b9dd2157ef7964b32e503bac1eb89f4,runnable_script,support,execution_entry
code/scripts/run_formal_cpu_gpu_gate_v1.py,2943,e049d7fefbc7717a18604a923bac5e37c19df00e0edc2ad860d1ab9e8348a975,runnable_script,support,execution_entry
code/scripts/run_formal_directed_dynamic_cpu_smoke_v2.py,2989,9c00c2c94e228877314764ca7cf52b7aa775e6924779cdb6d98a329453d1cfe2,runnable_script,support,execution_entry
code/scripts/run_formal_directed_dynamic_gpu_train_v2.py,3351,9474ffb678764a6a99f285ab66f198e77caa4a0d0ff88c2d14fb5edb668a8891,runnable_script,support,execution_entry
code/scripts/run_formal_dual_graph_cpu_smoke_v1.py,20327,ea349ac26f1dc75ce20bcd040e86ce7696963b2064daa3201d9f99cdbfb04e96,runnable_script,support,execution_entry
code/scripts/run_formal_dual_graph_gpu_train_v1.py,69412,2dab5e91de348b5374d6320d615a847409e627e70bc4bfd8f5720dc346cffbaa,runnable_script,current,execution_entry
code/scripts/run_formal_entity_aligned_rssm_consistency_audit_v1.py,12943,13b0c7d81467e8489068155e2cf8d23a6d6f00565d82c8bdc1010d7032854d30,runnable_script,current,execution_entry
code/scripts/run_formal_gpu_multiseed_audit_v1.py,2788,0d0fed4dadd2f935c05f6b2c61ac02021d456038106731c0a9a28f8e1d852fb7,runnable_script,support,execution_entry
code/scripts/run_formal_gpu_robustness_keywise_v1.py,3987,fba74fe6a4c400d39c310a509103e61517e08f7dc2b331524b41f6f22ae45696,runnable_script,support,execution_entry
code/scripts/run_formal_gpu_robustness_v1.py,8813,af668413373abe2a12d5f2dbba88157be4c652717e72c949af64160546b278e8,runnable_script,support,execution_entry
code/scripts/run_formal_gpu_rollout_audit_v1.py,2272,52f596ef6f70e06b75b90be849420340b87b0f0056c01b06330347a9cd99f3f9,runnable_script,support,execution_entry
code/scripts/run_formal_p4_direct_edge_rule_feedback_intervention_v1.py,15026,2590360403658ad72daff3602e85214daa9ce5b7f8c73f126cddfa60b5213282,runnable_script,support,execution_entry
code/scripts/run_formal_p4_edge_gru_bypass_intervention_v1.py,17181,44e610cbf324a04a3c992414dcabb1bb4811f424d2024a2f52e00a6b09d3a1e7,runnable_script,support,execution_entry
code/scripts/run_formal_p4_edge_gru_interface_trace_v1.py,20082,35271460ca5684c9fea259d9e175bf395c696a4c730ff7a9ba89a96c471718b7,runnable_script,support,execution_entry
code/scripts/run_formal_p4_entity_rssm_gpu_batch_probe_v1.py,7712,7e409cc534a7a67daed8a97c088c4bb6b12dd6e0a5a20f62b841dfaf26047400,runnable_script,current,execution_entry
code/scripts/run_formal_p4_entity_rssm_gpu_v1.py,6936,407ae250819dc6edc9b06277805bd729863a4ae61e215621cb767a37c0bfcf39,runnable_script,current,execution_entry
code/scripts/run_formal_p4_failure_diagnosis_v1.py,12699,71012b0babb85a53b63a31a809d89be34f1b288d81100e98024f96f1175ea17f,runnable_script,support,execution_entry
code/scripts/run_formal_p4_first_principles_audit_v1.py,19363,e4942e2a181ccd41adcb81b7d148d0447352a738b446d5b0d2db14510fff9db4,runnable_script,support,execution_entry
code/scripts/run_formal_p4_horizon_mechanism_audit_v1.py,7424,30666e3ab0aff297b6ca96605449bfb0fc7a4da35813c86c05aeea36add23ffa,runnable_script,support,execution_entry
code/scripts/run_formal_p4_link_activity_bias_latent_diagnosis_v2.py,12112,bbff1e7199d5a4d7a5cc74dd34d26eaed9da926fb5be00f843e3cfb02d24a02e,runnable_script,support,execution_entry
code/scripts/run_formal_p4_link_activity_diagnosis_v1.py,7647,c9efcb71d75b81577e4a8457e7d61a877b49f636b62fd6afe4f79eb15f852e6b,runnable_script,support,execution_entry
code/scripts/run_formal_p4_link_probability_calibration_v1.py,31533,a8dab9bdeca37367d71af35721550a5fb228d9f90ccb98f8f7623d01500165d0,runnable_script,support,execution_entry
code/scripts/run_formal_p4_link_recall_diagnosis_v1.py,25258,db1db60cbfdf1430740c3b434a97d98f9d3abcfd9d6a0923e4bf4a8f571dc8a5,runnable_script,support,execution_entry
code/scripts/run_formal_p4_position_diagnosis_v1.py,11394,b09e42ffd2693155085fb3a3f9c03e9432d8da8a6a849a9f1de4b1f57738abb4,runnable_script,support,execution_entry
code/scripts/run_formal_p4_threshold_protocol_audit_v1.py,9408,3099773f0bb0442115cfbf8c230b427604126d435d06febfabf1c3d827c314b5,runnable_script,support,execution_entry
code/scripts/run_formal_p4_throughput_diagnosis_v1.py,10095,b939607c94815f207ca6ceb40b3a69a2fcf377d0116f749da1fdef31d833fed7,runnable_script,support,execution_entry
code/scripts/run_formal_p4_world_model_gate_v1.py,11705,99d36b507966b6a7ccb14316d31ceb24ed895d78d1ffce213d4674bfb4fb926c,runnable_script,support,execution_entry
code/scripts/run_formal_rule_rollout_audit_v1.py,8051,daff03a6d06d00da89bc0813776b7d155112821b5725001cbc61a1d86c29dbba,runnable_script,support,execution_entry
code/scripts/run_formal_rule_tensor_contract_audit_v1.py,1074,1d3fc55157095c0e0e1ec5747591ff82d524fba52d2fbd09d290b423faf6f925,runnable_script,support,execution_entry
code/scripts/run_formal_training_protocol_audit_v1.py,3818,ea6238f42fd0db70ce7d7ea65ee97dcd7526da8f1e98f902137c3808c0f32560,runnable_script,support,execution_entry
code/scripts/run_multiseed_v0.py,9284,d82ee5728d1cfafb85e941c746e55317c3f3e7e3173e5090840c695edb386194,runnable_script,support,execution_entry
code/scripts/run_p2_full_dual_graph_collector_preflight_v1.py,60071,41b250812fcdfbf17b8554b27971b4e810b9abeb18861fef0b6f4d459e90e89a,runnable_script,support,execution_entry
code/scripts/run_p2_full_dual_graph_collector_preflight_v2.py,41543,6469003b975f18d222ebf9681e075fbf1cf9e39b2cb54f888282bf3bcdc1578a,runnable_script,support,execution_entry
code/scripts/run_p2_multistep_collector_preflight_v1.py,28897,6225e27dae89ee20dd4d614ff44e1e5df210563f5993c145ae326791cd481a60,runnable_script,support,execution_entry
code/scripts/run_p2_single_step_collector_preflight_v1.py,50320,3fd37c04283e02901a55c66dc87c0bdea3a1c53d1dc07e2e18a98237b97e62c1,runnable_script,support,execution_entry
code/scripts/run_p2c_scale_distribution_audit_v1.py,9994,4f48839d629154e340886ae7bfd90100be3e0fecca6901e48d87cd66063c1f24,runnable_script,support,execution_entry
code/scripts/run_p2c_scale_distribution_audit_v2.py,11819,5cd9081cc98e73864b6106dffb77a61376577b7e98e4f741d6fa507cc0552a23,runnable_script,support,execution_entry
code/scripts/run_pi_jwm_energy_reward_diagnostic.py,51732,dfa13c69609008b8d424aaa0473285ebc620fa6e319b46b09ef0ef8e4e6a47dc,runnable_script,support,execution_entry
code/scripts/run_pi_jwm_energy_utility_ranking_diagnostic.py,17863,d8a5296ca1614a637a2b46915ef7d0d28da2dca9ed212a2e1623f9feba0f71fa,runnable_script,support,execution_entry
code/scripts/run_r3_cpu_preflight.py,14955,267495d35e763577a9fcd7fc3ee8409474435212c6789818cf5d5de85d59738b,runnable_script,support,execution_entry
code/scripts/run_r4_cpu_preflight.py,22904,7fe588bce12f9b89ae5232d6eec93ce6de8d9541ce84890cf3e5ac439bb7ffd3,runnable_script,support,execution_entry
code/scripts/run_r4_gpu_screening.py,24791,8dd05d8cbcc4ec04bcf21a1e77d99d5892200d1b4901608890d3605ac1449678,runnable_script,support,execution_entry
code/scripts/run_r5_cpu_preflight.py,23223,bd110c9f632c87a7f995a6bd4a3d21f5e835c32de4aa8fb1665cf01fcc38e5bb,runnable_script,support,execution_entry
code/scripts/run_r5_gpu_training.py,36354,1c2bab64dbc5babe217ffc5f5b0bac2e49feeafee0e546859ac73f76a0e31711,runnable_script,support,execution_entry
code/scripts/run_r5_module_confirmation_remote.sh,5230,6074e7d8dccb13e02a8b02d4b5ff67881d84a3c867646e2664abb8507cf11eed,runnable_script,support,execution_entry
code/scripts/run_r5_module_confirmation_training.py,39421,7508d7c5be811db5ff96a08522d056d7e12fa2cad92aa4e62ea772022566d3aa,runnable_script,support,execution_entry
code/scripts/run_r5_remote_launcher.sh,1907,2c19b0cdc04196fad646e4314e816b8d8357adec3fc904a0d91fe5fd955730a0,runnable_script,support,execution_entry
code/scripts/run_r6_cpu_paired_closed_loop.py,12191,e9f085c9a645f6c4c4d1a80bc1d2a075459e92bb69891670cd112c86e1dc9c2d,runnable_script,support,execution_entry
code/scripts/run_r6_cpu_preflight.py,9969,2029fb8ecb8c5e119f4179834089de24344865cff9db12a980fe8c95b30dab52,runnable_script,support,execution_entry
code/scripts/run_r6_joint_policy_gpu_readiness.py,36205,505dff760f7f0cbc31b0a855224900bc1814d5ede2d63e16b1a42a173dc6653d,runnable_script,support,execution_entry
code/scripts/run_r6_joint_policy_gpu_training.py,37130,f2bf1ccef695e38e7da4f0900b6018fbb4047131d7b85099a249850df5ce1758,runnable_script,support,execution_entry
code/scripts/run_r6_learning_policy_cpu_preflight.py,3314,275efb5542d20d00832f6471e384a55b8d8aba81245502ea9cef207a2fdf889a,runnable_script,support,execution_entry
code/scripts/run_r6_reward_scale_freeze.py,3777,7ceaaf976d507d285d86414c7ff77d83bf4c97eaa91cf8ef9725771bedea968b,runnable_script,support,execution_entry
code/scripts/run_raw_single_decision_step_contract_v1.py,6404,14354dfc5158208fc4f0e65975959fd3c59e7b546d679724a9d0cc800436a94c,runnable_script,support,execution_entry
code/scripts/run_robustness_v0.py,6414,6d65c68a1abce1e4eca296e86e3adab9a3ae336a086787df17f06f9cd5a037f3,runnable_script,support,execution_entry
code/scripts/run_step2_1_real_airfogsim_single_step_v1.py,10182,5bbd87226305aacf2a4ed546679c9265698a8036a3261ae0e9674d2aeae71d3a,runnable_script,support,execution_entry
code/scripts/run_step2_2_real_airfogsim_multi_step_v1.py,24760,1c7991ae14aca865587233c9111baf1bdcadf5ef4e52087e2fac6d91864b1840,runnable_script,support,execution_entry
code/scripts/run_step2_3_real_airfogsim_raw_contract_finalization_v1.py,31457,de1125b4355255e40ff7fd9013d0fc041210b40c29f12f4596861bccba5d96de,runnable_script,support,execution_entry
code/scripts/run_step2_4_real_airfogsim_communication_outcome_semantics_v1.py,22169,898ca7d387486766d7b060db1ff599029dfa22e6fa1741dd3b29a377843339ca,runnable_script,support,execution_entry
code/scripts/run_structured_dual_branch_baseline_v0.py,18576,227cd44855990f686fb02ba38bc8296cf67fefc3ea061dae6ab1eda19f8c5faf,runnable_script,support,execution_entry
code/scripts/run_structured_robustness_v0.py,7757,53b223b088ef4abd1540e2c2c8b447a4bf2c229852280fe22dd626bce9cf4bbe,runnable_script,support,execution_entry
code/scripts/run_structured_timing_v0.py,6461,98f43989eeed73f10f1cc149c41fb57ecfb0fd16f9519a0b7693068354a88307,runnable_script,support,execution_entry
code/scripts/run_structured_uncertainty_v0.py,6199,6698a35122a6cb3cf26ba197859dbbd19a97c66923ebbe8fd16d9c597a586fb2,runnable_script,support,execution_entry
code/scripts/run_timing_v0.py,10410,251ed6e996a31c3e5b4717e2d9a025e5058fe68401c3086949aba7d37736afa0,runnable_script,support,execution_entry
code/scripts/run_two_stage_link_model_v0.py,18536,fa3036f854f0c128b5e39b8a804ce6c73536f03d12c56d7dcf77f5c36aa84797,runnable_script,support,execution_entry
code/scripts/run_uncertainty_v0.py,5590,c1ecf04e61cdb23610f030757982428ad49aa946fabba5d4cd0807d5abdcb5b2,runnable_script,support,execution_entry
code/scripts/run_v11_adaptive_gate_training.py,17973,6058719d1ce4cbf98a8c495fd8ca4f05324be688f37c9f4ca0b3c53a2af5bd18,runnable_script,support,execution_entry
code/scripts/run_v11_candidate_set_selector_gpu.sh,2911,8c3c0b741d4007e495e1f5093353a95972b49540c943c8a2d933539314d99d3d,runnable_script,support,execution_entry
code/scripts/run_v11_discrete_value_policy.py,67801,a0f1bbea0e24886d7912ebd26e20ffc3ee06eaf3f8fde5a9509b2a9f425f71ab,runnable_script,support,execution_entry
code/scripts/run_v11_gpu_candidate_batch.sh,5043,3ef4891c6f6603ace0d5dcc5732f96502703983c408e86d3d2b934ddae18fe4b,runnable_script,support,execution_entry
code/scripts/run_v11_objective_aligned_selector_gpu.sh,2704,99bbee5adbe987fe0b7eaf1904597ec8d959eec6c10ad9a9e5ef7a8e4d4d100f,runnable_script,support,execution_entry
code/scripts/run_v11_rb_total_repair.py,16193,3b99c3eeab979a182bdc9c5003dcfff72842ff64f2cf1c02bea0aafd3765aa84,runnable_script,support,execution_entry
code/scripts/run_v11_rb_total_value_head.py,63412,ecc1c78f98a642de91a9d4f66efbc57a1d673e5f7af8fee7764c1cd1719e55ff,runnable_script,support,execution_entry
code/scripts/run_v11_rollout_value_calibrator.py,32548,99d41b5d06b93127d1c3bd04108977c6c89404308906303655ba41aaa1eee5b7,runnable_script,support,execution_entry
code/scripts/run_v11_schema6_labels_gpu.sh,6232,da7995129b0668094c8e97287a5fa76c344de533ceffe04f66dbf69dcc518f98,runnable_script,support,execution_entry
code/scripts/run_v11_selector_candidate_labels.py,31606,32692d806e2d320e051a6ceec4abd631c8f6ba09a757b1c51e13e38a25e18bb5,runnable_script,support,execution_entry
code/scripts/run_v11_selector_feature_ablation.py,8655,b7edd3ee91c75075abec15e97d86e5a4bd3ee07a802efc9dead21eca40fe861d,runnable_script,support,execution_entry
code/scripts/run_v11_selector_finalization_gpu.sh,4093,a8bd10284c82b5fe610b0274f060cd1ec18ae015100d7fcb3e2d637d236a8fc5,runnable_script,support,execution_entry
code/scripts/run_v11_selector_helper_crossfit_gpu.sh,7024,e35ce9a2e2819cbbb0040e7e5c728f3d3f5336d1902aeb716056e53650f22a7c,runnable_script,support,execution_entry
code/scripts/run_v11_selector_refinement_gpu.sh,2883,39e98429d4480d39e786c902c6818578586312c26e9f010ca6e449f616627511,runnable_script,support,execution_entry
code/scripts/run_v7_action_policy.py,26670,c9bf1e0510da8a149feda2adf3848c1abe2ef709c11ab7fea00b86ced9f8de36,runnable_script,support,execution_entry
code/scripts/run_v7_action_specialist.py,30429,ae35a24712b49d8257ff6db6c17f6e9e80ce8ae62fd3b2dc63186d237ef25aae,runnable_script,support,execution_entry
code/scripts/run_v7_active_rate_specialist.py,12682,5bd1912325c7c22c9d0223952e9c39a7bf4e86fecb8eafa5656eb83fd3d42fda,runnable_script,support,execution_entry
code/scripts/run_v9_active_mass_allocator_gpu_grid.sh,8756,487222221be13452a41854fcf77c9dacfc4ba162afd427c9e0a482167c3330b1,runnable_script,support,execution_entry
code/scripts/run_v9_active_mass_raw_target_gpu_grid.sh,7175,6df132218f8b5bbe0cf7be40e17c8911405e2955818f71685c3e9c7d9234f539,runnable_script,support,execution_entry
code/scripts/run_v9_adaptive_sparse_edge_gpu_grid.sh,5957,eec272485f3d8f78a495f03e5964e0a5263214a97c511731c7db3ab7594daf74,runnable_script,support,execution_entry
code/scripts/run_v9_balanced_rate_gpu_target.sh,3663,3ca0a272e49df50fcbaf0af4a88e206720bdcefa3e41043ae8068227f8e1cf44,runnable_script,support,execution_entry
code/scripts/run_v9_c9_dual_head_gpu_grid.sh,7961,7e1939310ebc3bad19039d7d1810fbcc2abfab0ce191a673b1bd85873ec96c5a,runnable_script,support,execution_entry
code/scripts/run_v9_c9_repair_gpu_grid.sh,8631,d2601986b1df11f07286a8335530e3bd852c8b1851cdc7075a97198055e1f09b,runnable_script,support,execution_entry
code/scripts/run_v9_dynamic_hard_negative_gpu_grid.sh,6268,b4abae2ee62b14d5756b011ae81080a086edb8fd33b0108aed9a20e3c82d3c36,runnable_script,support,execution_entry
code/scripts/run_v9_event_memory_activity_routing_gpu_grid.sh,5990,21766c462a29d9c5c5a95a92097eaec77a4517fb32afc610061b41e95782d186,runnable_script,support,execution_entry
code/scripts/run_v9_existing_checkpoint_operating_search_gpu.sh,5491,5fc1e06de246dbbc3ccd765a8d1d53037b45bd5685f3bb89e67aaa66db5c05b1,runnable_script,support,execution_entry
code/scripts/run_v9_gate_aware_selection_gpu_grid.sh,6176,1783fed820c9af4bd4d8cd1dee3892bcd52128deadd67434e025fa97728e9da6,runnable_script,support,execution_entry
code/scripts/run_v9_high_rate_link_balance_gpu_grid.sh,6658,b11248bafae21926a93ab1346584a60b761d205118e2257401157ecb9e9c178c,runnable_script,support,execution_entry
code/scripts/run_v9_high_rate_weight_gpu_grid.sh,7062,bf2ca3c7af36044452810f288d313e29b68a6dc74029a97fe455d656fa2adb2d,runnable_script,support,execution_entry
code/scripts/run_v9_hurdle_gate_mode_gpu_grid.sh,5478,be09e8429a52b7fb48c191ad8305b424f4b60c0c961466f5670eac364decde86,runnable_script,support,execution_entry
code/scripts/run_v9_positive_rate_specialist_gpu_grid.sh,6422,1c4e6fb7a46e2aa60ee9552b3dc6958e5f61070c3960da3cf6ee130f72287cb2,runnable_script,support,execution_entry
code/scripts/run_v9_predicted_w1_repro_gpu_grid.sh,6333,2d14bc7562ab31721f0d446d84102393ca841e4340a51bf22351d09c0927d675,runnable_script,support,execution_entry
code/scripts/run_v9_teacher_gate_high_rate_gpu_grid.sh,6087,02cfef9802a5bb08e8fa23bd33233b74ec1593685089b24b9fa44fa4a46f3366,runnable_script,support,execution_entry
code/scripts/run_v9_topk_checkpoint_gpu_grid.sh,7848,0ad0dd3cfccd9cbf725504eddc1bc52731d8dcdd2c522e096856ba0d79e2f7b4,runnable_script,support,execution_entry
code/scripts/run_v9_train_gate_power_gpu_grid.sh,6443,4be8146a2c47e66fa37f7ee1f7486e3e3fc8791e8f119992201fbe6d888bf3c8,runnable_script,support,execution_entry
code/scripts/run_v9_tweedie_positive_rate_gpu_grid.sh,6669,23d8795e3f402844b56dd0e2ec134eafbd8ad04b9cf14e97792be65cbbabb4d7,runnable_script,support,execution_entry
code/scripts/run_with_memory_guard.ps1,2260,d5275ae26d0424a3f20379feba1cf98476653d5e7c5f380b9220c816d05762cf,runnable_script,support,execution_entry
code/scripts/run_world_model_logged_action_ranking_proxy_v0.py,12171,17574a1f07c6e26bb6d6ddad840ce8b3a4697d9f49d2150d5ba8072a04159a9b,runnable_script,support,execution_entry
code/scripts/run_world_model_metric_suite_v0.py,54831,d5c2682ee7b1f8d04f1f8a5d57292afa401834ef1d91261e54c3f0b3fb973978,runnable_script,support,execution_entry
code/scripts/run_world_model_physical_rollout_baseline_v0.py,6461,4598c2084146cded94c8efbc5c9e07f28ae55a39f9422b4462a0f426bd2179e0,runnable_script,support,execution_entry
code/scripts/run_world_model_runtime_comparison_v0.py,8316,ea12ba7411a1b98b7f3a131dd17cea73b5da6828051ad8e271673ddc0fcf581d,runnable_script,support,execution_entry
code/scripts/run_world_model_v0.py,22275,02ed4120a8e52ea55476cd245ca7048d540a503994ead10ff91b3d85c6cbe6d8,runnable_script,support,execution_entry
code/scripts/run_world_model_v1_staged.py,14905,3e90c1152b382bfb2518ad50470298e8b17d2b9deb1dc2ee8be59b3fdc6429be,runnable_script,support,execution_entry
code/scripts/run_world_model_v2_diagnostics.py,15044,4bc3867ecac24b5287a38a2908f25a3a7784e0e4c693e2ab810fd5a5bf2921b5,runnable_script,support,execution_entry
code/scripts/run_world_model_v2_latent_rollout.py,19574,c7a54a7549084a719aa2331669bbba59fee9b9e1c9ff2f51945ef402fefb6db5,runnable_script,support,execution_entry
code/scripts/run_world_model_v3_active_rate_calibration.py,37706,ba92fcbbb0579bcd73f0bbb70a81711320593dbdce9127e24d46882c0fa4f97a,runnable_script,support,execution_entry
code/scripts/run_world_model_v3_diagnostics.py,17459,1045232c888cf623952e0ac7411b2e9f7ad3968bea56cbc755ddd06549fd9297,runnable_script,support,execution_entry
code/scripts/run_world_model_v3_graph_rollout.py,24081,9458cd0b1be3d841a6bca6e62c596bcb44c8b6b410efd947934f4aa035c8175f,runnable_script,support,execution_entry
code/scripts/run_world_model_v4_active_rate_calibration.py,12792,1196727963a150b85e16dd293d0a6468d041fa20020873af44a23db34eeed4c7,runnable_script,support,execution_entry
code/scripts/run_world_model_v4_activity_calibration.py,16832,312737cc0d6d1e90ef25daa9062cea81084959a4f53d30d37a8d6f0f515f174b,runnable_script,support,execution_entry
code/scripts/run_world_model_v4_dual_graph_ablation.py,7833,8224a4c86b53b385a7be4ab9b75664a1be904e16c568b3ab2ca09c54a858c3c7,runnable_script,support,execution_entry
code/scripts/run_world_model_v4_dual_graph_rollout.py,25037,a3ff340bf7cc624fcc44f87f83c0b858d2882150fdd284810f9c932fdbe061d1,runnable_script,support,execution_entry
code/scripts/run_world_model_v4_seed_stability.py,7644,c7c61fe5025c124fe731bcabfaecc4c3fa4a289e2034486ee05f598053997e92,runnable_script,support,execution_entry
code/scripts/run_world_model_v5_classical_ranker_v0.py,9784,e86178ad9eae2efda7a97d00902e86410f497d9c59b45e5854b10c4f3705755c,runnable_script,support,execution_entry
code/scripts/run_world_model_v5_decision_baselines_v0.py,5277,f3cae310acbf232a245be6c5256518bf4ea0611944a81b71e107ba4aadbb3437,runnable_script,support,execution_entry
code/scripts/run_world_model_v5_dual_graph_decision_head_v0.py,32131,6bc1b47f47c0f901f9ff286e4849be7492eea2f3ad2b8c4f52e23c6216db38ea,runnable_script,support,execution_entry
code/scripts/run_world_model_v5_family_winner_seedheldout_batch_v0.py,6515,d00be2a98b1afb053dbd6c59e80df6ac20f871f6087d5f58daf94ac4f75837f6,runnable_script,support,execution_entry
code/scripts/run_world_model_v5_gap_model_selection_v0.py,5255,a41c87b522137f1ab62db844b006fead79cf939b933c0377e4b8343390a963f7,runnable_script,support,execution_entry
code/scripts/run_world_model_v5_hard_pair_diagnostics_v0.py,7908,9911c1c4efac22c00da7e6ce21ac2d74412ad52a9683ab5d9d0b3b55298abf17,runnable_script,support,execution_entry
code/scripts/run_world_model_v5_hybrid_selector_v0.py,6910,328e2575867307d705dd597aee15196ff094282b81f18610fc6d30d86a7c799c,runnable_script,support,execution_entry
code/scripts/run_world_model_v5_score_blend_v0.py,5772,23ffcadcefd865c041174954756c1c6f3a7959abcdfb4b11c103c329e31ff59e,runnable_script,support,execution_entry
code/scripts/run_world_model_v5_selector_probe_v0.py,17640,0eb442bd532e1dbd468461c145004b9a1122e2db22cdab27ca7f0cb9826903bc,runnable_script,support,execution_entry
code/scripts/run_world_model_v5_stage_diagnostics_v0.py,13179,63cef1a17dd0fe9a1cd501e1a32f523f2d1d92de0d44b2ba3a478652dc0037b6,runnable_script,support,execution_entry
code/scripts/run_world_model_v5_takeover_calibrator_v0.py,11246,f13a806d25b87c563b2ad8c5ba64df959c20568f0e00390c42f8aa3d3f0e187a,runnable_script,support,execution_entry
code/scripts/run_world_model_v5_utility_ranking_smoke.py,28800,8375eb63162e0730058a3e7983706a7ddb05d16aea6ace5750dc486169fb9a47,runnable_script,support,execution_entry
code/scripts/run_world_model_v6_dual_graph_rollout.py,39646,f39a8a6039fc2ab437e358197a6050475e3c07d2700d7f8d71269cef7771c138,runnable_script,support,execution_entry
code/scripts/run_world_model_v8_full_smoke.py,4743,10880778b5e3cb7f2d94bddc3e8a17dbbc2b835c717ad7235174e76c764f2069,runnable_script,support,execution_entry
code/scripts/run_world_model_v8_full_training.py,47645,f00d7b03e3b5ce4727ff0e30901b73739ce2e92571f299f9a247bb57d9cf97ae,runnable_script,support,execution_entry
code/scripts/select_v11_bridge_proxy_candidates.py,4260,510c32b47db1f727d907867a964f53a9f8cba8d3148c428d3e298a58a59aab04,runnable_script,support,execution_entry
code/scripts/small_experiments/README.md,1740,5680d883262eff8be32c289d7d1e3855410a84f8bf32e57acd94287973d65898,runnable_script,support,execution_entry
code/scripts/small_experiments/airfogsim_cross_graph_evidence_closure.py,46717,dd5bb923e9ec54e4750a81c36d0a3b52f790cb07fa8678f4841702e904427ce5,runnable_script,support,execution_entry
code/scripts/small_experiments/airfogsim_dual_graph_v2_reconstruction.py,14163,f78c20f4d04adb18f020affbd8d2c1e69c8894def7bf5928cf6730bd8cfa560b,runnable_script,support,execution_entry
code/scripts/small_experiments/airfogsim_strict_dual_graph_preflight.py,41174,c84b812c36a5d0421ea264e19c261e1d14cf87e776ba9674f7b93247994252a5,runnable_script,support,execution_entry
code/scripts/small_experiments/data_contract_field_audit.py,35851,778d6523243aaada1f8846522ef8a6f14500c9a15bc6487a75ea1081af12e082,runnable_script,support,execution_entry
code/scripts/small_experiments/paired_action_causal_sensitivity.py,35302,9568743c24e74404cadf4b02430678af77dd247ab7fb39a26a36244462c10a33,runnable_script,support,execution_entry
code/scripts/small_experiments/strict_dual_graph_validity.py,27213,7be0a30a4dc25fb2b0251893f505437bef151df826d50ec2edf0bd41f23f96c9,runnable_script,support,execution_entry
code/scripts/small_experiments/task_resource_conservation_audit.py,37090,5e6c6fbb3852fe0bb4ba1df3c30970b4afe53015204db1892bb68ad8007836ab,runnable_script,support,execution_entry
code/scripts/strict_action_helpers.py,1157,6e23db0d9d676e48810635a0c48ffd05980bc4924a70819d5191ca3ae8f466e6,runnable_script,support,execution_entry
code/scripts/summarize_v11_gpu_candidate_batch.py,2988,57a4fdf6d7cce90c9076aef960a28f3c7b47c543fc1756cdbd4fa8696006b908,runnable_script,support,execution_entry
code/scripts/sweep_v11_adaptive_bridge_gate.py,15349,b997e2aa7d4572553a2af79f63e639f791a9676e975b6b90eb9839bd39b207f5,runnable_script,historical,execution_entry
code/scripts/sweep_v11_bridge_calibration.py,12488,4c82a5a5607b17eb992f607845268799696982004ef7e8499e0968b92caac13a,runnable_script,historical,execution_entry
code/scripts/sweep_v11_rb_shrink_bridge.py,13482,17b7531afc43041b6bf5bfcb0e731edddfd46fe934cc3b92fd64529d5bba5e80,runnable_script,historical,execution_entry
code/scripts/test_dual_graph_features.py,1159,beacbe7c9098f3da877c00d49f1a6de3158e4c975c209fd0c06dd6f5ac430bc3,runnable_script,support,execution_entry
code/scripts/test_temporal_candidate_protocol.py,3311,0d1c740cd7c26ec29d93eedd70a040f07b6a50956175e9c123c55ae04fbe9700,runnable_script,support,execution_entry
code/scripts/test_v11_physical_benefit_bridge.py,8535,9879c8a21f4f1a3f462c67a875ff076adc534ae0da24168c33c460e19e9f7a31,runnable_script,support,execution_entry
code/scripts/test_v4_ablation_active_rate.py,69581,a4b4441947053866d9ac7242fea136143a0205afaca220abbd8125f3d43e7302,runnable_script,support,execution_entry
code/scripts/train_baseline_v0.py,12444,f5c2e4e73b75e64eebe87dd330d40365bd24fdec18d325ed0433d27fd9a435a6,runnable_script,support,execution_entry
code/scripts/train_v11_candidate_set_selector.py,35614,4179b1afaa40921e2d34619106105b8a44bebc4ca4e76caa10aee2f83794687d,runnable_script,historical,execution_entry
code/scripts/train_v11_interaction_selector.py,14975,556bce5d189d54e2bfdb465184bd3d4e26ad3c97228f0dba340c151ba214c94f,runnable_script,historical,execution_entry
code/scripts/train_v11_objective_aligned_selector.py,40759,6eb64c827b17adf42d8598bdbc6d95c99488a0e67b35dd40c359f807b016d041,runnable_script,historical,execution_entry
code/scripts/train_v11_phase_selector.py,9554,497e856440d22d3875c1256347374e5316573652b6cbc1f630656138f98898fb,runnable_script,historical,execution_entry
code/scripts/verify_r5_module_confirmation_bundle.py,711,f881f279142317421abae47a818598739c675724b55777ba03c5ad4da8a27c1a,runnable_script,support,execution_entry
code/scripts/visualize_dataset_v0.py,18039,56b8ea6d126be981c2dae527bfc11a03991a3e82543a454e6c816c139a6e1178,runnable_script,support,execution_entry
code/src/pi_jwm/README.md,806,62c15455b34e25195e1bc29e65a84bfda86b40a89fc33a8fc569053adb5c259f,framework_source,support,implementation
code/src/pi_jwm/__init__.py,54,493024d13c0b9203dd509f4d803b7168bd9b9d469e8244989aa9e08ac3863e71,framework_source,support,implementation
code/src/pi_jwm/action_attempt_ledger_v1.py,22823,d6ef2aefb7535b3099423f3bf391b555a6711ecd6097efc97dd3e55b5b78912c,framework_source,support,implementation
code/src/pi_jwm/airfogsim_contract_adapter.py,4549,64b52639f3505e83d36f74316bbaafeaf199e30aa300cffa4565576663a28330,framework_source,support,implementation
code/src/pi_jwm/airfogsim_cpu_inner_rule_v1.py,7751,8af97aafa913d41cc24f52da70e52c4f70a5cf57bce7c0644f51adec0a8f2011,framework_source,support,implementation
code/src/pi_jwm/airfogsim_cpu_policy_v1.py,4916,b98ce32f1944eb27c6aaa45632943495b0e01fa409e5b42901aa481370383197,framework_source,support,implementation
code/src/pi_jwm/airfogsim_dataset_v2.py,7401,afa61ff064751875b0da4c2a4773d93449cfff99ccd61ef3f5ece22929f60f60,framework_source,support,implementation
code/src/pi_jwm/airfogsim_diagnostics.py,8262,d0ebce2097a371e85f7044c865a902f2f1c2c43fd5c5f8efcafaf4366ada28b1,framework_source,support,implementation
code/src/pi_jwm/airfogsim_dual_graph_v2.py,16233,3e0361da3accbd10c8ac464cca0f9a46a706d748649f64e7e1274a53eadf487f,framework_source,support,implementation
code/src/pi_jwm/airfogsim_full_dual_graph_collector_v1.py,25103,5cfc7b3d677d6159635e01ca69fb580a16dee5640dff45dc0e73fee504865064,framework_source,support,implementation
code/src/pi_jwm/airfogsim_full_dual_graph_collector_v2.py,8562,4f2703d2f5486b69cba4dc99275c2bf899e2ae716da0d6e29752ac6180054959,framework_source,support,implementation
code/src/pi_jwm/airfogsim_full_dual_graph_frame_builder_v1.py,18101,b8d153699c0e1f960a7415d38f5c70d499dd54b05ef50ba4debf11773baad6ae,framework_source,support,implementation
code/src/pi_jwm/airfogsim_full_dual_graph_observer_v1.py,11657,6f7d91563af8da1d2f98b2f7bb409ac4c678ff76f1737827cea5ee5670cb99cd,framework_source,support,implementation
code/src/pi_jwm/airfogsim_metrics_v2.py,17911,780ae420b1448e5edd432db032de7b9ded995c76f3c75815ad2c89ba5d46cacf,framework_source,support,implementation
code/src/pi_jwm/airfogsim_runtime.py,2603,8d6d631748efce12b481cd025f5adde08922a1a83a0b2a4c41eb68b35e10c17e,framework_source,support,implementation
code/src/pi_jwm/airfogsim_single_step_collector_v1.py,7600,2c0e2523eade2f828b85b9271464ef2ecc5579c688f838b8c0880a375631865f,framework_source,support,implementation
code/src/pi_jwm/airfogsim_smoke_model_v2.py,7453,0ee97fd641ddd53f06c05e8879d71f330531af0b23f4ab310a0054c4ea21dc72,framework_source,support,implementation
code/src/pi_jwm/airfogsim_sparse_diagnostics_v2.py,12942,ffca217ba1ec834b807eb7887865f911a77aa23843c41f41f28ef91582f6e9ce,framework_source,support,implementation
code/src/pi_jwm/airfogsim_teacher_graph_v3.py,22273,c3e109193c63d09f60955726580b5d6b44d1d6c3225f8ad34f83c3d1577ed974,framework_source,support,implementation
code/src/pi_jwm/airfogsim_teacher_tensor_v3.py,28705,8dd7c56f18595743222f160feb898b97feaba1fbef7c65114b9b8187be05fcf2,framework_source,support,implementation
code/src/pi_jwm/airfogsim_tensor_v2.py,30366,883954e87ed458a666c9a6caef9306b87d98fcd8b69faceaac1be5ba43037421,framework_source,support,implementation
code/src/pi_jwm/airfogsim_window_dataset_v2.py,15593,f5dc2a98d83ea31c4e27267fd2fe4dbb9784fcb37d281932aa30cc911128a9ae,framework_source,support,implementation
code/src/pi_jwm/complete_rssm_world_model_v1.py,14232,abbb29789758f10c5e7f9a0aaa133e6c08765462937345ac7f81f0aad1c5d962,framework_source,support,implementation
code/src/pi_jwm/cpu_inner_rule_v1.py,8695,7faa56e14df067cfa39849c11ff561910bcc40764727e9ac4122f43f553f04b0,framework_source,support,implementation
code/src/pi_jwm/evaluation/__init__.py,69,ba142b966f08da392949edeb7b460a7c9cfb842d688be9dbc2b531078718d37e,framework_source,support,implementation
code/src/pi_jwm/evaluation/candidate_selection.py,3915,f90229af91e4a887363d872166298b1a2b3322bd3c710b3d6e8e880d6fa76621,framework_source,support,implementation
code/src/pi_jwm/evaluation/result_protocol.py,2218,8318d9ba7123e2c4588e282dc282ae8d4a26a66becf08f21e6ab62fdbc352c96,framework_source,support,implementation
code/src/pi_jwm/evaluation_bundle_v3.py,35917,95fd1868297f9364ff2bb5a3afb305b5f0e97c7c8da7764c9f8a8758984eec07,framework_source,support,implementation
code/src/pi_jwm/evaluation_protocol_v3.py,32529,8fb7beb4410d321b04a077f924d97ce582272bd60c3eaccc250117b7572f6cfc,framework_source,support,implementation
code/src/pi_jwm/formal_airfogsim_collector_adapter_v2.py,27772,fe7fc4a6406b0a521bf1bce973d665d3cc447235b58d9e33b86123d210c2b21e,framework_source,support,implementation
code/src/pi_jwm/formal_airfogsim_data_audit_v1.py,15941,6251b1ce4fa2158673a0cb091bcb7c601a67603f6fb8649cb77c9ff02a3ccd19,framework_source,support,implementation
code/src/pi_jwm/formal_airfogsim_dataset_v1.py,7656,615f41315f3980c02822dd3cec00878a7fb16268e201a488c22111d6b77d10cc,framework_source,support,implementation
code/src/pi_jwm/formal_airfogsim_graph_v1.py,9982,f410d00ecab8e9b71d70f9b70e19d3a82569827b800737c2e458cfc4610da20a,framework_source,support,implementation
code/src/pi_jwm/formal_airfogsim_protocol_audit_v1.py,9689,443c50730ad21ae07c9c5d70d4fa0336e8af61b0a79586c3b550c70f362df44b,framework_source,support,implementation
code/src/pi_jwm/formal_airfogsim_window_v1.py,9553,766597e0101fad239f88d0fe49ead200a1f208b40435cd42bff832dab33ef156,framework_source,support,implementation
code/src/pi_jwm/formal_binary_calibration_v1.py,10696,ced62ba6a6866d7abde60f2b8212c5fc7bdc67fa9fb356849ff8ef4450a1491c,framework_source,support,implementation
code/src/pi_jwm/formal_candidate_consistency_audit_v1.py,2970,e547253aa33c53d92fa939c636428657adf68ec60d631d9f30c7e6639caef03b,framework_source,support,implementation
code/src/pi_jwm/formal_candidate_rollout_planner_audit_v1.py,2898,d041afb0e45aacf0b61a19a25c0a8201bca5bce87ebd5fd05c90005860e210c8,framework_source,prototype,implementation
code/src/pi_jwm/formal_candidate_rollout_planner_v1.py,11184,cd039a599667762ac85061d4b3afb9652ecb8128eb7ada3f904af75945e6c729,framework_source,prototype,implementation
code/src/pi_jwm/formal_complete_rssm_world_model_v1.py,16131,2690505325e8972e1cc491a46980172387ffb69dd7f4bd2dfd2b62beec37320a,framework_source,support,implementation
code/src/pi_jwm/formal_cpu_gpu_gate_v1.py,3913,51557afb13ddfda4021088125584e014a580cfb908ad6ebe4ef85ebc8c125765,framework_source,support,implementation
code/src/pi_jwm/formal_deterministic_rule_layer_v1.py,16524,0433f2fb9f6490a0806abe28f9c8e0262b61cf5f9ac1520be355cf9df2c23c51,framework_source,current,implementation
code/src/pi_jwm/formal_directed_graph_ops_v2.py,7123,c40ce13a03d1bc2f7fa6ba073b436e3bc4d8b69b30262ed63d749808b215d10a,framework_source,support,implementation
code/src/pi_jwm/formal_dual_graph_world_model_v1.py,32301,2149f05ddabf94ff9cd731e52b485a99f83058b82525fc4de8d862bf1551c78a,framework_source,current,implementation
code/src/pi_jwm/formal_dual_graph_world_model_v2.py,27741,485d61cf41b0849b8fddaeff6c3996321b6bd751cf6e678644de800656e6854e,framework_source,support,implementation
code/src/pi_jwm/formal_entity_aligned_rssm_world_model_v1.py,21680,a42c77bfa69e2548fb9d785ed7775f15a9e9505a62590f3d53679b23883e7a80,framework_source,current,implementation
code/src/pi_jwm/formal_gpu_multiseed_audit_v1.py,7492,357f003fdd2203d376fcf9e5e17ab731ef0e566a4eb2cf2ee4b9ea87280f039c,framework_source,support,implementation
code/src/pi_jwm/formal_gpu_robustness_v1.py,2978,67b557a763d4b71409c707cbe436de4890c50c6d98febcb0ba456e9220764c29,framework_source,support,implementation
code/src/pi_jwm/formal_gpu_rollout_audit_v1.py,3797,3f5026dd19cbc510ae5d28fd3ef96ba64325b1e020e4a9bfba8327be77f40a8e,framework_source,support,implementation
code/src/pi_jwm/formal_graph_ops_v1.py,8504,d088bea17f2793638a7f4fed284453c77d348b6c29a9005cc68ae808b51b3e6f,framework_source,support,implementation
code/src/pi_jwm/formal_motion_state_v1.py,2494,ca3959bab25a078c3382c418bab8792174b3505c5faedab38ace5c795ed2b8b5,framework_source,current,implementation
code/src/pi_jwm/formal_p4_first_principles_audit_v1.py,4518,173ce5ffa3242a80e3c08d9451ebe20d2b992eae3e7e02c73999f4e2ebf96221,framework_source,support,implementation
code/src/pi_jwm/formal_p4_gate_v1.py,4204,2b13eb617ed0ad22249af94628bcaa446c4cc2f5f4ff3c800b2653d86ddbf251,framework_source,current,implementation
code/src/pi_jwm/formal_rb_targets_v1.py,13248,6364f1b0914dae730e19457a1a06dc701989097bd8a53bdd22447b9c06689160,framework_source,current,implementation
code/src/pi_jwm/formal_rule_rollout_audit_v1.py,8521,023b811aad8c4a605f34fbbdcaf232d3c88c60066bdcfc034296387eb9e6f7d6,framework_source,support,implementation
code/src/pi_jwm/formal_rule_tensor_contract_audit_v1.py,4365,bd73586eebd371bf7d0068b7d27f438d735211d30e034f15c4e397380d24f651,framework_source,support,implementation
code/src/pi_jwm/formal_system_outcome_metrics_v1.py,10548,632b0d3a21cf3bc9842333496c02d68cf28c09d6255b2eb3d3757729bddf467f,framework_source,support,implementation
code/src/pi_jwm/formal_system_prediction_v1.py,4657,fcb68ebd4bb1a30e7c96e34f5ba7a1023337434202c867528917569196303324,framework_source,support,implementation
code/src/pi_jwm/formal_system_targets_v1.py,8009,002ec2db67061a9b6ea3166eeeeb6f10506acf9b90d2e8b86b7e20772e03a780,framework_source,support,implementation
code/src/pi_jwm/formal_system_window_v1.py,5941,67ce0a11af25dcc0e29a9740afa58c61c78eb8d7b29c236dd7cce9d4a0f1364a,framework_source,support,implementation
code/src/pi_jwm/formal_training_protocol_audit_v1.py,11951,0449f36a1eebae7e5c007131954e614d2e30175f045b13ce67e062c4a3aba3b1,framework_source,support,implementation
code/src/pi_jwm/formal_world_model_baselines_v1.py,10874,3ccfe2c77e71426e0040e724874bffc30db67ed6f6f1ea28b0c53f4c845c74d6,framework_source,current,implementation
code/src/pi_jwm/formal_world_model_loss_v1.py,21216,e61134a4d6b17f8c094e78203724ade17b2fb9a17627a0321220c4489f52218a,framework_source,current,implementation
code/src/pi_jwm/formal_world_model_metrics_v1.py,36536,04218de7369ce18d2c5c5744dc3c18b9410f914df78f96ac9e3b669527948369,framework_source,current,implementation
code/src/pi_jwm/full_dual_graph_artifact_v1.py,18615,6977d94ac0c80eaee7fb135cb7841ec3112cc6bea548ffa4c516e6d0a2c05d9b,framework_source,support,implementation
code/src/pi_jwm/full_dual_graph_artifact_v2.py,21830,b474000fe19b7e7d70ecc456642eb9d8e152deacea2bfe386477ff9a49e0cd1a,framework_source,support,implementation
code/src/pi_jwm/full_dual_graph_collector_contract_v1.py,19900,75322543577a0f9ff3762a37489491cccdb8a10dba8a7373e4829585451ce8fa,framework_source,support,implementation
code/src/pi_jwm/full_dual_graph_coverage_v1.py,8340,179be51ee90a177e11f558a69387c7b10f466dc6d295a4ae60c7532788f21a36,framework_source,support,implementation
code/src/pi_jwm/full_dual_graph_vocabulary_v1.py,10639,b0c8a274f3c3725b9d4c284e736b0abdb8601b660c38d7929517a32c8e1a691d,framework_source,support,implementation
code/src/pi_jwm/information_edge_contract_v4.py,20237,e7af2ac636ebfabfee1c837461fb4f983baace4bf0ec1912f756e20dac2bcb7b,framework_source,support,implementation
code/src/pi_jwm/main_experiment_contract.py,10652,2a4afa4a980ef5ce2b7a915268fcf4ac0e9d5a75a5ba0a2b203ec95261df507f,framework_source,support,implementation
code/src/pi_jwm/model_ready_sample_contract_v1.py,19546,984e2a9cdfd48a12fd5435fb82b2a545d44db44c35884512d7e66f773a9fed13,framework_source,support,implementation
code/src/pi_jwm/multistep_collector_contract_v1.py,8583,66af2f7c5d8d04b148172f8c4d4b8a89e8c2afd7c87606fb45df4cbecb975c81,framework_source,support,implementation
code/src/pi_jwm/p2c_scale_distribution_audit_v1.py,30465,c243927233ad028ade330f9ab027c2f0f5c85607325eee9458bdfc8a2f37c93c,framework_source,support,implementation
code/src/pi_jwm/p2c_scale_distribution_audit_v2.py,6353,e258b31d01e5779b40a7fe15a2326a618c341e163d09d854ac8f4788b799e2d6,framework_source,support,implementation
code/src/pi_jwm/path_compat.py,3911,492874d96c52f1ce0d1f64b49c93d6b06a33e6a2d923fd59e1b2a9e4c9abb35e,framework_source,support,implementation
code/src/pi_jwm/paths.py,851,2d32c3e27b5e2bdee69ac062d1ca411197993b019b98736340483cab12036007,framework_source,support,implementation
code/src/pi_jwm/r3_checkpoint.py,4194,ffa83f3bffa0949dc0c269b818864abb6a21d397a5e9610a9e7f554b1a239c12,framework_source,historical,implementation
code/src/pi_jwm/r3_objective.py,8603,0b92851b42a24fa290bbe386ee7e90ef08362dbe4a4b445e39d0631545c18a5c,framework_source,historical,implementation
code/src/pi_jwm/r3_preflight_data.py,27509,0f232b93771fbc2b86e226be9914c087d532cd3ee365aad20e989f6a32fc0fad,framework_source,historical,implementation
code/src/pi_jwm/r3_world_model.py,22883,eb3bf63dd4586482be3d9d1aff1255f6d435f7ad9774226f4a7bb5d785deb4cb,framework_source,historical,implementation
code/src/pi_jwm/r4_checkpoint.py,5244,dc1c0c990032cb65bd26a7689e45a5d6c0ed7fb8fdee7847a12dc657e623af8e,framework_source,historical,implementation
code/src/pi_jwm/r4_gpu_screening.py,21681,1729633218cde5f3756b2669733d8950ae3889f99cf02fda3b60c5b15c625409,framework_source,historical,implementation
code/src/pi_jwm/r4_module_registry.py,11845,148a89be0373917778fb2a323a6fc4acfd295e61c0eb74dcce912c78594018d4,framework_source,historical,implementation
code/src/pi_jwm/r4_objective.py,13144,8e2daaa2e13f774ebf25011f396c01ea7f596e212805b00356fa95d554d8b148,framework_source,historical,implementation
code/src/pi_jwm/r4_world_model.py,42422,2dfa364ea69cefde0a0cad973765951517a838aadfb332672b6ad951cf840dc8,framework_source,historical,implementation
code/src/pi_jwm/r5_analysis.py,21249,c7ef150596fee58fedea62bcb495fe7e28eb0568d3b9677f7a00a4a2478ec926,framework_source,historical,implementation
code/src/pi_jwm/r5_checkpoint.py,6700,e82bf0ae1427c47ad5485bd17effb52903a6acba65e1b0d41a4248a031dca20a,framework_source,historical,implementation
code/src/pi_jwm/r5_confirmation_analysis.py,28013,72690ade69f44264009f368ba83bb653ed94e27342912a535cc7314ad30ec41d,framework_source,historical,implementation
code/src/pi_jwm/r5_confirmation_checkpoint.py,7230,9f6c2891b636eb034719fd37d2e341c6f1e9d99f4ec5b0ab5befcb11ecc556e1,framework_source,historical,implementation
code/src/pi_jwm/r5_legacy_control.py,3913,3ce5c459cae0bddfaa7f6d6db8c75362d5142a292611ebb900d531de37417672,framework_source,historical,implementation
code/src/pi_jwm/r5_module_confirmation.py,10236,ed70c76ddc9b514dec259c3623d2ebd28705780a7cc2fb2b34b67eba1f0d7a2b,framework_source,historical,implementation
code/src/pi_jwm/r5_protocol.py,5928,4617171d51650aee8de877a60dc37a6815c8279b6e443f2ee93b3ef8ed58b6b4,framework_source,historical,implementation
code/src/pi_jwm/r5_world_model.py,2177,87768a390bac9e8fec3353184ddc40f7837d4bc6ecbabd359b3b599a6bb306d5,framework_source,historical,implementation
code/src/pi_jwm/r6_10k_analysis.py,29055,537a1ea7567aea9e2c6640e07cc0a422738d9440c4233952900b26dc9f1e8a28,framework_source,historical,implementation
code/src/pi_jwm/r6_airfogsim_joint_runtime.py,15430,d9ba3d4d6f928bcc817c0777d4a995b9a166eb71fe842eb249e7acfdb4c45574,framework_source,historical,implementation
code/src/pi_jwm/r6_cpu_paired_analysis.py,10724,a6f9c3852352918e934adf60d631b65d2aa6a8d0e961520f1403e042c12c5a09,framework_source,historical,implementation
code/src/pi_jwm/r6_cpu_paired_policy.py,6660,0f0bc5267c9c1c213ea9b6953cec2a2f88b08dc3d02468f8f1a8c2f3b5886b18,framework_source,historical,implementation
code/src/pi_jwm/r6_cpu_preflight.py,12758,076990875f5be21f3ef3423939222fafe83d3267014a8ab1185e1780a5178c1f,framework_source,historical,implementation
code/src/pi_jwm/r6_gpu_training_protocol.py,8074,9baf8e931733306012dcf330cc666b45303650c3a75e8b39278fa302120667e9,framework_source,historical,implementation
code/src/pi_jwm/r6_joint_action.py,19103,c95a78ffd2010eaae46d791caff03658bb98d6f9891a818b122030c6b55d7d45,framework_source,historical,implementation
code/src/pi_jwm/r6_joint_policy.py,13427,f20658cffadf24a05439e695455d1cc8e7ec2a7020966d94254d7d8307144ce2,framework_source,historical,implementation
code/src/pi_jwm/r6_joint_policy_preflight.py,6976,6481cb223049c480eac8f5a37e8921a5b4d20b6dbd2cafd1f3872bf9d36305c5,framework_source,historical,implementation
code/src/pi_jwm/r6_learning_policy.py,7593,f16d635912db14405060f43bd9ee31642e8fa85d4b7882ec505834645cef5b75,framework_source,historical,implementation
code/src/pi_jwm/r6_learning_policy_contract.py,6766,1267ca703e4ae076ae3cdb2e9dcc02c72c070b41e9d42244cc854044495d5972,framework_source,historical,implementation
code/src/pi_jwm/r6_learning_policy_preflight.py,19464,1d0dca2ce828a462e752ba67a88c06e6cb93ebc7b3ea6926ced231caa99f22db,framework_source,historical,implementation
code/src/pi_jwm/r6_learning_policy_safety.py,6570,a680fc885295b95786a9f9b9bc0a1a3c6110b42ab72085e822503ea46d164bf0,framework_source,historical,implementation
code/src/pi_jwm/r6_learning_policy_training.py,5616,97bcc8611598ea066015cd7a99b5e2b75548f2288ed6e9609e367b15109ccbf4,framework_source,historical,implementation
code/src/pi_jwm/r6_online_observation.py,12216,3732476b03d8ea6f38a170d2ac903a9cdd2a36d7a90f8175fd87c4685c23a33b,framework_source,historical,implementation
code/src/pi_jwm/r6_reward_protocol.py,11572,9257101e6c71141a51b1c1ef7c7694796f0873ecc4ba41111328e1926ee32687,framework_source,historical,implementation
code/src/pi_jwm/r6_reward_surrogate.py,16288,3e9c8d5a93144ae9d71c07ef99916b14fa76290a4efe7a22fab3d3dac2ba2d1c,framework_source,historical,implementation
code/src/pi_jwm/r6_rollout.py,4633,d5cdd279b943f28d2def60b792a0c862a03a309020c4dea2bc92d1babc63a91e,framework_source,historical,implementation
code/src/pi_jwm/raw_single_decision_step_contract_v1.py,30133,261b05d96c3164903c5a3aa399bd987570ee76cc95098885dc2edc6a22fb8837,framework_source,support,implementation
code/src/pi_jwm/raw_trajectory_causal_contract_v1.py,7810,a784ee732e2ec5c4b4583bbc73e695ddceab7d68a7179adf7b93ee5642daf1e1,framework_source,support,implementation
code/src/pi_jwm/single_step_collector_contract_v1.py,4772,49b3d7fecd5950662c492313dc44d64c88945a61ac3c51282cf9776a75fdf002,framework_source,support,implementation
code/src/pi_jwm/teacher_evaluation_v3.py,32536,b04b04ee1bd465553dabefeedaffb56d63b71310cee3ab2d17c1c74a2f5a4c10,framework_source,support,implementation
code/src/pi_jwm/temporal_candidate_policy.py,6347,2ab4a2674b4b44607ef833a800a0996c2790a971ab62de0de53047e2eec1a249,framework_source,support,implementation
code/src/pi_jwm/v11_adaptive_gate.py,3855,ce67a76b2e73bcb4851ea507a98670d4354485e6b69dceddbb01aeafe2506f50,framework_source,historical,implementation
code/src/pi_jwm/v11_benefit_identifiability.py,31204,db431de71d7752518a1440fc7d27e3ec45dd0f1a707145159766d7c0b77aeab9,framework_source,historical,implementation
code/src/pi_jwm/v11_candidates.py,12717,9ecf88a8c29813421d5b21297b75aded3ba55c404a791fe0f8e56b9151723baa,framework_source,historical,implementation
code/src/pi_jwm/v11_crossfit.py,17003,86cf32517564f57d9c0cda6f46aab9e61ef00a48cd1528151ed8627664c4029a,framework_source,historical,implementation
code/src/pi_jwm/v11_interaction_selector.py,20928,177c35727aeea3b7cd19053cd488c47de55b00a7d3c8296b1857d858476ee106,framework_source,historical,implementation
code/src/pi_jwm/v11_interactions.py,12602,3649b7f04b98511c740599765c822c025d8e42c7533448dc3c7b6a54518485af,framework_source,historical,implementation
code/src/pi_jwm/v11_labeling.py,30337,b3e3e47ae33e354cd744f5bae10da6abd88df4f172abfc9fba54fd845757c0d3,framework_source,historical,implementation
code/src/pi_jwm/v11_objective_aligned_selector.py,33354,b84aec969d665abe1e2cb95870238b545eea58d06c013d92e27d73eb64a9a67e,framework_source,historical,implementation
code/src/pi_jwm/v11_phase_selector.py,9744,eebe0b5c3522e9f259135f2bb31f23734f9a64b1625be6249e5bc6dad6fe9967,framework_source,historical,implementation
code/src/pi_jwm/v11_physical_benefit.py,28521,ff736370fa68014899e32794c285746190137c16478329c820d5aa862152a8c8,framework_source,historical,implementation
code/src/pi_jwm/v11_rollout_value_calibrator.py,5376,c3a6312cd06712f9047ecc36f1f76b536f0b113350e8e1e2dd027c9d42f9efcf,framework_source,historical,implementation
code/src/pi_jwm/v11_selector.py,46389,b330ce39d0dca54e3167c5568f8aa44aeda2928e9fe1f75b83651aca68411e0e,framework_source,historical,implementation
code/src/pi_jwm/v6_data.py,11823,8466c6cc4adf958833a0d3d5bcd67e795257a56ede06788e9956b831b41e1195,framework_source,historical,implementation
code/src/pi_jwm/v6_dual_graph.py,14462,27ed3519f5d829fbb70db4cf7f54d4ad3f1aaaf5eb0081a1cef5b03b04942796,framework_source,historical,implementation
code/src/pi_jwm/v6_flat_baseline.py,2033,c431a41fa964af1a9dee4d43eaa7dfb369227578c27b13e8136f0142ab1bf6ee,framework_source,historical,implementation
code/src/pi_jwm/v6_metrics.py,2031,90647d21d86852c1788a8ecea8f9f8b9d101a730bb8581a12e8973b7ed9ee6eb,framework_source,historical,implementation
code/src/pi_jwm/v7_action_policy.py,10750,cfdc9c88d3ad2e5a15c28a2012225023171c3023795a0716fcc80c1aa0dceefa,framework_source,historical,implementation
code/src/pi_jwm/v7_active_rate_teacher.py,6414,c4908a91c8d07262878f3091b106513159e3b3fc6edfb466ed01ef454fefc97f,framework_source,historical,implementation
code/src/pi_jwm/v8_full_world_model.py,31169,17b27ee99c5ca7f7d911f69d75e9b4251d0388bf720fd8414d8273221a64ddae,framework_source,historical,implementation
code/src/pi_jwm/v8_graph_blocks.py,8351,0eb8b53f87999130ec2dde447ea0a63607fcf9f0def5c99b9a2a01d5fd107cda,framework_source,historical,implementation
code/src/pi_jwm/v8_training.py,50933,cd7f00c25575aa7506ed785234fd771a5ae0c4c337550ca5e5e872f4e88ffdc7,framework_source,historical,implementation
code/tests/README.md,1199,2cea3617fc7c607edc6fa0bab6b10bad3d3f98171a81e614219ecef3b2c6d47b,test,support,test_evidence
code/tests/small_experiments/test_airfogsim_cross_graph_evidence_closure.py,24041,a4d021cb6882dcd747af0b63d1cc728db4e53a2401d50153e8c61fd7bde80e00,test,support,test_evidence
code/tests/small_experiments/test_airfogsim_dual_graph_v2_reconstruction.py,9318,277e8d81fa8a75b3fd7218b7823072d2a0dbe127ee85fa7dfa821b231275832d,test,support,test_evidence
code/tests/small_experiments/test_airfogsim_strict_dual_graph_preflight.py,21820,7282b3ba4b52c137918343a8038e44e274465d15b0c1cdf92972a3ea874d1f23,test,support,test_evidence
code/tests/small_experiments/test_data_contract_field_audit.py,16354,64b0feeaab7682660a2e728eb68f338207818f77d35c284c3af0e36aec03ed53,test,support,test_evidence
code/tests/small_experiments/test_paired_action_causal_sensitivity.py,12437,efd8ce93d93fc086eb04f9bac3906ac4acbf2d3cb6cd2ea2fefd5e20b8515107,test,support,test_evidence
code/tests/small_experiments/test_strict_dual_graph_validity.py,5672,fa7d0765e952c75ee993e2f2343fcc0317dca926cb8607b8e4ec393bca45d584,test,support,test_evidence
code/tests/small_experiments/test_task_resource_conservation_audit.py,18599,8a3fd402b6b99ff48cc516442bb92bbfde938165afc01d6ba7c14f6f1515e6fa,test,support,test_evidence
code/tests/test_action_attempt_ledger_v1.py,11619,050ebbd1ca755b66a32bca10e13eaf72f565070edaaeb8f6837c92e96188d2aa,test,support,test_evidence
code/tests/test_active_heavy_dataset_pipeline.py,2925,d2c90e41c43fdbc1b052a1dd02e85d3a39954430dd15bf96d52257db0114805f,test,support,test_evidence
code/tests/test_ai_context_contract.py,4388,da9294073cfa3fecd3be9612631ef0ed01b7348fb59235c646b67da316f34664,test,support,test_evidence
code/tests/test_airfogsim_contract_adapter.py,6422,90658e41690c74a6ded8a87a887df339954af22a948dd00789107bba1884c8b1,test,support,test_evidence
code/tests/test_airfogsim_cpu_inner_rule_v1.py,4285,3c318be6dd190c0a77eee09bbcf6b5c0ac612db407812a1f8873a3a2fa389bc9,test,support,test_evidence
code/tests/test_airfogsim_cpu_policy_v1.py,5432,a04cab8b72972ec60dba101c68bbdc8a2e4b597eb402f4300623efc20035f0cc,test,support,test_evidence
code/tests/test_airfogsim_dataset_v2.py,3926,1f4e5c038f9c0a8836492f44e6d85dfa5d28505bdbcfb6c5f8867fbd123d41c4,test,support,test_evidence
code/tests/test_airfogsim_diagnostics.py,42358,25331bd19848570326dfb2d393c18e0438171dca56ede3557908d9f2ff9932fb,test,support,test_evidence
code/tests/test_airfogsim_dual_graph_v2.py,9288,14cdd38caa47321b7b3ac05512580f90b8cf187cdb22cd5647882a1eb4e49de3,test,support,test_evidence
code/tests/test_airfogsim_full_dual_graph_collector_v1.py,24192,3bee68c32372ab5e464df04af90ddc5a45db504efa2403b6ce46c275dafcdf25,test,support,test_evidence
code/tests/test_airfogsim_full_dual_graph_collector_v2.py,9361,1d2da038664df76692e70c0003e6aaf8289303aa6b2ee4c80da1dead862d9847,test,support,test_evidence
code/tests/test_airfogsim_full_dual_graph_frame_builder_v1.py,10730,3cc2e4a20443b5f295a1dc5c3931cd59e3a53bbe895187dbca666c68d722d370,test,support,test_evidence
code/tests/test_airfogsim_full_dual_graph_observer_v1.py,12969,36e50675da80218bfca8f3c90982733c8b8df5f353575bf5fc2a3ffec76d1c1e,test,support,test_evidence
code/tests/test_airfogsim_metrics_v2.py,6351,7810772dac19ef2c2b7a1cb5a917a07fce36e9b85a7d6fd3fb79716cfa71bec5,test,support,test_evidence
code/tests/test_airfogsim_single_step_collector_v1.py,9155,e0a9f8ba3f377749771b543bc17147b0057cc62af51a803d4fe79560cfeac314,test,support,test_evidence
code/tests/test_airfogsim_smoke_model_v2.py,6257,1d2e27e115998450815ffd1ec482c6904895c6447c554a8da54be9fa64faea90,test,support,test_evidence
code/tests/test_airfogsim_sparse_diagnostics_v2.py,3630,b40d4b2b388a89f1852108c91c2195572b3dd48162108e435b809876fc36c06f,test,support,test_evidence
code/tests/test_airfogsim_teacher_graph_v3.py,6332,04036a8fadc60cf1751a8982080ee206195d8c8b733f901327e5fd0466183e88,test,support,test_evidence
code/tests/test_airfogsim_teacher_tensor_v3.py,5013,f5776be48dfeda06d0a2e687b05efe93f6ccd81de01da5f322b446acf7557c10,test,support,test_evidence
code/tests/test_airfogsim_tensor_v2.py,11721,5239f9f29d0ac718bdf07999d86c10302b75e367cfd34bab4e6ce35a0f67cb99,test,support,test_evidence
code/tests/test_airfogsim_window_dataset_v2.py,13296,0d341637e430390f0238ab54cf4afff7366df14f6e79f035c4f4f0094f3d2094,test,support,test_evidence
code/tests/test_analyze_r5_module_confirmation.py,2687,d46b71b92842b0d3324a1ff009e4cb785c1e344f975be1f9654243c15677d437,test,historical,test_evidence
code/tests/test_analyze_r5_multi_seed.py,4158,c4f88ee9d1eef563fe30c02359a663fcd6b7227cd3cdfd00f81b547c627d2d2a,test,historical,test_evidence
code/tests/test_analyze_r6_10k_gate.py,1278,742da2d1b07a283f6b35787826f9a7da9f667b38ff889329769d91210edefb00,test,historical,test_evidence
code/tests/test_audit_information_edge_contract_v4.py,15624,cd9ee045babd8a6a93eb6c07d2c876edd224839cf61d029bbb40f4f0c1f95f29,test,support,test_evidence
code/tests/test_audit_r5_module_confirmation_readiness.py,1450,7fb98743864cef50ae408e2c2907659cff66a87cc4936bff85f407ee3b9e5045,test,support,test_evidence
code/tests/test_audit_repository_layout_migration.py,2782,f8a8db81ef535ab9600dba2b937a227805d5062f6b2f71791c5bba08c0fcc4f5,test,support,test_evidence
code/tests/test_build_airfogsim_multiseed_v2.py,7418,1abdfc55cecc123b50e534560cb88ebdf38e763565a59d8320cb05e5b3df979e,test,support,test_evidence
code/tests/test_build_airfogsim_teacher_aligned_v3.py,10117,5c46aaebae0a8ec66c3ff76c12d03c2e6c19637049333e4f1c2144313298411f,test,support,test_evidence
code/tests/test_build_airfogsim_tensor_v2.py,4807,08c2d2a7d89c9c10b673cb29259637f1e77b18e84702f8c192426ff70af37621,test,support,test_evidence
code/tests/test_build_formal_airfogsim_dataset_v1.py,12113,d5f45cd739d247436ad1c1cad495abf75f853a8a4d1ed33ab698c5d3b6973f9c,test,support,test_evidence
code/tests/test_build_formal_airfogsim_tensor_v1.py,14352,1de4b80fd19ffe6e49bb779c43d95295005194fc1806bbaec4e2957755c6fda0,test,support,test_evidence
code/tests/test_build_main_experiment_readiness_v1.py,4917,0630899cc0f502878e53851926a44bfc957c4b26be62df3d71c679353d688d22,test,support,test_evidence
code/tests/test_build_project_knowledge_index_v1.py,8602,1a64d531e5ba5c35a78a820985d8c6e56eacbc4ddc50020180d967aff92e29df,test,current,test_evidence
code/tests/test_build_r6_online_gpu_readiness.py,1470,62a3338156333362a67e2f1e8b586b277d6f24046fbda1d2a5fb6dffaeccbaf2,test,support,test_evidence
code/tests/test_build_teacher_evaluation_protocol_v3.py,15568,756065f0c19e916207de7f94fb9a256d4d22025258712499ee52237bd51af61c,test,support,test_evidence
code/tests/test_calibrate_formal_airfogsim_scenarios_v1.py,3433,e713c9ee2883f033187c24954846cbb0f514935bb2c42ef15ec1ad6b577b27b6,test,support,test_evidence
code/tests/test_candidate_selection.py,2213,52d21b499abac02afebfc39193cedc720315e5f63899a9c2bea7863c93ff66f9,test,support,test_evidence
code/tests/test_complete_rssm_world_model_v1.py,5867,18a91351e9e8194086fc69724207cf93c5795e20c620dd0316d11d187459c679,test,support,test_evidence
code/tests/test_cpu_inner_rule_v1.py,7488,e76ad3af9d8407d96e39a100263c7f2fa2021e86f324a9cfdb61081811e4023d,test,support,test_evidence
code/tests/test_dataset_integrity_guards.py,3788,653a2e8524c111cd71ea64a2acd16d5e7173c536d68207c90f667ddb06f8a354,test,support,test_evidence
code/tests/test_evaluate_formal_system_outcomes_v1.py,5507,be07ce619984529d35620963b60afe92d1b2f6f105d2043db7fe26ad651b678d,test,support,test_evidence
code/tests/test_evaluation_protocol_v3.py,8013,3150df6a48ecc36a1c86a3b70ab813fb6a35ffc347446f9bc93e0cc093049d34,test,support,test_evidence
code/tests/test_formal_airfogsim_collector_adapter_v2.py,11130,cde4145e490da00d73dd457104e9b6831ad17be615c3946d8be2c5a34e5ae7ef,test,support,test_evidence
code/tests/test_formal_airfogsim_data_audit_v1.py,2470,c5109816059af76ef6b1a6a6c60389af43c97be4edc173648b71b901a85f8c87,test,support,test_evidence
code/tests/test_formal_airfogsim_dataset_v1.py,6523,70bfd0ed0746455a4ee0a9ee75429096cb4ad4448af50f646561663f7b757778,test,support,test_evidence
code/tests/test_formal_airfogsim_graph_v1.py,7442,800bf1889350d6e1adcb12e9be5b41f947e7d25b1157e7c4c1626910596a2cea,test,support,test_evidence
code/tests/test_formal_airfogsim_protocol_audit_v1.py,2344,c035147fc68f1916d92d5ab3759e86d11fb9e48714ac3d85a6fd13c6306e9d56,test,support,test_evidence
code/tests/test_formal_airfogsim_runtime_v1.py,11405,d27f2d7ff4190e104bd435f8f5c1e0e933047731297a3080480f7c39717d2eb8,test,support,test_evidence
code/tests/test_formal_airfogsim_window_v1.py,11260,266bd980aa121720a1e42c4365ec8f54e5be28861f9ca97715ef61a942d3100d,test,support,test_evidence
code/tests/test_formal_binary_calibration_v1.py,13264,736109019049c139465dfe6f8ab2e6042a8682cc8622771a37c664e35c8dc03a,test,support,test_evidence
code/tests/test_formal_candidate_consistency_audit_v1.py,5790,37cb36154458e6864f68c155123846fb07df3ece444181232f2a1b11811c835c,test,support,test_evidence
code/tests/test_formal_candidate_rollout_planner_audit_v1.py,4000,96e747e8ee15028ad2fb91ced5c1994b75c6fa6c7d9cff8383e93219e4fa61b2,test,prototype,test_evidence
code/tests/test_formal_candidate_rollout_planner_v1.py,6316,f8be04d7c4a56babb4aa584270553b72dd5012ae04482cfd8ee8dafdc3e47ba7,test,prototype,test_evidence
code/tests/test_formal_complete_rssm_world_model_v1.py,8283,15f2fbfd8227c50d385dc5fdb58c6b849fa9578e164615440e9db1cc5b020e35,test,support,test_evidence
code/tests/test_formal_cpu_gpu_gate_v1.py,3560,43c4f813cd5015dd7c0eb6b78c44df8a9b25ae9b8f85c7ae316c40324bbefcaa,test,support,test_evidence
code/tests/test_formal_deterministic_rule_layer_v1.py,25165,5c13970fd420610d47223ed7ddda864a47e4310f8d8f7d064734e42d3d5a83a7,test,current,test_evidence
code/tests/test_formal_directed_graph_ops_v2.py,5318,204c3673fa8c8665a1a445d3c9f5c712e65b79e1ab1db1ba14f48992e4700f7d,test,support,test_evidence
code/tests/test_formal_dual_graph_world_model_v1.py,16490,2673c35f839df1e0d0be658a9dada97870da878fccdd1cfa7adee5eecc11018d,test,current,test_evidence
code/tests/test_formal_dual_graph_world_model_v2.py,15847,73c8ab84ffbdadf50a56a7fc19bbf771a3d7f1fc5670b2eb7f532fc133c81522,test,support,test_evidence
code/tests/test_formal_entity_aligned_rssm_world_model_v1.py,5574,1bb8b18d30fd8b9e9c5dafd782b06d16e270b2f7ac83ac783ef79e87e9506efc,test,current,test_evidence
code/tests/test_formal_gpu_multiseed_audit_v1.py,4850,04409b8c8125b3a2c39f1a066e17104758d0b98f265ca6106be6ac437e034870,test,support,test_evidence
code/tests/test_formal_gpu_robustness_v1.py,4265,b1f9f2a268d25af72cfa878008c62dd8fd939a937476bb145cef8f07aa320779,test,support,test_evidence
code/tests/test_formal_gpu_rollout_audit_v1.py,2427,ce22a491ade9f818cbfddf0417632d111d0714962461ee28041a29fa522cd0d8,test,support,test_evidence
code/tests/test_formal_graph_ops_v1.py,5270,986f474de70e467222b9f4ba92526863efb484bd141002ef2892ac763aa4f083,test,support,test_evidence
code/tests/test_formal_link_activity_persistence_residual_v1.py,4758,18e5d4f08a710464f3a64d0b8caed19c4c11987d9be39ca72b39f22f44d0912e,test,support,test_evidence
code/tests/test_formal_motion_state_v1.py,2241,0697cefe89420a09dbe5c1a932de8bb5da309e66b18f20acf18950d90091ef71,test,current,test_evidence
code/tests/test_formal_p4_first_principles_audit_v1.py,2349,e8ec81dc342d78d1ccd6468240f53003e5348573d9c49554f54f8db866ffeea9,test,support,test_evidence
code/tests/test_formal_p4_gate_v1.py,2771,7d8620833f180887a3cd3ee09f084ca529bce77989322fc632f3940bcb07ce3c,test,current,test_evidence
code/tests/test_formal_p4_position_diagnosis_v1.py,1483,9b8f61d78d5f98f2859dfca7ec153ba689d5982d12cbabfe54129c3e9e220345,test,support,test_evidence
code/tests/test_formal_p4_throughput_diagnosis_v1.py,1185,78040d19e9233c5f5eeaadcc7c0c15f3346dace7892e379cabd81fb475b524ec,test,support,test_evidence
code/tests/test_formal_rb_targets_v1.py,9664,650b8cfab86b259472dea77e256ebb964354177e0ec9f3a99412ab5d1857c1d7,test,current,test_evidence
code/tests/test_formal_rule_tensor_contract_audit_v1.py,2657,fe7123c73a3afe13f61d8accbd67618c1518fec05d5fdabed580dd7fa1cfb402,test,support,test_evidence
code/tests/test_formal_system_outcome_metrics_v1.py,5639,f3e8ba6be589030087d04c9e271bafc0a652d5b7f93ce5aa97e03acc79f9bd46,test,support,test_evidence
code/tests/test_formal_system_prediction_v1.py,5994,cc5f9d0bf011ce3c5f69f156141541120f775c099e939f18ff50507e0cac2375,test,support,test_evidence
code/tests/test_formal_system_targets_v1.py,9478,a5ecb1d8b2648873465d8fe307bd1facdb4391c14a1f9c38af8b8884f5b7f147,test,support,test_evidence
code/tests/test_formal_system_window_v1.py,6785,5af407b973eaea36850e94f205ad44482d4ff1c41edc6e195161a40a7f8c2daf,test,support,test_evidence
code/tests/test_formal_training_protocol_audit_v1.py,6317,5d9c1fdc5c5d29fd9fb511174017e7de62f9bff68ceeaf21050e667841400e01,test,support,test_evidence
code/tests/test_formal_world_model_baselines_v1.py,5025,3e18f484a3f22e0d1f2feea7a89dbef9229793bfc0b953b883adbcefd1bbda27,test,current,test_evidence
code/tests/test_formal_world_model_loss_v1.py,19062,d8b8b2dad4b8c000e4a163b9063ce3a3aea5f8abe6a8904556a9af9eb4bfeea7,test,current,test_evidence
code/tests/test_formal_world_model_metrics_v1.py,21821,3cad7f354a262f978252fedbb5411714b6ecdea0f287691a11147988a97fee07,test,current,test_evidence
code/tests/test_full_dual_graph_artifact_v1.py,8625,f8c552d76a42f40813afd1b21fd437ca932ffe64354a0c784832b7afa5d502bc,test,support,test_evidence
code/tests/test_full_dual_graph_artifact_v2.py,10014,f458233f906d8751f979c3042c7b479a828ef4cdbda06bc37dbc8586b3649263,test,support,test_evidence
code/tests/test_full_dual_graph_collector_contract_v1.py,12675,d441a27a0a84df2fbb224eeeb24b60d5b67c3548f983b3f9eef68a3010148c1b,test,support,test_evidence
code/tests/test_full_dual_graph_coverage_v1.py,6533,4b689d443369976986dd6fa87064b39fec6f09e0b8d28c39a38ea1497536bf62,test,support,test_evidence
code/tests/test_full_dual_graph_vocabulary_v1.py,6747,94a7be7dc6909f6cf7ad6ada173a5be215cc067ac12899da2497e9cf17160916,test,support,test_evidence
code/tests/test_governance_quarantine.py,6428,f9d2fd2af3d1ff7ae332cdf4d17d8655e8b87b8ec40ca7b45abca72e58db905f,test,support,test_evidence
code/tests/test_horizon_stage_analysis.py,3360,1294dff271bd90952519e3576ce7564857df4e33d7e44df03b5872e8ed04e99b,test,support,test_evidence
code/tests/test_information_edge_contract_v4.py,10627,584c7308d18b735608e6de03575d0a808bd8d39f0b8c6a392b573fbf3062494f,test,support,test_evidence
code/tests/test_launch_r6_gpu_training_matrix.py,2573,b63e3fde8a1397d7103ef0f2d70c52432f644c6ea2436ba771d0570867812242,test,historical,test_evidence
code/tests/test_main_experiment_contract.py,6400,c7b099239f35c6036b7c2a81b360c4350ec19d69bac23fdb2f23e80aa68af892,test,support,test_evidence
code/tests/test_model_ready_sample_contract_v1.py,6016,e3e025595db08dee65c54e77b1515a1d26d86faf3f6d0cfc41ae195d3b32aa05,test,support,test_evidence
code/tests/test_multistep_collector_contract_v1.py,6427,e2f8c7730f38e4f47cbac0c0aacb7c65d4ae3f0a33e15bbc37753cdc681c2407,test,support,test_evidence
code/tests/test_p2c_scale_distribution_audit_v1.py,6481,8215726646e1d5ef416a2d1dd387eb5ab96354b7fbf7afa1518d82dd6c70cb5f,test,support,test_evidence
code/tests/test_p2c_scale_distribution_audit_v2.py,7110,27b07fdafb1fa8367d9386faf34fda1efcda1afa02e627e220047658b673e9df,test,support,test_evidence
code/tests/test_path_compat.py,3847,fe7795f20beb5e7982689860359d593e073898127d9cd77f47de40095e93beef,test,support,test_evidence
code/tests/test_project_configuration.py,3524,bc7609eb0b506d38bc96edd2ec2876a179227d5cceb32bc86b41bd458d8d06a8,test,support,test_evidence
code/tests/test_project_knowledge_registry_contract.py,8393,fc0f145cd90694c5e2f0ba5fefd40dbbd233876ef77d1cc6360f901518b9047a,test,support,test_evidence
code/tests/test_query_project_knowledge_v1.py,2612,aa371b439af4e9e34a40fb8e625009c23d6df7027bb07bf1d2451f6c116d7124,test,current,test_evidence
code/tests/test_r3_checkpoint.py,3249,bce171079c0dd424b9f58930948f685372aa9500b03fb1f63a51756de8836799,test,historical,test_evidence
code/tests/test_r3_objective.py,4081,99dfc596f428c2152a31eb50d8e1b19bde76c4090432fce115b7000606cb210c,test,historical,test_evidence
code/tests/test_r3_preflight_data.py,13401,4c5284ef1202e0af8adc39b396a58d70fa1ec37e3a74e1bee3a785bebcdd70ab,test,historical,test_evidence
code/tests/test_r3_world_model.py,9110,44366cf89da39351c362d3c3941361fe878842f6de943441806c2d6cd37c5f3d,test,historical,test_evidence
code/tests/test_r4_checkpoint.py,4165,f70b0122d49a0706e5158d81a9a800f8c27670247ea318cc1d2ea277360cd07e,test,historical,test_evidence
code/tests/test_r4_coupling_candidates.py,2995,51a84dcfaff3c0682c6faf1f67362f89803b9bd042a8011ef4f36ff67c93d06d,test,historical,test_evidence
code/tests/test_r4_dag_candidate.py,3612,77cd509d87e4285df230bb8952caa06a060d8b7c2e2860c26a0d8b4eb0c37aea,test,historical,test_evidence
code/tests/test_r4_gpu_screening.py,6526,32a59a536ad699856d28efe8c253d2358a2bb73409b1378b6cb21f0b16b9f877,test,historical,test_evidence
code/tests/test_r4_graph_candidates.py,6030,cc8f7609b292f6bba8f3269d2fda7ba4967e2430d81c578fd36edc086f8a3048,test,historical,test_evidence
code/tests/test_r4_module_registry.py,4413,e2254e6de2cc7112f13ea71f50d56805460be21dacc004ddedc013b30420e8e0,test,historical,test_evidence
code/tests/test_r4_objective.py,2276,fb232edae44af872273df3d5da9772d6e5af1428f7dfd34bdfd88075e5e28e75,test,historical,test_evidence
code/tests/test_r4_output_heads.py,6202,204336a1349bd2f3996c64fe15f539cd5252089cc99c4a8ec10f396c644897f5,test,historical,test_evidence
code/tests/test_r4_presence_candidate.py,2788,92ac81cbcfcfe0ae1e01b05e4e03e12b0a1cb3ab8dc7857d1c68be0ac3f7e4af,test,historical,test_evidence
code/tests/test_r4_rssm.py,3882,8edda2400ddd20962c289b8722c1802b8112172569126bea71b16476c2910a0d,test,historical,test_evidence
code/tests/test_r4_world_model.py,5827,588c6ea9a7fa478d93c0e19d2d716e7fbac786d528bc05f61e7d9c60456e48fd,test,historical,test_evidence
code/tests/test_r5_checkpoint.py,5308,92895207558163b5d63ce50d567b13cb4b24148378600a2a6d8b80f8c8b39323,test,historical,test_evidence
code/tests/test_r5_confirmation_analysis.py,10599,81d89e1adff7bfed47be7cfbb105c23574d653fd8062222aecc50a2a2a9185d0,test,historical,test_evidence
code/tests/test_r5_confirmation_checkpoint.py,3004,c678bce64cbe51d2df57fb1cf34e6c909f461181beca24cfd5076646545b26b4,test,historical,test_evidence
code/tests/test_r5_legacy_control.py,2753,4dbc072c19d20f8cf86cbea6bf1fd679eb3e0a6e8cd807c18d18400d491d1dc1,test,historical,test_evidence
code/tests/test_r5_module_confirmation.py,3552,61172712ae16435696210058758a26d276f98d0abb0cf47e7ad943bcf52d1c30,test,historical,test_evidence
code/tests/test_r5_multi_seed_analysis.py,7344,20d170e5e78eecbd5b4e789a8817657a50bc6746a3926aadc38a8bd4179c472a,test,historical,test_evidence
code/tests/test_r5_protocol.py,2812,4c607848b060de388b4d1331b9e57e20d2b72cb02ebb8b2813c9efb92acba497,test,historical,test_evidence
code/tests/test_r5_world_model.py,5425,a8036188aa94d4c190e7e0aa09eee9356ca1083fdf131e29fec9263162b65cd3,test,historical,test_evidence
code/tests/test_r6_10k_gate_analysis.py,9046,9cf9e7b42945f80df0de2c20151b46fb3060ef0d61ef3aa00e48a47d652219f8,test,historical,test_evidence
code/tests/test_r6_airfogsim_joint_runtime.py,9634,b7d21c6987bb4160f305a08883fc986b346c3ca7e0c287726f011b9e7de3d553,test,historical,test_evidence
code/tests/test_r6_cpu_paired_analysis.py,2977,4202aa8b38aa1f3c6e5ebb3a2d1fd47c39388c4189b3144b51835a2acac7faa2,test,historical,test_evidence
code/tests/test_r6_cpu_paired_policy.py,3113,8ff172259b2f7840dfbe9f054fd9b45947c107349d6aa5e385bdcbb13d1e0503,test,historical,test_evidence
code/tests/test_r6_cpu_preflight.py,6880,256b202400b9dd43c55d606a06bfa35ff6acc60f6df653a00f11bda0a34f87e5,test,historical,test_evidence
code/tests/test_r6_gpu_training_launcher.py,2550,304157d517125aeb7b0ba9747889221cc0e4902846898433fa9504f90459d2eb,test,historical,test_evidence
code/tests/test_r6_gpu_training_protocol.py,3099,7693dbd96500f5e68eee192c495db223b7e99a7645b3d502e810e3feb4a813e4,test,historical,test_evidence
code/tests/test_r6_joint_action.py,7335,9e307d84378e343b625ff313f69b196301f3a6f5cedca5fd3b94b8dc9c802e1a,test,historical,test_evidence
code/tests/test_r6_joint_policy.py,4058,2fea3b2123323067dd03c4ab72ca5f7c284012275ad9b3b8ad6b248f744df144,test,historical,test_evidence
code/tests/test_r6_joint_policy_preflight.py,3204,ef31c24b80ce433fa57a6dd36a0ed0dec6f43a8c9d7a38eb7ab28e11d698431b,test,historical,test_evidence
code/tests/test_r6_learning_policy.py,3838,8b0039dc62d72b1ca6bf570991748df2c28aab93ce11ddc7bf717e11fa554b5e,test,historical,test_evidence
code/tests/test_r6_learning_policy_contract.py,3029,8ab77f17f737f2252d12f6a2de767cad1e207650945fd205ad1b8274ad5b574e,test,historical,test_evidence
code/tests/test_r6_learning_policy_preflight.py,4614,ba8f28a9e8fac757c30e0ec0d419a483e5b7f0ed9475195a03baf35d911f732a,test,historical,test_evidence
code/tests/test_r6_learning_policy_safety.py,5598,a435748bc197ed4fc277e1458dd4883d8f3991db455697a978d76c26ff4c6f22,test,historical,test_evidence
code/tests/test_r6_learning_policy_training.py,4027,842669ef14273fc00ce901747d1ad2d546e3fcc7c6182e0196b6f37b88b5c09e,test,historical,test_evidence
code/tests/test_r6_online_observation.py,9674,9a7d5666f98cc09c09d8621775dd1b019fc1fd3164a40841b86150c220f8fdc8,test,historical,test_evidence
code/tests/test_r6_reward_protocol.py,7498,2a88e9ff64ed21247d23b153f3f99e4205315220abce77f5228fe3e1f0aaaf00,test,historical,test_evidence
code/tests/test_r6_reward_surrogate.py,9225,d2d47a5befa2f85db31a675e89259750203678fbcef917d89f34198f1849fffe,test,historical,test_evidence
code/tests/test_r6_rollout.py,4372,6038546b8252ba193305a00f39797ba77d3ef2d8bfe965faeb9c3538c15fb9c2,test,historical,test_evidence
code/tests/test_raw_single_decision_step_contract_v1.py,11003,7871a3a5569360eb1290ea6f97a349c00677cfdfc2fba8a24be7a8ad2252ae56,test,support,test_evidence
code/tests/test_raw_trajectory_causal_contract_v1.py,4768,d8c0f78f57d1164ac60affccc171e512ab2c50f7315b06f1d4aca989254d0ebb,test,support,test_evidence
code/tests/test_reevaluate_formal_cpu_runs_v1.py,2809,f07b11237519d673818f852c87d45fa3681158f35c4252bc8abd3806fb9e56ac,test,support,test_evidence
code/tests/test_research_progress_audits.py,1576,e90f23480b96b5688595e3d36a552dfb2f91381535e16ca0bee46c6624f6f5c3,test,support,test_evidence
code/tests/test_result_protocol.py,2915,4652a7f4832b73db52358e308625b5fc631bd118673d25d585f3bb8ba36107bb,test,support,test_evidence
code/tests/test_run_airfogsim_sparse_event_diagnostic_v2.py,3175,a27f721261a1811e7b51b0e9ea1d67d5c2bccc76da60eae3c4766680abb34d1b,test,support,test_evidence
code/tests/test_run_airfogsim_tensor_smoke_v2.py,2647,0ccc0b04f8e1fd0c4bd60fbd2260ead7b80329119ab1becf81b57d9a2c027584,test,support,test_evidence
code/tests/test_run_cpu_inner_rule_preflight_v1.py,5533,f2270d7fba63aebe04ac65cfb850733dc9c9aac5b8fe82b4833bfc324bc45fbc,test,support,test_evidence
code/tests/test_run_formal_directed_dynamic_cpu_smoke_v2.py,2139,5dcc91a59b9cdefc07d7708f0a107b5428e53173d2bebf9c298b1afe6ddfce12,test,support,test_evidence
code/tests/test_run_formal_directed_dynamic_gpu_train_v2.py,3692,72d36f5a30c39d80fbe1f8415df2946bb4f383c6578b8f41bb062f7017f2c85e,test,support,test_evidence
code/tests/test_run_formal_dual_graph_cpu_smoke_v1.py,4149,fa21b8b3d5cfce0a6bf046a5b76157ed16eda5e2913a10a57b8c3811255f7919,test,support,test_evidence
code/tests/test_run_formal_dual_graph_gpu_train_v1.py,30505,2114f541f40dbead6632d92ebe63c55c59d020517e2abd194d8c2f8eaeca4e6a,test,current,test_evidence
code/tests/test_run_formal_link_activity_persistence_residual_v1.py,7023,539258f05a9f1023449155cf95739910e5aa6acac9ec0873e625a04b0390144b,test,support,test_evidence
code/tests/test_run_formal_p4_direct_edge_rule_feedback_intervention_v1.py,6876,09927eb904dfd29f4b41e7bfc64419ad7e31a7cb7bb63efea285b90448d40fb6,test,support,test_evidence
code/tests/test_run_formal_p4_edge_gru_bypass_intervention_v1.py,27575,0e871d94f2d143cc191a45c5bd9b73f757c5e79d63dcdca9dae7c20fb2271cca,test,support,test_evidence
code/tests/test_run_formal_p4_edge_gru_interface_trace_v1.py,32567,d11315f36244fdfa20b0ee307bc4d5054e335c69386b2177e4ea95f2fe6a30bc,test,support,test_evidence
code/tests/test_run_formal_p4_entity_rssm_gpu_batch_probe_v1.py,1077,65b8588466362be4f733585a3cf9df6d33554e92c4521b88b10943fe4927f5a2,test,current,test_evidence
code/tests/test_run_formal_p4_link_activity_bias_latent_diagnosis_v2.py,3894,ac124a0fa3c3820b71ddb27c07506961fae56371c6e0642b8d296793da3f96d6,test,support,test_evidence
code/tests/test_run_formal_p4_link_probability_calibration_v1.py,36721,bb725b97d51c845727d52886dad4d31ea3193e8139952b3dc555169d441073d1,test,support,test_evidence
code/tests/test_run_formal_p4_link_recall_diagnosis_v1.py,19173,c57e6c08f0897e127ceb0b696faf54977191eccd926f6b9f6f77b5fa0cf115dd,test,support,test_evidence
code/tests/test_run_formal_p4_threshold_protocol_audit_v1.py,1125,001710b35e6b607fa5d4aab138fc8d1f0c4f1888a621afedf735e0d7abc9b6df,test,support,test_evidence
code/tests/test_run_formal_p4_world_model_gate_v1.py,1978,ad7835485a29bed50c1d6c8665e347c76934c086f0c6bcad2462a90fa6278bd2,test,support,test_evidence
code/tests/test_run_p2_full_dual_graph_collector_preflight_v1.py,7417,c71b8c0eb7bcb96d09eaad79a3fb901b18670ec201b2df244f6a9671eba80bca,test,support,test_evidence
code/tests/test_run_p2_full_dual_graph_collector_preflight_v2.py,12263,6e8f7129587d20b0f222f2646a412edb48274bd1e0ae7375ccf1de134ed83365,test,support,test_evidence
code/tests/test_run_p2_multistep_collector_preflight_v1.py,9732,7499bbe4a6d096058929a2ba70d928c960ae7616e18fe9add2b557d6d3df8197,test,support,test_evidence
code/tests/test_run_p2_single_step_collector_preflight_v1.py,7991,381eb1c9edbadf35e2dfd2be1709908f865d46a84654a6d4ca347c713bea9b31,test,support,test_evidence
code/tests/test_run_p2c_scale_distribution_audit_v1.py,5059,31f00ee82062021367434fd0e121d34439e68c5d72eb74add275e6e736d81b42,test,support,test_evidence
code/tests/test_run_p2c_scale_distribution_audit_v2.py,4039,ceaa514757725ee965a46586e17abc6de3e55406791b1a39d3c431c22e6f12b6,test,support,test_evidence
code/tests/test_run_r3_cpu_preflight.py,1915,4a8319a3f8b22ab8100a42fd90134008a6aea9158abbaf8e16c420def9d5f11d,test,support,test_evidence
code/tests/test_run_r4_cpu_preflight.py,4065,7c69137cc5420f30f50a43902d99d11c5d524aa9d2ad1421277c7d545cb94ade,test,support,test_evidence
code/tests/test_run_r4_gpu_screening.py,3238,fd3d45923c2ed41d560fabd0931f37046e6315538a3dba119dad013dc2e96d36,test,support,test_evidence
code/tests/test_run_r5_cpu_preflight.py,3892,88a00cb7f629ba4e0327b750ce637d4b7d932d1507bba953ca5f0a56a4a4f26f,test,support,test_evidence
code/tests/test_run_r5_gpu_training.py,5989,d47f7ae35fef7249645dea495368146e51b41967433a91a26c4604401f8f5776,test,support,test_evidence
code/tests/test_run_r5_module_confirmation_training.py,18627,426d9ccbcda841eb25734e0e958f22d867d5153623a45b79003d14645afc1942,test,support,test_evidence
code/tests/test_run_r6_cpu_paired_closed_loop.py,1219,a564263343246ea2bfc691c3682df32e6289a0dfa6518d3eb1f386da17f27d07,test,support,test_evidence
code/tests/test_run_r6_joint_policy_gpu_readiness.py,3640,d8defdafd199b344b81cf7787f1e5090b147d795b9283e70d94544520802a660,test,support,test_evidence
code/tests/test_run_r6_joint_policy_gpu_training.py,2470,253a477eadea01a97c166b9118437f4ac1ba0cefece3c16e1624466253dc38a9,test,support,test_evidence
code/tests/test_single_step_collector_contract_v1.py,2338,24b58708579e1f14dd74c71cc79befed24d67685546b4124f125e4c02a225fbe,test,support,test_evidence
code/tests/test_strict_action_helpers.py,1730,33951879df67d818967d2d5e614cb830cce69eae59fba603e5f66d4362f26496,test,support,test_evidence
code/tests/test_teacher_evaluation_v3.py,11316,0ca3a7e71abc0c7e1a7ec2dc757ec2c4d6620474b6c77db11f1c29cbf15be06f,test,support,test_evidence
code/tests/test_temporal_candidate_policy.py,4742,9bf5f339d88327eef4fe2e4763b6eb8cc2bd61ae2e75c956c7e4dc9143d582c3,test,support,test_evidence
code/tests/test_v10_policy_bridge.py,26572,cd18a33a0b7a01e20b73af5f3e3a8bd7427cc069ab07a3c1c8dca5aa9bc14aba,test,historical,test_evidence
code/tests/test_v11_adaptive_bridge.py,3849,2a973befae1f74680b92bb896c95bb41670abf20eeec2c2e7cc51c3f0235c192,test,historical,test_evidence
code/tests/test_v11_adaptive_candidate_oracle.py,3256,cf3733e618b87268d370e30f2041a278ac67fd633aaec85c48b6f82fa6a6311a,test,historical,test_evidence
code/tests/test_v11_adaptive_gate.py,3893,e32a85e49545da005cb04c61e58723b19cad0c0130385764b78d1d61dec864fa,test,historical,test_evidence
code/tests/test_v11_base_policy_tournament.py,1620,bc433a3c8c48555a17d24dedf487c43cd2de73af7579d2cbf4003bf7a747ea52,test,historical,test_evidence
code/tests/test_v11_benefit_identifiability.py,29646,d8e8ed6064ad3ec8e4eb86ba238016d230791715cd83dc53a4be2f98d8407318,test,historical,test_evidence
code/tests/test_v11_branch_template_value_selector.py,4715,7ec0ec8b78ec843ae2b8fd0695001281c40184d5b8c37f283a41ccb05dcb6bd6,test,historical,test_evidence
code/tests/test_v11_bridge_calibration_sweep.py,4561,f2184c56297c800d2bda5c09ae4e243965ade72470dc9d5db13d3e5b83d251e2,test,historical,test_evidence
code/tests/test_v11_bridge_operating_point_diagnosis.py,3807,ca825816b66554453673aac5a6224be4c9a9a1796788ad389a2bc7d759b7bba9,test,historical,test_evidence
code/tests/test_v11_bridge_proxy_selector.py,3015,ea81fa58e9ccce0e6cc3eee1d98cf7444ae57c7c0e875acbb422a43613999ab9,test,historical,test_evidence
code/tests/test_v11_candidate_subgroup_diagnosis.py,2961,49932f77612c5d7270da94131f167a3b33232a5f0c5a7cc1c80fb54a6693162f,test,historical,test_evidence
code/tests/test_v11_cem_planner_refiner.py,1351,e523b0c42e502b85fe23edbc4374a3f109e7481255d29dc6d314f7e3e4bf48c9,test,historical,test_evidence
code/tests/test_v11_counterfactual_value_attribution.py,2980,ef699a7f20001a6082990fc865b6500235d7e08040a9ea7b1254d6e7cd87ef35,test,historical,test_evidence
code/tests/test_v11_coupled_token_analysis.py,3992,f2be668e29438413359d5222ebfb348b4406ad2f89500d10a4c477fb150f4c2f,test,historical,test_evidence
code/tests/test_v11_crossfit.py,18543,6108d701792a9cc4db9f3ab5241387e0a323b1d3c24afa8064debbb1ca644994,test,historical,test_evidence
code/tests/test_v11_diffusion_support_generator.py,1756,279eb493231fccc4dda23af4ab4faf86274348b8ea854417bd702fbb488e9946,test,historical,test_evidence
code/tests/test_v11_foundation_phase0_2_audit.py,4046,65eaccb09f1924e3a5d4ddbe5fea0074cc92e172c4fb279d38e1f7cd30cd1fea,test,historical,test_evidence
code/tests/test_v11_gnn_greedy_scheduler.py,1660,aeb666e8e91d2570b3f5efbef75f748bf297eaa9d2659e9cd04c42eefc7a781d,test,historical,test_evidence
code/tests/test_v11_gpu_candidate_batch_summary.py,1767,99a5d97d40241582592bf09e7041e0b76d4d0277d153da5064b00cf27ad6c8b1,test,historical,test_evidence
code/tests/test_v11_gpu_handoff.py,5315,0fe6b98a58da79ba0a6e3a500ad6007acb5a366fd3364be17fa9e7ecb67d6907,test,historical,test_evidence
code/tests/test_v11_graph_support_generator.py,57242,a70bc805f502f991cfacfa10389e60f231e147f7c15ff91bd25699c2736c5514,test,historical,test_evidence
code/tests/test_v11_interaction_selector.py,9766,cdc2d2f831a63dcc7d85d06398f6537ebdb55d6a3a9d97978f86627943a6cbb1,test,historical,test_evidence
code/tests/test_v11_learned_point_selector.py,2151,39939814293e883048d8988ebc199a90aa367c48eb7508059ff5609e2e1015fa,test,historical,test_evidence
code/tests/test_v11_objective_aligned_selector.py,16990,08d780548ac3b917328be88dfb39d9afe01fc734a479278d11e8bd4f6c921cb4,test,historical,test_evidence
code/tests/test_v11_phase_selector.py,3921,1ac0b96eed4ac23a771188436d77d0b223c49a76bf51f96827ecba42d1a835a1,test,historical,test_evidence
code/tests/test_v11_physical_benefit.py,19882,abf73b092839ca4c76b88830dcaa0e1370c3cdf61f42611f68f9b75c67f519e2,test,historical,test_evidence
code/tests/test_v11_pointer_support_generator.py,613,88ee931afce1e7ab78d69fc81f20421606cb5a7a7c576f392dc1f015c75e5097,test,historical,test_evidence
code/tests/test_v11_policy_action_proxy.py,8484,1e094528ce166a410e6e2a3000b2373c42349137f35e69942b1ce307847f3131,test,historical,test_evidence
code/tests/test_v11_rb_shrink_sweep.py,1842,059b50e69a11bbfe389d23439847f4213ef2b6dbc7cc9262ff22ca3b5e18dee7,test,historical,test_evidence
code/tests/test_v11_rb_total_conditional_scale.py,2506,2a8a1bb92d0e3093532c375587a27c740c1cfcd0ae06102a3af0ea6816a60827,test,historical,test_evidence
code/tests/test_v11_rb_total_repair.py,3069,6d2bdf56cca118f6c72317b7f7fd46ebe14680f080d35a915de10484c26476d2,test,historical,test_evidence
code/tests/test_v11_rb_total_risk_controlled_scale.py,1523,3b7acff938c2ca21e9931407a770df1438dafece7fa2264640436d3e3a5a6851,test,historical,test_evidence
code/tests/test_v11_rb_total_value_head.py,12945,01f0863f2ae336e36cb62acf9f0d0d8a724eb76aaa2afe52f911370d2ec15ea4,test,historical,test_evidence
code/tests/test_v11_rb_total_value_reconstruction.py,8169,4e44c958d9170a3a542e768bffdbd86c4d02d505bfd6eb47b6dcce88ac0e0c5e,test,historical,test_evidence
code/tests/test_v11_repair_benefit_shortlist.py,2581,cf3200201585b643a05b01a618b1e6b08312f7bf16fe304df0806832c8686b93,test,historical,test_evidence
code/tests/test_v11_retrieval_action_generator.py,3516,353071fa16b737ab3995252edf8fd2c3c54f070ab445c83eb8749e838a4bb709,test,historical,test_evidence
code/tests/test_v11_rollout_reward_template_selector.py,13875,e71048492c6119037add0208c1d86babc2af54c80e6376b47829a7052ef6c4e0,test,historical,test_evidence
code/tests/test_v11_rollout_value_calibrator.py,3837,101212ea4fd7519d356c7ccc0de4f921e6f61b37a16de0e50b2a6b238c9af71f,test,historical,test_evidence
code/tests/test_v11_rollout_value_calibrator_training.py,6654,19ba136b953f1e7c7bba95ad884a908a0c4cb6e9be54f676ef7c7e042a3d24cc,test,historical,test_evidence
code/tests/test_v11_scheduler_pattern_generation.py,3623,14c17e0db4b72ba7fd113379c658190247bc91ba47d990a60e51eeffef51759c,test,historical,test_evidence
code/tests/test_v11_scheduler_ranked_allocation.py,12677,2708485134a4c0b1fa79afb6bf72ef8c0cb5239e4d4eb6aa89a6b1a1d68157c1,test,historical,test_evidence
code/tests/test_v11_schema6_interactions.py,17244,53a353fb6a5e57c54b5d0c15da42d29009429d28084c134f9f77bb74a84a8b60,test,historical,test_evidence
code/tests/test_v11_selector_finalization.py,69805,5aa487a128330fde0419a7c53ec0501677b18a5b96215764cbb91f51619fdab8,test,historical,test_evidence
code/tests/test_v11_strategy_selector.py,2128,10d404897254adb69c08f4ed819e944c3eac3566cf91b7963e7a240c3fd33a88,test,historical,test_evidence
code/tests/test_v11_template_policy_selector.py,3695,b578b74540e9b662ded58f8fd6e2a1492ac930df863d68ff0e9539e05444856f,test,historical,test_evidence
code/tests/test_v11_value_calibrator_drift_diagnosis.py,1378,6ac23f1ed9d18abe589c7415c3f403cafea0090326d6e8275eb384b4a7c73714,test,historical,test_evidence
code/tests/test_v11_value_gap_audit.py,1687,7aede2b550beb4afadf620e68242e83d4c495609e8ce03f964448405f7f0b02d,test,historical,test_evidence
code/tests/test_v11_world_model_trust_phase2.py,2020,c7367faa90367c079d0669e41a715849572c5407b887be369b5c735214adf248,test,historical,test_evidence
code/tests/test_v6_dual_graph_rollout.py,14288,0e7d5690802e164b2a554680f45e4a82a8bb33b71e1179cc5d2fb5839d9107b5,test,historical,test_evidence
code/tests/test_v6_flat_baseline.py,967,b6022ff347abd93335e490d50ceb0d85086eb18e85c5c4a6eb3df3353039d1df,test,historical,test_evidence
code/tests/test_v6_metrics.py,1770,1bb93f04e5468ae78b5e539c185f19bc32e2e54955e17924c8769700df2bc6db,test,historical,test_evidence
code/tests/test_v7_action_policy.py,38268,612c977a1f18e88d48e29b52e241eab6230691d330f895f0b070e3062dd50f39,test,historical,test_evidence
code/tests/test_v7_action_specialist.py,2076,56ddca8d8094cc6c59366b32937f29c599e69a308685a82f275a9bfceb27193c,test,historical,test_evidence
code/tests/test_v7_active_rate_loss.py,9223,cc310b048af95b5ba3ba49c2308dbab3017d3965ddd382046b039c0fedacc7cc,test,historical,test_evidence
code/tests/test_v7_active_rate_teacher.py,1843,5bca3eb223b59ffed66e1554705782d6d1a8aa5e072830a4941beaf3a3b290c9,test,historical,test_evidence
code/tests/test_v7_activity_gated_rate_head.py,5795,e2f962c4feed4eefdb21e1bfacf204733d7ee644e35c18006055223f3f3ddf07,test,historical,test_evidence
code/tests/test_v7_dual_graph_fusion.py,4259,8fdea9012dbdfb56ee2295e3decaeb0d5fd0cd0a686c419e5dee9080e451ec9e,test,historical,test_evidence
code/tests/test_v8_active_rate_calibration.py,3806,561db5b5a67f8a3dbb1265a45266e51e0fac8c7fcdad9372a4f3f3a32bc138a0,test,historical,test_evidence
code/tests/test_v8_active_rate_diagnosis.py,7564,376737319638b4106aabc59d35fb822477835b55dc728ebc930d9b5298e55ad2,test,historical,test_evidence
code/tests/test_v8_graph_blocks.py,24634,235293d3509700bdfd4f18f90b307d65e652548c3e30e1b865aaf4e552947b81,test,historical,test_evidence
code/tests/test_v8_training.py,102507,6aeb894dfabe746f4321e7978fd09aaebef67a4983c9c187553f8df47773c639,test,historical,test_evidence
code/tests/test_v9_action_ablation.py,2534,f0fd7d9cbf6b2039f2e3f94e226740520149d69869b82936b80983e42eec3834,test,historical,test_evidence
code/tests/test_v9_gate_calibration.py,9033,1656c8372717f0ce0ba3c0c2170e0f8309d4238769e03a5a6cb3d55ab33c0e03,test,historical,test_evidence
docs/ARCHITECTURE.md,6384,c6e404e88541638640d007c2a60f7b9d718498209e82f23135be1ef37e40fd5e,documentation,current,navigation
docs/ARCHIVE_CANDIDATES.md,2005,5c4b4107e2cba99f008d551e35c0d1df48d284a2f728f9100d26607e9802f889,documentation,current,navigation
docs/CHANGELOG.md,7127,40bebedc3ef62bd32f715e955d7317e77ae5acdfa125087bb693d6747c6c4c79,documentation,current,navigation
docs/CODE_INDEX.md,2712,939e98173bc656dd20d06826aa147b54d01d9b1a87fb043ebc9911a447b5a5cd,documentation,current,navigation
docs/COLLABORATION_GUIDE.md,3979,2a4293fa566b4457a1157ffa9600bf0c4b180975cc73fb9ce109a9cf2d191fc2,documentation,current,navigation
docs/EXPERIMENT_INDEX.md,5548,e05c1d636e5d343989caa3f25b23dd80b100b0c67352f4a75b422ec31989363d,documentation,current,navigation
docs/KNOWN_CONFLICTS.md,2569,366c063c79a460b05bc440fcd81fb4e168803ad5bf01fffe4e85e6ae6b9bffb1,documentation,current,navigation
docs/LEARNING_PATH.md,3241,a08729c53ad2b12768f8fd79ff9b3f3fce036670ce73f37698c1e7f371dc6156,documentation,current,navigation
docs/PIJWM_IMPLEMENTATION_TRACKER.md,11906,4af58bbfc4854d816133528c89870844d8d0a2984186a5fdb6274a57fd7c716b,documentation,current,navigation
docs/PROJECT_INDEX.md,10122,92ec7201bb4490aeb7a154a6ebe178ec96a1369b9e45c1664141cce19e6dee01,documentation,current,navigation
docs/PROJECT_RESTRUCTURE_PLAN.md,6185,facdc59ee941929da490ef6aa6e318341af316ada76d8c8eff1813e2c8571aa3,documentation,current,navigation
docs/README.md,2320,f310bb8853474c87f49c9209817b872cf5025ef3fac65dbb6269f2d5a1347509,documentation,current,navigation
docs/RESEARCH_STATUS.md,7303,823704d043354307eba90ea781984f7c775e3130792534c63b8b7cd292974ca9,documentation,current,navigation
docs/RESTRUCTURE_ACCEPTANCE.md,5455,fb7363a695cca03c744b9dbbd26108993045a23c9b620784615024d3bc7b2d9c,documentation,current,navigation
docs/RESULTS_INDEX.md,4385,9396686c5168cb6cfabee6e2407967ca38dd67b8a79109e795a0691b8401a56c,documentation,current,navigation
docs/RETRIEVAL_GUIDE.md,2099,dd35a237796b650e857481de7a1b8b21f29d6e026307c6601f9f0959fe340356,documentation,current,navigation
docs/archive/原文档README.md,2995,209428979b5d1879e7836b2120bdb7c7db881258decb1b53b7f7fa064d92eecc,documentation,historical,navigation
docs/archive/原知识库README.md,892,3d28975ca9935587d0b7325b2c69870f0d844244a8cea1269eb5c72122e26887,documentation,historical,navigation
docs/contracts_PIJWM_MODEL_READY_SAMPLE_TENSOR_CONTRACT_V1.md,6396,cb0f9f25651b0bc7a776528a68c4cc54bce5c657a253ecbe527797959fa79fdd,documentation,current,navigation
docs/contracts_PIJWM_RAW_SINGLE_DECISION_STEP_CONTRACT_V1.md,7119,6b506217a109fff9b281188f1d629102e24ee9faaba69296a1cea9ca2ed88bce,documentation,current,navigation
docs/implementation_records/README.md,3760,c366c350bb8119313b9199ad9778fd80edb54e410209da40f59ded991baed716,documentation,current,navigation
docs/implementation_records/STEP_01_AUDIT.md,15145,747cebff558aa0406a4eea6f9e11e32e780630ecfe19c3b41dd7da5a2bd593e3,documentation,current,navigation
docs/implementation_records/STEP_01_DATA_GRAPH_AUDIT.md,15911,72ae77fdf7f672ecbfe03d2f55cc2fb02db0947489d86d1dcb0492a3f3e236a6,documentation,current,navigation
docs/implementation_records/STEP_02_1_REAL_AIRFOGSIM_SINGLE_STEP.md,4346,fa14cf50742adbe66008a898fa3421bd77d33e8fe3e51f3b0b861a859202675d,documentation,current,navigation
docs/implementation_records/STEP_02_2_REAL_AIRFOGSIM_MULTI_STEP.md,5144,5c0b41a4b62da8367c52bf7c009fac7fc0cfe13545acf205dfb903a3a977e570,documentation,current,navigation
docs/implementation_records/STEP_02_3_RAW_CONTRACT_CAUSAL_COMPLETENESS.md,5424,a3a1d98b447f561379ee8f0af274a0220359a639f1911e5784d5c04d30e41b58,documentation,current,navigation
docs/implementation_records/STEP_02_4_COMMUNICATION_OUTCOME_SEMANTICS.md,6098,72887d31d2b45dff77b0110b42512330c521d5dc18ada0db35d20ddd89e7c13b,documentation,current,navigation
docs/implementation_records/STEP_02_RAW_TRAJECTORY_ACTION_CONTRACT.md,3904,4a77f11b57f11ca295dc0e9f0b6d48caceee3895b4c89fc2df292f49646e5210,documentation,current,navigation
docs/implementation_records/STEP_03_1R_MODEL_READY_SAMPLE_CONTRACT_CORRECTION.md,5190,03189d6e806c9f91749e814e97096d30a48d9bd825e14dd6bc3d25e58491bd48,documentation,current,navigation
docs/implementation_records/STEP_03_1_MODEL_READY_SAMPLE_TENSOR_CONTRACT.md,6173,619ea6916ab5572f747f5d45498ca1598fc6c5ae33e2542a533e3249ffa8646f,documentation,current,navigation
docs/project-notes/原文档索引.md,572,5958fc73e4182f27e89b0446575e30c75faca8610f401f13c9a4d66eb459fb4f,documentation,current,navigation
docs/project-notes/实验结果口径.md,1562,c84e83eaf3071567996b7280850d2ae5e047416960b1c633125dff05904605df,documentation,current,navigation
docs/project-notes/新对话接续说明_20260721.md,16830,21781b62dc7dc072e3c1cdfa92dfca9b66291718b0aa84aaf1c0fa4c6d83e8bd,documentation,current,navigation
docs/project-notes/框架图.png,108779,f80ba5fba8b7949c1878b06b32993f970b34ff3f189b744a99bdd999df72ace5,documentation,current,navigation
docs/project-notes/框架图.vsdx,2086659,fefd051d2ece42851cd71f263f48d915cc6199bb5fb4da36f2a62061ea37d2da,documentation,current,navigation
docs/project-notes/研究问题与系统边界.md,8804,7c4fe704e1868b72f5cd127e0d27f3dd2657573bfec9a9948bcd4cf0ab6b0eb8,documentation,current,navigation
docs/project-notes/老师说明.md,572,23f288e8b311239081ff74f78d3a06b384bf242820a729a5647cf79bb2a6547d,documentation,current,navigation
docs/project-notes/课题介绍.md,2726,62c614a44aabbeffc03961071265c4412bd79fee8a9f1a3cc4b3bd09f8b57d08,documentation,current,navigation
docs/registries/README.md,2399,1e2b45756fb4f80f908724daaee846ad6d9a43ca1ff3537f54687dd3137e9300,documentation,current,navigation
docs/registries/deferred_work.json,2285,b6bc9ca170aff26e2447d50c62777c23c31446e527687de3da0cec78e74178de,documentation,current,navigation
docs/registries/document_authority.json,6191,6abdb5cd3b4db2f7578394993410b2440d286d05391a5e371e3464cfdedcb566,documentation,current,navigation
docs/registries/experiment_registry.json,15570,34d65b29a0816aa1c0288c915f990ae611fd5dffa00d52215409d23794ccbcc6,documentation,current,navigation
docs/registries/historical_method_registry.json,11048,26014170e378183be0d35b3b17c33c1764c8a3fb6ef38b41ec573099085ce2b7,documentation,current,navigation
docs/registries/question_routes.json,4144,c1f98790dd991e058b03ac345f4644df5a76e7bae490cfceecc988ec5d627906,documentation,current,navigation
docs/registries/results_registry.json,2955,e2b71a5bd37ce822be9791d99a53236552ec10dff06b8f3537e6ef4601d59fd8,documentation,current,navigation
docs/templates/IEEE_TON模板/IEEEtran.cls,288451,b0eb3567b81aec7fe98144a3ad283eeac2d31035bb19e0d9dcba7da190f18d9d,documentation,current,navigation
docs/templates/IEEE_TON模板/New_IEEEtran_how-to.pdf,252730,3ad40a6f9f6b8ac10baa9dcd3cda9d6e83dae8577d950c09fa73a5d97146ff43,documentation,current,navigation
docs/templates/IEEE_TON模板/New_IEEEtran_how-to.tex,33827,417b40378ec1c1124918f000eab2f9a27f9cc37d576ef17b77d78347e00c0cd3,documentation,current,navigation
docs/templates/IEEE_TON模板/bare_jrnl_new_sample4.pdf,235172,30c9326f0f9e3a65f62d87c748add8c8c7600cc0cc13e44d4f05098c669f64c5,documentation,current,navigation
docs/templates/IEEE_TON模板/bare_jrnl_new_sample4.tex,26316,a1225c6ddb0c828596fad8285d4344a654e1597d62e757d0109b07e4f579e4fc,documentation,current,navigation
docs/templates/IEEE_TON模板/fig1.png,37986,966fa8e10adb05f5bc7bc32e6debc68be14e2c4cb5c7a6784cac4324472d6c8e,documentation,current,navigation
docs/templates/audit_table_numbers.py,1624,b9e18aeab863a723e2dda7da810862985216c45d1933f2e2cbbe6cc521f9b5a6,documentation,current,navigation
docs/templates/audit_tables.py,2297,32907b58ea243514cd8883c9c134d444edf04901a99fcb3709a22cf0449e2100,documentation,current,navigation
findings.md,111272,f991b3d73b0072227b5f8ff913c01309b319e7eb10f79d74929641c82646f778,project_file,support,support
paper/README.md,271,0245bfb2800a5c9b40295c46cb62f95fef350a5e9ce6da20f97a92f33fbf4931,project_file,support,support
paper/archive/pi_jwm_ton_draft_zh/IEEEtran.cls,288451,b0eb3567b81aec7fe98144a3ad283eeac2d31035bb19e0d9dcba7da190f18d9d,project_file,support,support
paper/archive/pi_jwm_ton_draft_zh/pi_jwm_ton_draft_zh.pdf,511241,89dcc596307ceea425f5d4e3b1c7f684a2c725c004a6dc03a06b932955e9f0de,project_file,support,support
paper/archive/pi_jwm_ton_draft_zh/pi_jwm_ton_draft_zh.tex,46481,8c29b2037ea09841ce6d505d9c4870383bddde4d57a3e44f46a3da9861a0f0f7,project_file,support,support
progress.md,108505,6366854232cced6c6bd9c2493bc011968064dd05e13a89c54c436cc2354ccc94,project_file,support,support
pyproject.toml,590,6174f2145d850c1d6a5a0a206062ccf1461895d7da89da6a18da243e795f17fb,project_file,support,support
task_plan.md,123135,abb8443e0bca2ae02218ff6c9c65e7368d5b9e9097224e71620612245341985b,project_file,support,support
记录/8.12之后推进.md,137317,7d1ab608a4320dfb254e41e56e7c4436643f52c90b327930947c4237b2bd1b9c,governance,current,authority
记录/P3方法适配与多源数据方案_20260826.json,6040,b0198b39df6d7c8df9a44e2e6d5143f8ed9aef620b8da6606a86fbf5af375c23,research_record,support,record
记录/PIJWM主文档.md,177733,2fe828386a1c8b379b9802420931fefb3bef9219a416c8b9c15eedbbf914d87f,governance,current,authority
记录/README.md,1156,8fc3af41ad66a246e34b4324138910ab25c6c6aa71bb82471279e758b297ee38,research_record,support,record
记录/双约束门矩阵_20260826.json,3019,27f425e7eedcccc30cfa6e4744a32e0258ec818fe53df4eacb3746067595a8c0,governance,current,authority
记录/实施计划/2026-08-16-仓库顶层目录重构实施计划.md,20156,1721f7febce0535d8bc4e0a5cf50f5efa1164b25578672775605db29ba41a808,research_record,support,record
记录/实施计划/2026-08-19-P2-C场景冻结与正式数据门实施计划.md,4651,979788677fafbd59855b2dcb60254c5650df930fc2bb3f3413f62653a52ba131,research_record,support,record
记录/实施计划/2026-08-30-P4严格收口实施计划.md,23860,16fca3b92d90fd380d6961bc51fd288293f05a0b77d38fae96b46792ee4ca175,research_record,support,record
记录/实施计划/2026-08-31-P4-link-score-threshold方法级一致性决策计划.md,20042,52049b80241dd702d8246edbd75572952bbadbb3f289e9356e903994ca5ebf71,research_record,support,record
记录/实施计划/2026-08-31-P4-link事件概率校准边界实施计划.md,21389,fc1ded813fafd55f9c57659d99efecf8c5aa3d7b45c5b031475769e02287a3c1,research_record,support,record
记录/实施计划/2026-09-04-P4-link低召回edge-GRU单次因果核验实施计划.md,8165,32c4294a7260be0bd03d94f946938966f22342ebf34a79dc018a20ce176c7114,research_record,support,record
记录/实施计划/2026-09-05-P4-edge-GRU接口只读追踪实施计划.md,9469,4e27b711ed3666ec5a476cd05ec06d835a7eefa9bf681abdb8ec13933f5eecfb,research_record,support,record
记录/实施计划/2026-09-05-P4-link-activity持久性残差状态转移实施计划.md,3076,cf7c1709000d6d04d207b4debc5b4ed195f412f8ef5e88901bc846f5dcf93dbb,research_record,support,record
记录/实施计划/2026-09-06-P4第一性原理实体级RSSM收口实施计划.md,2514,1ede4b5c31e48724a332f05673d522f1221f139e1638e6783b70eff58127c490,research_record,support,record
记录/工作日志/findings.md,263585,3b11b3a9236b44175d73d85ab73f9bd04c5f96e7c58afc5469d46cf11184c27f,research_record,support,record
记录/工作日志/progress.md,113133,ec94af1947e73e1e9c0e5d26d7d47d2745163899a7a7c4d50194df549a263df1,research_record,support,record
记录/工作日志/task_plan.md,98139,73bbbaa667f00972acddf563403813923e86654fa12cb4dac522f416f0f57dd5,research_record,support,record
记录/接续记录/新对话接续说明_20260728.md,13061,7426b05d678e0d6d1b23869f01b98dbf8df6d0f2b0e30143b7c233ace7ae8b41,research_record,support,record
记录/接续记录/新对话接续说明_20260811.md,25128,d396376da4697a8d69a5b531007b86093ea2ceff9a5a9bd8faf1929bc8b10650,research_record,support,record
记录/接续记录/新对话接续说明_20260815.md,30004,04b160d54307e716df0d9adf8fbe4b666fe4353c3534884852012ff75da3544f,research_record,support,record
记录/文件树与证据分层_20260826.md,6978,e3a920c5f75f14587417cfa95773b2528b66fcad3ddbdcaa009250d82435c15b,research_record,support,record
记录/本地计划表.md,187060,2fa17d6ba018e8c9de5ec73d2d11fecb040f5cdfc889f0cbdc4848e7cf51609b,governance,current,authority
记录/研究进展/2026-07-31-AirFogSim双图v2张量与训练Smoke设计.md,6762,480a17aa8740fd6cae76aad41640edcbc3d035ed3a53f67c9c4a7308d1022455,research_record,support,record
记录/研究进展/2026-08-01-AirFogSim双图v2张量与训练Smoke实施计划.md,17936,0140bf730980d6f05252a661afb43a41c7d28456d03147dbbcd891cd1b745e0c,research_record,support,record
记录/研究进展/2026-08-01-AirFogSim稀疏事件诊断v2实施计划.md,16492,192abde354811de2ded0bf7cb9acbbef31436779105d8e496666cd9bade55f72,research_record,support,record
记录/研究进展/2026-08-01-AirFogSim稀疏事件诊断v2设计.md,4603,880555f19d84b5f751bafaef2b57acf22d8127bdff311dc34c470797200a4bab,research_record,support,record
记录/研究进展/2026-08-01-PI-JWM正式AirFogSim数据集v1实施计划.md,20798,87592fa51c256f6995d78442a861fb91ad5194320c8288ade0d835d13c1570cf,research_record,support,record
记录/研究进展/2026-08-01-PI-JWM正式AirFogSim数据集v1设计.md,8145,ab8214056fda0959b8d7c188006846d934be935a495c8ddcbde372407ca40bab,research_record,support,record
记录/研究进展/2026-08-02-PI-JWM有向动态双图世界模型v2实施计划.md,10276,084e40b352d20d36b51a2540cb681b5d1ae86d27e1d197cd75c91ec770e71871,research_record,support,record
记录/研究进展/2026-08-02-PI-JWM有向动态双图世界模型v2设计.md,6963,e801da48fe41c11a3f11c1342f466908b86b732bd2fa730c140c7234b7a2c777,research_record,support,record
记录/研究进展/2026-08-02-PI-JWM正式双图GPU训练实施计划.md,2496,92270fa6757795614e0c3b3dec34d094dc1fdf8c94295ff6fd03d80963161a1c,research_record,support,record
记录/研究进展/2026-08-02-PI-JWM正式双图GPU训练结果.md,3575,956913ad76d0049fbdff37a5294c376c6231912e509b76d8da3660cc13d74ef4,research_record,support,record
记录/研究进展/2026-08-02-PI-JWM正式双图GPU训练设计.md,2064,a4572907020147ba7f54eb425ded854dfb573ca6f7a5d30dade3564be3ec3a26,research_record,support,record
记录/研究进展/2026-08-02-PI-JWM正式双图模型CPU闭环实施计划.md,17587,4ebc95b8aba9622dd1ecce65b28764da604bfae3dbd3c68075aec0c7fbc6db07,research_record,support,record
记录/研究进展/2026-08-02-PI-JWM正式双图模型CPU闭环设计.md,11149,b383b5905db9206adb17b0500f94e14d4b02cf80b04f1d6e789f6a2283a46cfd,research_record,support,record
记录/研究进展/2026-08-02-PI-JWM系统指标增强与残差GPU训练实施计划.md,11967,aba61bc4d166016ad955eba1515b21381108a8ba1542e5129a2484ffeb76d5bc,research_record,support,record
记录/研究进展/2026-08-02-PI-JWM系统指标增强与残差GPU训练设计.md,6414,018a502a9ce4fb0437e2451529cc8ddbdfe93f9018846452443ee51b1e0cc001,research_record,support,record
记录/研究进展/2026-08-03-PI-JWM-DG-Contract-v3-R1实施计划.md,4072,6325902e79dd38e5be9b2282992dca81016ab6731e7cbad8efadb51993482053,research_record,support,record
记录/研究进展/2026-08-03-PI-JWM-DG-Contract-v3-R1设计.md,3326,f4e0bb9b4d79b4f26c45ba2894b05993c201860b591ac20ac325f88680050b00,research_record,support,record
记录/研究进展/2026-08-03-PI-JWM-R2评价协议冻结实施计划.md,4501,07e6fd26ed9f27842caf4a613bf3b189847aacba51ecf603dac3b8f414b0668a,research_record,support,record
记录/研究进展/2026-08-03-PI-JWM-R2评价协议冻结设计.md,8373,9d849db0cb6199a2089386ec688ae279ecdd573816eb5cc2f069d43f2a98bcd9,research_record,support,record
记录/研究进展/2026-08-04-PI-JWM-R3新语义CPU预检实施计划.md,17345,fc39d1af0568e28f963426c59edf38251b3f914cea5c09e60ae51d3cc07258f8,research_record,support,record
记录/研究进展/2026-08-04-PI-JWM-R3新语义CPU预检设计.md,11394,61d81168473f81227d59adbe853468770b341f26956381218722f6e34339dc53,research_record,support,record
记录/研究进展/2026-08-04-PI-JWM-R3正确性与文献审计.md,5979,520a9596f554bdad72238728d2e2e3feaa5c36b53dbd9733ef3889c601d5160c,research_record,support,record
记录/研究进展/2026-08-04-PI-JWM-R4-GPU模块筛选结果.md,3582,7ad0ca11c1c33ec4bbfc53a9c8239e1662306a6286b34d5c4b185908a4cbc79c,research_record,support,record
记录/研究进展/2026-08-04-PI-JWM-R4候选方法文献调研与实验门.md,16501,684b063a7c5de5b8e08e06fa4dcf55a311b1ce25ad6a6d04b2af33603ef0f676,research_record,support,record
记录/研究进展/2026-08-04-PI-JWM-R4模块筛选CPU准备设计.md,9703,42a49a8cc80d385b37a1db42f435fcf74ea4c11550d27420f5e243a3f4d8b58f,research_record,support,record
记录/研究进展/2026-08-05-PI-JWM-R5-CPU组合预检实施计划.md,1965,f55e568c807daad84154fac19234d6b9a27435719f6d468f0cd9e551d16ac5a4,research_record,support,record
记录/研究进展/2026-08-05-PI-JWM-R5-CPU组合预检结果.md,2767,be552fb2a21a852569419aaa47c646abc445c40977346a179d00bef73151fee4,research_record,support,record
记录/研究进展/2026-08-05-PI-JWM-R5-CPU组合预检设计.md,3571,659d04def35b0d92449cd029a225771716d6de3861ae8c632e7392436e22ce89,research_record,support,record
记录/研究进展/2026-08-05-PI-JWM-R5-GPU正式训练实施计划.md,4289,9087336aac42768aa75869825eb35859cc06ac8e1c9c75aa7896ccfa75b09cc5,research_record,support,record
记录/研究进展/2026-08-05-PI-JWM-R5-GPU正式训练设计.md,3686,90ffe541eb5808e360bcc135d557e86cd9dba39774b3257639124a7dcac09f9a,research_record,support,record
记录/研究进展/2026-08-06-PI-JWM-R5多seed统计与方法分析.md,9465,6f2e2a5c7b88279141bd3a283f0eba15d8eae797d994fe4fb39174fb6b4464c3,research_record,support,record
记录/研究进展/2026-08-07-PI-JWM-R5.1本地统计与R6候选冻结实施计划.md,3668,b9edf8ac42b9e33a10c31d9fa19acf4d6c1574f729e67b3f337ddd5020ddb8d5,research_record,support,record
记录/研究进展/2026-08-07-PI-JWM-R5.1本地统计与R6候选冻结设计.md,3745,bf2f7e375ab053130719690f4ed141477588e6b49922bcea6cb50dfd45193c53,research_record,support,record
记录/研究进展/2026-08-07-PI-JWM-R5.1本地统计与候选冻结结果.md,5633,9075a270aeab15ed4c2a6e8b84ae8845b2afb100edd7a527d0d7aa29bc8a3c2f,research_record,support,record
记录/研究进展/2026-08-07-PI-JWM-R6-CPU配对闭环设计.md,2571,e753c67988a55bcb8b34165e531c5d056a7e8b2abd86ba4ce5633a1aa311d4ac,research_record,support,record
记录/研究进展/2026-08-07-PI-JWM-R6-CPU预检实施计划.md,995,41d3c60f9ff92c67804467a6b00b3ebe14bcd800acdc8d915ac59c20188744b1,research_record,support,record
记录/研究进展/2026-08-07-PI-JWM-R6-CPU预检结果.md,4705,da4b9d7874308e7bb6f6909618e9d7579e98be9cae583b87501113f4d1d7b771,research_record,support,record
记录/研究进展/2026-08-07-PI-JWM-R6-CPU预检设计.md,1987,3114e97f6572c65c42a77643d6cae5b5a2f16ca0e2a5d644388cb0680fdf6199,research_record,support,record
记录/研究进展/2026-08-08-PI-JWM-R6-CPU配对闭环结果.md,3647,f22b8e53de577afabfd472eabd45e780fb7886625bcc47c2173abac43d7af924,research_record,support,record
记录/研究进展/2026-08-08-PI-JWM-R6学习策略CPU预检结果.md,5991,e5b989bf5dc582bd2feb5ddb443e40741fcc5235a0023b48ac124919f8b94f53,research_record,support,record
记录/研究进展/2026-08-08-PI-JWM-R6联合策略GPU训练前预检结果.md,7956,69140360a58910962b700370d55bb0aa807f070dc41cd6714a00a31eb86b9f91,research_record,support,record
记录/研究进展/2026-08-09-PI-JWM-R6-10k门控分析结果.md,6181,3e57ccb341be98f45ca8ebd8f7b8b3aa50ac93ab022eca97d19628ea94ebc3da,research_record,support,record
记录/研究进展/2026-08-09-PI-JWM-R6-10k门控分析设计.md,1843,5675da8f3fc65f621d087b0e49b78f57a33a51cb3e30512e8ca7673de54939eb,research_record,support,record
记录/研究进展/2026-08-12-PI-JWM-v4信息边均衡协议设计.md,23465,1f26db031a2cd73d9db0a4a55c5d0563312030ece5f47cea2d186667aed3d7b4,research_record,support,record
记录/研究进展/2026-08-13-PI-JWM-P1-A-CPU动作边界冻结设计.md,9255,46bf1b039f5d653e5170f32b31480c370ec0bcdd611a72226c8bab52ba7e762f,research_record,support,record
记录/研究进展/2026-08-13-PI-JWM-P1-MVS实施计划.md,41469,d18086dd3a7ec17da26c16124be5a8fc91efe651aa59feea9167b1f3f878ab81,research_record,support,record
记录/研究进展/2026-08-13-PI-JWM-v4全双图采集器设计.md,26051,6012dfe3f92f244ed691dfd495b1c03bd3f92c2b8f1389c13fe5981d5c895372,research_record,support,record
记录/研究进展/2026-08-14-PI-JWM-P2-C正式数据规模与分布审计.md,7120,266891c951217aaa6707a865c836c324ed1b8ce7ddc515d86324b83b86295a74,research_record,support,record
记录/研究进展/2026-08-14-PI-JWM-P2联合动作Attempt-Reject-Ledger-v1实施与证据.md,5457,25b2690d5bb0a2dcba1884db21156cbf0d8aff35752bc84ffbfc2d153f65aeb2,research_record,support,record
记录/研究进展/2026-08-19-PI-JWM-P2-C场景冻结候选与正式入口审计.md,3172,ec9bcba39c9ddd07bb091784e849bde54792f390dfaa474ee147ea156de65b31,research_record,support,record
记录/研究进展/2026-09-05-完整RSSM论文对照与实现审计.md,7117,b19e93780bee16797b71b6849b02ab7b8abf1f3e40f9526a50864ecaf536b02c,research_record,support,record
记录/研究进展/2026-09-05-项目现状与主线推进评估.md,15206,c50c1aba864ec983f34e0c84925884e89282429957dcfd26f225d2de268b385b,research_record,support,record
记录/研究进展/2026-09-06-P4-node-x-RSSM修正诊断与单变量候选.md,4835,10762b623eb4dad33de3c8652640e18cd37859c881d89bdaa4c6f6aaac3fea09,research_record,support,record
记录/研究进展/2026-09-06-P4相关文献对照与图结构RSSM路线判断.md,9250,d86bee2e35b9da9b9ce5f4e1afbe8239301040df53361f3a629bf37c18040269,research_record,support,record
记录/研究进展/2026-09-06-P4长期停滞系统性根因复盘.md,4345,fdc745574b6d423f4f16c9818ad0142b129678f5f88683598600f170fa78698c,research_record,support,record
记录/研究进展/PI-JWM历史研究进展.tex,45828,f937989a0c3c8b1885238376632314cdc1b376a7b1a804bdadc7043d1ec986d7,research_record,support,record
记录/研究进展/figs/pi_jwm_horizon_family_task_effect_per_step.png,164099,b97838cb6c3ea8ed16bfef92ccdae08071878353e77c91136e0e5822ab0307c6,research_record,support,record
记录/研究进展/figs/pi_jwm_horizon_nontrivial_ratio.png,55057,0f67ee9fe307beda577ae28160327588450766b5ead8df962a5dbd488cedc1ab,research_record,support,record
记录/研究进展/figs/v6_dual_graph_ablation.png,93695,6e443ee90cba0c8a078bc6253f849e58d24af7b20da19425edfdfb74acb5b899,research_record,support,record
记录/研究进展/figs/v7_active_rate_specialist_comparison.png,83233,853bd91e0397050d598b948cd9c1e22dddf3940948eb791c9536f2fd95924684,research_record,support,record
记录/研究进展/figs/v7_fusion_full80_comparison.png,223892,ec46ebf7298a381207e82211b6085bb601a1dcd56fe8665274fdb4d4dc3d30f5,research_record,support,record
记录/研究进展/figs/v7_rate_optimization_summary.png,144288,60c0f9cd194194bf8a6108ec7ff3d44689a5b942fc88b7b80487b2a4154d4206,research_record,support,record
记录/研究进展/归档/方法设计/2026-07-18-PI-JWM-schema-v6局部Edge-Step交互实施计划.md,7940,949039e6806317a169dd26b51f2ea09a1b868eca428ddfb4db99db6993bba8d9,research_record,historical,record
记录/研究进展/归档/方法设计/2026-07-18-PI-JWM-schema-v6局部Edge-Step交互设计.md,8591,0617a55251d0ba2340fa640551c8404f89f36dc0499748b71ffb856ade5ddcb5,research_record,historical,record
记录/研究进展/归档/方法设计/2026-07-18-PI-JWM两阶段目标对齐Selector实施计划.md,25435,7ad421506976fcd6f93b95487b36d44a81cae19f9541a5b68ccd2ccd009f9e43,research_record,historical,record
记录/研究进展/归档/方法设计/2026-07-18-PI-JWM两阶段目标对齐Selector设计.md,9104,b2f1a1c83b508470abbae224bea662b7b29877896f4defd22bb21b11d7ff7cef,research_record,historical,record
记录/研究进展/归档/方法设计/2026-07-18-PI-JWM候选收益可辨识性审计实施计划.md,11113,632d19bac15717eff06ec130bf9ea3cec91cb627cc6338aa9e992c5ade6f7c1c,research_record,historical,record
记录/研究进展/归档/方法设计/2026-07-18-PI-JWM候选收益可辨识性审计设计.md,9418,7a53318b231143dfa2309b48edd9e14e24489ca101f2a7e759f08871631956ce,research_record,historical,record
记录/研究进展/归档/方法设计/2026-07-19-PI-JWM-selector-helper按Seed交叉拟合实施计划.md,53290,c0a8da3fe696149f5335fe5e5bcd84fda6a88b0c658bc69ca1c94cae15fc598a,research_record,historical,record
记录/研究进展/归档/方法设计/2026-07-19-PI-JWM-selector-helper按Seed交叉拟合设计.md,13484,d740388ceda46b5393407b9529a6494fd8e8195de1db67d0e58c2323a9af2a82,research_record,historical,record
记录/研究进展/归档/方法设计/PI-JWM时序可执行候选协议实施计划_20260719.md,4865,e78ad57eb6321d627bdf9750e1aa9e5e9e71f9bfa032505dc8550f2905ecb216,research_record,historical,record
记录/研究进展/归档/方法设计/PI-JWM时序可执行候选协议设计_20260719.md,4432,8884d7757c513e531fb5dee36459314f51df36a5217ffbc0a4fa9a8e11007da8,research_record,historical,record
记录/研究进展/归档/方法设计/PI-JWM物理收益桥实施计划_20260719.md,18738,c7143fb419798e713366bf59b6f8eae0e813a27108dd20382d3ac92cc875659b,research_record,historical,record
记录/研究进展/归档/方法设计/PI-JWM物理收益桥设计_20260719.md,8905,b275183c11e780644ddd233b645f33f9a668c9aa601c3d426e3ff710c719a1c2,research_record,historical,record
记录/研究进展/归档/旧版主文档/research_progress_overview.pdf,436101,8ccc057b499817dc92c549769be22d8edff31c7c1f82b5da28fe7234796a56a0,research_record,historical,record
记录/研究进展/归档/旧版主文档/research_progress_overview.tex,45689,fd186ceec65d5fd6f083299cba06a0f8bfa89ee18bc58862ccd7792b100d148c,research_record,historical,record
记录/研究进展/归档/旧版主文档/research_progress_update_rules.md,3968,928a1456cfaa95da5f769e4c9e928344387e08ac17ce5693e95bfa0cb336477f,research_record,historical,record
记录/设计/2026-08-15-仓库顶层目录重构设计.md,9869,4307fe31f1484f524d6a85dd0be5d347c25042895d954cef95312a74b9e70c2f,research_record,support,record
记录/设计/2026-08-26-P3方法理论适配与多源数据方案.md,8233,4b7af294ef42b0c3267d3368feb2014e17c326403a62bf78bc78559be23a9a4c,research_record,support,record
记录/设计/2026-08-30-P4物理边规则反馈GRU输入设计.md,4827,4b7314f8f8d1da596d1b197a9bea50983a491e8a29ac2d07718fdea7d47d5b9c,research_record,support,record
记录/设计/2026-08-31-P4-link-score-threshold方法级一致性决策.md,11965,a3726744151faf40152f58dae911850e716e2621cba5c075c7b7e96c27d9f7c4,research_record,support,record
记录/设计/2026-08-31-P4-link事件概率校准边界设计.md,9326,8748ffecc3da77a486cb5f2425bdd01cdbd80260fb653598640e2e15087a43f0,research_record,support,record
记录/设计/2026-09-04-P4-link低召回edge-GRU单次因果核验设计.md,7538,56d2fc2eb32de691b7535025dd5f8c6cd32b0f18a671e128dd0f018a6a873c3f,research_record,support,record
记录/设计/2026-09-05-P4-edge-GRU接口只读追踪设计.md,7124,5499e5c9041f8131d89e408cd49e90190b3bf443b080a4e3e012dfd49e3111cd,research_record,support,record
记录/设计/2026-09-05-P4-link-activity持久性残差状态转移设计.md,3777,47a6cd318a40d5638b3e9eaea1863547379d7e9b15bb1803b5b1376b34f56ec3,research_record,support,record
记录/迁移/2026-08-16-仓库目录迁移映射.json,7301921,27893d5b3d9e8e005525ac592806d66923291c6b3a226e5dd0633ee786658274,research_record,support,record
记录/迁移/2026-08-16-仓库目录迁移验收.md,3096,d8a8807aef7906798c65c9fa4ec36dadf234215f4e0e9fd5b02655157faab445,research_record,support,record
记录/迁移/2026-08-16-迁移内容变更.json,1863,1f8c5b1f845ea78257f95205a83324e9acf33013606d3c219d0715ba37bc4c56,research_record,support,record
记录/迁移/2026-08-16-迁移前文件校验.json,364,43c6217f0980b6448ee973307e7509f0c128713bea786b9807a8cf03feff3e06,research_record,support,record
记录/迁移/2026-08-16-迁移前证据门.json,1175,a1d90e28e3fe29398219e2ab6790600af4793a859fec18cc9d3d9b859b81ef20,research_record,support,record
记录/迁移/2026-08-16-迁移后文件校验.json,236,55793b3dad9d2768d1b158d1fdc543c012b6ec491950dc7b540af6f3e96b7325,research_record,support,record
记录/迁移/2026-08-16-迁移后证据门.json,4821,2a35f1d2d81d0cc5de16995e68f9bbfc0f7afc163a6ac6c14f95be4df39971f7,research_record,support,record
记录/迁移/2026-08-16-迁移源变更.json,9883,9ad83afd4dae63cdc70e2832e777cbf002dd3708b30812cc7f3fedd2c89cb08d,research_record,support,record
记录/迁移/2026-08-16-迁移证据门差分.json,1421,33bfd7a4b6b7b4449bc18074373777b5ce8603c1a3718a5f9435694e24500ac3,research_record,support,record
